,SP500_Return,VIX,Yield_Spread,Regime_HMM,Regime_label
0,0.3773386114285,-1.044307021076964,0.6564558657475847,2,Transitional
1,-0.0778352416435807,-1.0516666039958753,0.6890111809021402,2,Transitional
2,0.2840147919558456,-1.1927266023642409,0.6456040940293996,2,Transitional
3,-0.8365808258019859,-0.5413976651175069,0.5587899202839177,2,Transitional
4,-0.0287265269912897,-0.638299698058558,0.4719757465384358,2,Transitional
5,-0.2808941803666188,-0.6088611324259894,0.5587899202839177,2,Transitional
6,-0.2047921569066874,-0.5965950049231884,0.5262346051293619,2,Transitional
7,-0.1794778769179966,-0.4494020597818838,0.5370863768475472,2,Transitional
8,0.0897273035806404,-0.5880087858583045,0.5479381485657324,2,Transitional
9,0.3463463558761308,-0.7781330602809509,0.4936792899748062,2,Transitional
10,-0.9918058067716312,-0.7352017309996093,0.5479381485657324,2,Transitional
11,-1.413020864165868,0.096438625458915,0.6021970071566586,2,Transitional
12,0.0619297282204874,-0.3365541078785761,0.5479381485657324,2,Transitional
13,-0.1464775927330441,-0.4518553320738286,0.4936792899748062,2,Transitional
14,0.0729050150496375,-0.5794225667934207,0.330902714202028,2,Transitional
15,0.2406628494918984,-0.7229356034968082,0.3526062576383985,2,Transitional
16,-0.3456818656004494,-0.5622500116851914,0.2440885404565461,2,Transitional
17,-0.4025551859620756,-0.6284868428477017,0.2549403121747313,2,Transitional
18,0.9305622551063016,-0.8431432552974888,0.2332367687383608,2,Transitional
19,0.1572358970944986,-0.8799415208274303,0.1572743667110642,2,Transitional
20,0.19116116340035,-0.9167397863573716,0.146422594992879,2,Transitional
21,-0.1927240563617976,-0.8554093828002898,0.1898296818656199,2,Transitional
22,-0.0811275546621596,-0.902020386562626,0.2766438556111018,2,Transitional
23,-1.4977912338397368,-0.361086362884178,0.1681261384292494,2,Transitional
24,0.2550710577487241,-0.6505658255613589,0.1572743667110642,2,Transitional
25,0.2480653461116095,-0.7854926431998626,0.1789779101474347,2,Transitional
26,0.3606746650609567,-1.0283611021147072,0.2223849970201756,2,Transitional
27,-0.1570166465830551,-1.0357206850336187,0.146422594992879,2,Transitional
28,0.4061411881759105,-1.0467601763904473,0.1355708232746937,2,Transitional
29,-0.1670151409489961,-0.8983405951031703,0.1030155081201383,2,Transitional
30,0.3752413575657747,-1.0516666039958753,0.0487566495292121,2,Transitional
31,0.0942070031525978,-0.8382368276920604,0.0379048778110269,2,Transitional
32,0.8316690689001367,-0.9167397863573716,0.0270531060928416,2,Transitional
33,-0.3073027086954145,-1.0136418192984231,0.0379048778110269,2,Transitional
34,-0.3087748866715635,-0.8026651983080916,0.092163736401953,2,Transitional
35,0.2037641488054581,-0.8419166191515164,0.1030155081201383,2,Transitional
36,-1.0850116366982652,-0.6297134789936741,0.0487566495292121,2,Transitional
37,0.2113338325737545,-0.6603786807722152,-0.005502209061714,2,Transitional
38,-0.7471445257690674,-0.5818757221069043,0.0487566495292121,2,Transitional
39,1.1918252062145032,-0.7781330602809509,0.0379048778110269,2,Transitional
40,-0.4341367769085097,-0.4604415511387124,0.0053495626564711,2,Transitional
41,0.7212617475588136,-0.626033570555757,-0.005502209061714,2,Transitional
42,-1.0766836313717412,-0.3574064544462609,-0.0163539807798992,2,Transitional
43,-0.0550223961576611,-0.3880716562248019,-0.0923163828071958,2,Transitional
44,-0.1400789845380282,-0.4494020597818838,-0.2442411868617889,2,Transitional
45,-0.8923193230051505,-0.2727704320295493,-0.4287213060709378,1,Calm
46,0.0309666355198525,-0.3819387094518627,-0.6891638273073832,1,Calm
47,-0.6438205740879356,-0.4444955151979944,-0.8085333162074206,1,Calm
48,1.020042247051326,-0.8431432552974888,-0.8519404030801616,1,Calm
49,0.0314597522707346,-0.9621242709521968,-0.9713098919801992,1,Calm
50,-0.1116836960543617,-0.7928523430972354,-0.9279028051074582,1,Calm
51,0.0654946930754211,-0.8014385621621192,-0.8410886313619764,1,Calm
52,0.4109293956636479,-1.0504399678499028,-0.7651262293346798,1,Calm
53,-0.1670422042193181,-0.9216462139628,-0.7434226858983093,1,Calm
54,0.4349330921807662,-1.032040893574163,-0.6891638273073832,1,Calm
55,0.6586600107739586,-1.0651593676446487,-0.7108673707437537,1,Calm
56,0.1808066833922917,-1.0283611021147072,-0.775978001052865,1,Calm
57,-0.0174974815848955,-0.975616917622509,-0.7000155990255684,1,Calm
58,0.4622664667783085,-1.0823318057744162,-0.6132014252800867,1,Calm
59,-0.289841704897197,-1.0075087555470223,-0.580646110125531,1,Calm
60,0.2907969025650208,-0.8934341674977422,-0.6566085121528276,1,Calm
61,0.438333913739255,-0.9645774262656804,-0.6240531969982719,1,Calm
62,0.3911151233014396,-1.0394005934715358,-0.6023496535619015,1,Calm
63,-0.0827563318103629,-0.7719999965295505,-0.6566085121528276,1,Calm
64,0.4076911478480205,-0.8357835554001157,-0.5914978818437162,1,Calm
65,0.1675680051767395,-1.0038289640875666,-0.5263872515346049,1,Calm
66,-0.1214316216371005,-0.957217843346769,-0.4721283929436787,1,Calm
67,0.4415566976896401,-0.9707104900170808,-0.580646110125531,1,Calm
68,0.3711530383857379,-0.932685588341167,-0.5155354798164196,1,Calm
69,0.3682537463746408,-0.9596709986602524,-0.580646110125531,1,Calm
70,-0.5648406756216132,-0.840689983005544,-0.6349049687164572,1,Calm
71,0.2924807201691828,-0.9155131502113992,-0.6240531969982719,1,Calm
72,0.6326317687570663,-0.8198377534163206,-0.4829801646618639,1,Calm
73,-0.417755579367158,-0.8468230467569445,-0.6674602838710127,1,Calm
74,0.8598357612053145,-1.0933712971312448,-0.6132014252800867,1,Calm
75,0.6888160944585681,-1.0479868125364196,-0.6349049687164572,1,Calm
76,-0.4361552427044439,-1.016094974611906,-0.6349049687164572,1,Calm
77,0.811648913403923,-0.9682572177251362,-0.5480907949709752,1,Calm
78,0.1995553941394825,-0.9302324330276834,-0.6023496535619015,1,Calm
79,-0.5270572462130148,-0.8946608036437146,-0.4612766212254935,1,Calm
80,0.6284390672176408,-0.795305498410719,-0.4721283929436787,1,Calm
81,-0.3554733660776266,-0.791625706951263,-0.4504248495073082,1,Calm
82,-0.3456604612877361,-0.829650608627177,-0.5046837080982344,1,Calm
83,0.2430651491415522,-0.936365496779084,-0.6132014252800867,1,Calm
84,0.004482258737613,-0.8995672312491424,-0.5697943384073457,1,Calm
85,0.2139665351262146,-1.0271344659687347,-0.6132014252800867,1,Calm
86,0.5821077516782345,-1.0430803849309915,-0.6674602838710127,1,Calm
87,0.702200681130685,-0.9915628365847654,-0.6566085121528276,1,Calm
88,-0.1762996341312903,-0.883621312286886,-0.6566085121528276,1,Calm
89,0.1288128772926937,-0.8492763190488892,-0.7217191424619388,1,Calm
90,-0.1973852281056509,-0.6971769463021567,-0.732570914180124,1,Calm
91,0.0811854761948035,-0.7352017309996093,-0.7651262293346798,1,Calm
92,0.1476333923906196,-0.760960505172722,-0.7434226858983093,1,Calm
93,-0.6112467402554376,-0.6174473514908732,-0.6457567404346424,1,Calm
94,0.7070483649645982,-0.9081534503140264,-0.6023496535619015,1,Calm
95,0.0890062849246823,-0.8210642725838316,-0.5697943384073457,1,Calm
96,0.4484270385451124,-0.8799415208274303,-0.5914978818437162,1,Calm
97,-0.0681805771424582,-0.9559912072007966,-0.6349049687164572,1,Calm
98,0.4191427741846316,-1.049213448682392,-0.6674602838710127,1,Calm
99,0.6480465534481417,-1.0479868125364196,-0.7217191424619388,1,Calm
100,-0.1377091723135685,-1.0087353916929946,-0.6674602838710127,1,Calm
101,-0.3569236771196967,-1.0001490556496495,-0.6240531969982719,1,Calm
102,0.2068294651357126,-0.8762616123895132,-0.6566085121528276,1,Calm
103,-0.0089409870446763,-0.7462412223564374,-0.5589425666891605,1,Calm
104,-1.072794814248177,-0.6665117445236156,-0.4612766212254935,1,Calm
105,0.6216548695353441,-0.8541827466543174,-0.53723902325279,1,Calm
106,0.5952580316384953,-0.9400452882385398,-0.4721283929436787,1,Calm
107,0.874161269593861,-0.7891725516377797,-0.2659447302981594,1,Calm
108,1.2529883447321968,-0.6174473514908732,-0.2116858717072332,1,Calm
109,-0.5933550317696695,-0.5266783823012225,-0.1574270131163072,1,Calm
110,0.6411938464138627,-0.5990482772151331,-0.1791305565526776,1,Calm
111,-0.9948219871159304,-0.361086362884178,-0.2985000454527151,1,Calm
112,-0.7649198373293439,0.127103827237456,-0.3527589040436412,1,Calm
113,0.453215644567304,-0.3831651116409124,-0.4504248495073082,1,Calm
114,0.5270674022329769,-0.3206083058947808,-0.4612766212254935,1,Calm
115,-0.3880390110217382,-0.0961390382341375,-0.4938319363800491,1,Calm
116,0.5972286483416358,-0.4273230770682267,-0.5697943384073457,1,Calm
117,-1.286859676007006,-0.2801302489053835,-0.4829801646618639,1,Calm
118,0.4782157545151707,-0.5573435840797636,-0.4612766212254935,1,Calm
119,0.4731693868399035,-0.6027280686745888,-0.4178695343527526,1,Calm
120,-0.8168845067015665,-0.3635394012192,-0.3310553606072708,1,Calm
121,0.6075140893102213,-0.4972398166686539,-0.3202035888890856,1,Calm
122,0.991983809417453,-0.5561169479337912,-0.4287213060709378,1,Calm
123,0.5280621008421225,-0.5058260357335378,-0.4178695343527526,1,Calm
124,-0.6376489873132881,-0.440815840717,-0.4612766212254935,1,Calm
125,0.1968921113947807,-0.4371359322790829,-0.5155354798164196,1,Calm
126,-0.5220785482853335,-0.1255776038667057,-0.3744624474800117,1,Calm
127,0.0001649011169182,-0.4739341978090244,-0.4287213060709378,1,Calm
128,0.1731095214568261,-0.733975094853637,-0.4178695343527526,1,Calm
129,-0.8828318798564743,-0.4383625684250553,-0.4178695343527526,1,Calm
130,-0.7751287086157609,-0.3157017613108913,-0.4504248495073082,1,Calm
131,-0.5415303248568882,-0.2948494147432065,-0.4395730777891231,1,Calm
132,-0.2449349514539734,-0.2715437958835769,-0.4395730777891231,1,Calm
133,1.6329253684623508,-0.4260964409222543,-0.4395730777891231,1,Calm
134,-0.0856405128696629,-0.4776139892684801,-0.4721283929436787,1,Calm
135,0.1325306651000975,-0.595368368777216,-0.4287213060709378,1,Calm
136,0.0517164880740168,-0.6726446912965549,-0.4070177626345673,1,Calm
137,-1.004499674589832,-0.3255146165217475,-0.4178695343527526,1,Calm
138,0.1721270707610589,-0.3144751251649189,-0.4287213060709378,1,Calm
139,1.4778156390270802,-0.5475307288689073,-0.3961659909163821,1,Calm
140,0.3312655945212917,-0.492333389063226,-0.4504248495073082,1,Calm
141,-0.1118848180242547,-0.4371359322790829,-0.4287213060709378,1,Calm
142,0.8489868813616747,-0.5965950049231884,-0.4070177626345673,1,Calm
143,-0.10848340781325,-0.5634766478311638,-0.4070177626345673,1,Calm
144,0.5341328436285733,-0.5622500116851914,-0.4287213060709378,1,Calm
145,-0.6413583022006575,-0.2911695063052894,-0.3961659909163821,1,Calm
146,0.1065428580843026,-0.2175732092023292,-0.4504248495073082,1,Calm
147,1.498571819723981,-0.4763874701009691,-0.5155354798164196,1,Calm
148,0.3217591586981759,-0.6505658255613589,-0.53723902325279,1,Calm
149,0.5570080979147725,-0.5818757221069043,-0.5914978818437162,1,Calm
150,0.3941243516097447,-0.3095688145379522,-0.580646110125531,1,Calm
151,-1.024119102519667,-0.103498621153049,-0.5155354798164196,1,Calm
152,-0.6787526718107055,0.1749414671457647,-0.4829801646618639,1,Calm
153,1.071340001941806,-0.0998187127151319,-0.5263872515346049,1,Calm
154,0.3738211147604657,-0.0654738364555965,-0.5589425666891605,1,Calm
155,-0.5428070236197,-0.0654738364555965,-0.4721283929436787,1,Calm
156,0.5680742562620712,-0.0041434328985145,-0.4721283929436787,1,Calm
157,0.8366569650669095,-0.1268042400126785,-0.4829801646618639,1,Calm
158,-0.3634461614675625,-0.0409415814499946,-0.4721283929436787,1,Calm
159,0.7697985237684974,-0.0237691433202269,-0.4504248495073082,1,Calm
160,0.1171981449229661,-0.0936857659421928,-0.4721283929436787,1,Calm
161,0.9180862526430414,-0.0593406557257347,-0.5589425666891605,1,Calm
162,-0.405970897756956,0.1087045190047932,-0.53723902325279,1,Calm
163,-0.6300222428668484,0.176168103291737,-0.580646110125531,1,Calm
164,0.6721892850295283,-0.042168217595967,-0.580646110125531,1,Calm
165,-0.6720425485385993,0.0179355498151425,-0.5155354798164196,1,Calm
166,-0.536949387773007,0.0032163839773196,-0.6023496535619015,1,Calm
167,-0.6038955432721554,0.1025715722318541,-0.6023496535619015,1,Calm
168,-0.9242431905843992,-0.0532077089527956,-0.5697943384073457,1,Calm
169,-1.1813539361360512,0.0118026030422034,-0.6023496535619015,1,Calm
170,1.516806943936206,-0.1120848402179328,-0.6349049687164572,1,Calm
171,-0.1136697947744678,0.1823010500646761,-0.6566085121528276,1,Calm
172,2.434067536704457,-0.2641842129646655,-0.6349049687164572,1,Calm
173,0.5352087134877447,0.054733932323545,-0.6240531969982719,1,Calm
174,0.1871851172307247,0.2338185984109019,-0.6349049687164572,1,Calm
175,0.7911822466028862,-0.1942675903426996,-0.5589425666891605,1,Calm
176,-0.0002957202072573,-0.0581140195797623,-0.6023496535619015,1,Calm
177,0.4104060964144302,-0.0887792213583033,-0.6674602838710127,1,Calm
178,1.604348795725603,-0.0483011643689061,-0.6566085121528276,1,Calm
179,0.1893625810653172,0.065773423680374,-0.7108673707437537,1,Calm
180,-0.5892734842899134,0.19088726912956,-0.6240531969982719,1,Calm
181,1.296804849392388,-0.226159428267213,-0.6783120555891979,1,Calm
182,-0.0721115847693142,-0.0740600555204804,-0.7217191424619388,1,Calm
183,-0.1235946773145227,0.3209078931195582,-0.732570914180124,1,Calm
184,0.9867341910447708,0.1418229930752789,-0.7542744576164945,1,Calm
185,0.304949668445053,0.3221345292655306,-0.7542744576164945,1,Calm
186,-0.6594581965894837,0.3429866418762926,-0.7000155990255684,1,Calm
187,-1.5373441339503822,0.587081853915571,-0.6566085121528276,1,Calm
188,0.9693558319393972,0.6226533663210787,-0.6566085121528276,1,Calm
189,-1.153496030942318,0.6251066386130235,-0.6891638273073832,1,Calm
190,1.2769444651178246,0.5699091818288806,-0.6674602838710127,1,Calm
191,-0.2907380771710984,0.6753975508132769,-0.7000155990255684,1,Calm
192,1.1126348855416703,0.3773317520927507,-0.7868297727710502,1,Calm
193,-0.2921074127379665,0.3184546208276135,-0.7868297727710502,1,Calm
194,0.7965525777316926,0.2301389239299076,-0.775978001052865,1,Calm
195,0.022199810931904,0.0105759668962311,-0.775978001052865,1,Calm
196,-1.0490146111466596,0.2485379982056476,-0.8085333162074206,1,Calm
197,-0.1718182393056817,0.4300759365849489,-0.8519404030801616,1,Calm
198,-1.2654102236924598,1.8921927667440608,-0.8627921747983468,0,Stressful
199,0.5175224557157836,2.0369325565718817,-0.8844957182347173,0,Stressful
200,-0.0238473961711763,1.7167877751376983,-0.9170510333892729,0,Stressful
201,1.4581450811061072,0.8569354891925781,-0.9387545768256432,0,Stressful
202,-0.3928461064554589,0.9526110029661182,-0.9821616636983844,0,Stressful
203,1.149785224752681,0.3662922607359221,-0.9604581202620138,0,Stressful
204,-1.3594588680801245,1.012714770377228,-0.9713098919801992,0,Stressful
205,-0.3490275921823186,1.1672674154159053,-1.025568750571125,0,Stressful
206,-0.5145716461437505,1.178306906772734,-1.025568750571125,0,Stressful
207,1.6084225267678722,0.4607411383634899,-1.0038652071347547,0,Stressful
208,-2.1201428773955033,1.1071636480047955,-0.8410886313619764,0,Stressful
209,1.419650512712957,0.2436314536217581,-0.8844957182347173,0,Stressful
210,-0.230244166148969,0.4484750108606889,-0.7868297727710502,1,Calm
211,0.9072686805421656,0.221552470908101,-0.8627921747983468,1,Calm
212,1.274593716541656,0.1037982083778264,-0.8302368596437911,1,Calm
213,0.2492276981880959,0.0216154582530596,-0.9496063485438286,1,Calm
214,0.5072661418993892,-0.0814196384393918,-0.9496063485438286,1,Calm
215,0.5393860348150623,-0.1366170952235348,-1.01471697885294,1,Calm
216,0.1882369684382435,-0.0642472003096237,-0.9279028051074582,1,Calm
217,0.4418069660097458,-0.1169913848018223,-1.0038652071347547,1,Calm
218,1.104507966106624,-0.1194444231368443,-1.0364205222893104,1,Calm
219,-0.2014996916356549,0.466874085136429,-1.0364205222893104,1,Calm
220,0.9553215474436788,0.2644838001894429,-1.0364205222893104,1,Calm
221,-0.5068387041832675,0.2264590154919905,-0.9930134354165696,1,Calm
222,0.3850057630837504,0.1344634101563674,-1.0364205222893104,1,Calm
223,-0.610853266596623,0.282882874465183,-1.025568750571125,1,Calm
224,0.4248744834436996,-0.0397149453040223,-1.0038652071347547,1,Calm
225,-0.5384869261742556,0.1111577912967379,-0.9821616636983844,1,Calm
226,-0.0392721369208811,0.0952119893129426,-1.0364205222893104,1,Calm
227,0.0035699467435801,-0.0826462745853642,-1.0798276091620511,1,Calm
228,-0.799684785488677,0.2031533966323609,-1.0581240657256807,1,Calm
229,0.8031800098135939,0.0142558753341482,-1.0906793808802366,1,Calm
230,-0.6227838315016728,0.3822382966766402,-1.0906793808802366,1,Calm
231,0.0067862067823149,0.2767499276922439,-1.144938239471163,1,Calm
232,1.144085972107417,-0.037261673012078,-1.144938239471163,1,Calm
233,0.4184161673546384,-0.244558502542953,-1.112382924316607,1,Calm
234,0.579840571217961,-0.2138933007644121,-1.0798276091620511,1,Calm
235,0.7275318183053562,-0.4211901302952876,-1.0364205222893104,1,Calm
236,-1.6944744425394016,0.4104502261632365,-1.1232346960347923,0,Stressful
237,-0.7975915746724198,0.6300129492399902,-1.0798276091620511,0,Stressful
238,-1.229819005472856,0.9023200907658648,-1.025568750571125,0,Stressful
239,-1.087513975713491,1.8001971614084378,-1.025568750571125,0,Stressful
240,0.6520912055387744,1.653004099288672,-1.01471697885294,0,Stressful
241,-2.184224497688371,2.4453928009468484,-0.9170510333892729,0,Stressful
242,-2.263007841300377,2.9004647509549195,-0.9713098919801992,0,Stressful
243,1.4059508368137514,2.9532089354471176,-0.9061992616710876,0,Stressful
244,0.388350543294822,2.3264121362275243,-0.9930134354165696,0,Stressful
245,0.9266327705556152,1.8259558186030893,-0.9061992616710876,0,Stressful
246,-1.7644676266904142,2.5521080400341396,-0.9387545768256432,0,Stressful
247,-0.8193730781618471,2.764311180191982,-0.4612766212254935,0,Stressful
248,2.8594049790047875,1.859074292673575,-0.4612766212254935,0,Stressful
249,0.492867586678568,1.546289328115226,-0.5480907949709752,0,Stressful
250,1.0064131119307538,1.0286605723610232,-0.5263872515346049,0,Stressful
251,1.5026196046916789,0.740407862808276,-0.7217191424619388,0,Stressful
252,-0.6192534070297672,1.1488683411401652,-0.7868297727710502,0,Stressful
253,1.3057314440479584,0.344213278022265,-0.9170510333892729,0,Stressful
254,0.9492510017463897,0.2976022742599287,-0.8844957182347173,0,Stressful
255,-0.6056218915997009,0.6925699889430446,-0.9170510333892729,0,Stressful
256,-0.4241809265142246,0.988182515371626,-0.9279028051074582,0,Stressful
257,0.6965257378014684,0.6594517488294815,-0.9496063485438286,0,Stressful
258,1.248973039901771,0.2227791070540733,-1.0038652071347547,0,Stressful
259,0.0384251538000821,0.5834019454776539,-0.9713098919801992,0,Stressful
260,1.4536243414952277,0.4435687002337222,-0.9279028051074582,0,Stressful
261,-1.1068167420363964,1.1746269983348168,-0.9821616636983844,0,Stressful
262,-0.6668174623457008,1.507037907271801,-1.0364205222893104,0,Stressful
263,1.7370998796518804,0.8078712131382971,-1.0038652071347547,0,Stressful
264,-1.3827445156714653,1.2273711828270149,-0.9387545768256432,0,Stressful
265,-0.3717858005699002,1.2384106741838434,-0.9279028051074582,0,Stressful
266,0.2432066009341718,1.1819865812537282,-0.9604581202620138,0,Stressful
267,-0.0909997369070609,1.0078082257933385,-0.9170510333892729,0,Stressful
268,1.1608999783590936,0.5416972523422843,-0.8736439465165321,0,Stressful
269,0.5540993412190286,0.6349194938238797,-0.9170510333892729,0,Stressful
270,0.0885967175846544,0.5711358179748529,-0.9496063485438286,1,Calm
271,-0.5895467156800408,0.5367909417153176,-0.8519404030801616,1,Calm
272,0.2892911776017194,0.2939223658220116,-0.8302368596437911,1,Calm
273,1.649292797511356,0.2583508534165039,-0.9061992616710876,1,Calm
274,-0.97149043264365,0.5196182696286271,-0.8627921747983468,1,Calm
275,1.1088252516998036,0.3797850243846954,-0.8519404030801616,1,Calm
276,-0.7271420703098258,0.6631314233104759,-0.7868297727710502,1,Calm
277,0.2417835249119241,0.698703169672906,-0.7108673707437537,1,Calm
278,-0.2832767079224284,0.882694380344152,-0.7434226858983093,1,Calm
279,-0.294113212705863,0.5809486731857092,-0.8519404030801616,1,Calm
280,-0.955387112358401,0.7023828441539012,-0.8519404030801616,1,Calm
281,0.7537719353764762,0.4619677745094622,-0.8085333162074206,1,Calm
282,-1.137672243270508,0.7649398838569551,-0.7434226858983093,1,Calm
283,1.482492145917191,0.2558975811245591,-0.7868297727710502,1,Calm
284,-0.9179971906779888,0.2571242172705315,-0.775978001052865,1,Calm
285,2.259279086047652,-0.1231243315747614,-0.8302368596437911,1,Calm
286,0.2956932826523797,-0.2089869901374453,-0.8410886313619764,1,Calm
287,0.3930368916681679,-0.275223704321494,-0.8953474899529026,1,Calm
288,-1.9044338917057957,0.4484750108606889,-0.8085333162074206,1,Calm
289,-0.9304769262729742,0.6103872388182783,-0.775978001052865,1,Calm
290,-0.9558144847035752,0.850802542419639,-0.732570914180124,1,Calm
291,0.8008623910774686,0.3245875676005526,-0.7976815444892355,1,Calm
292,0.215958888624428,0.403090643244325,-0.8410886313619764,1,Calm
293,0.2979440672752533,0.2657104363354153,-0.8736439465165321,1,Calm
294,0.2129590344749061,0.1614487034969913,-0.8193850879256059,1,Calm
295,-0.2316706458627142,0.2902426913410172,-0.8193850879256059,1,Calm
296,-0.5612097954899905,0.4460217385687442,-0.8302368596437911,1,Calm
297,-1.8996858986218077,0.9967689683934324,-0.8736439465165321,0,Stressful
298,0.1148021707558331,0.6459589851807083,-0.7976815444892355,0,Stressful
299,1.6196053791266487,0.1013449360858817,-0.8302368596437911,0,Stressful
300,-2.899533626893674,1.1145232309237072,-0.7976815444892355,0,Stressful
301,1.6990652772533528,0.2424048174757862,-0.8193850879256059,0,Stressful
302,1.8413731975533432,0.311095037908702,-0.8410886313619764,0,Stressful
303,0.1596416523362088,0.2448580897677305,-0.8736439465165321,1,Calm
304,0.7111013012011045,0.2436314536217581,-0.9279028051074582,1,Calm
305,0.7001361648338879,-0.067926874790619,-0.9279028051074582,1,Calm
306,-0.2180577469076958,0.3270408398924973,-0.9496063485438286,1,Calm
307,0.4228467789231787,-0.042168217595967,-0.8953474899529026,1,Calm
308,-0.5331557726225945,0.2227791070540733,-0.9279028051074582,1,Calm
309,0.0550049732930676,0.206833305070278,-0.9279028051074582,1,Calm
310,1.0105928838194842,0.1786213755836818,-0.9061992616710876,1,Calm
311,0.2469710627257844,0.6103872388182783,-0.8627921747983468,1,Calm
312,-0.850762266488317,0.252217672686642,-0.8627921747983468,1,Calm
313,0.6126188714804717,-0.0004635244605974,-0.8193850879256059,1,Calm
314,-0.7383450957323787,0.1418229930752789,-0.7542744576164945,1,Calm
315,-2.459442970440623,0.7943784494895242,-1.0038652071347547,0,Stressful
316,1.8464651629190143,0.2301389239299076,-1.199197098062089,0,Stressful
317,-1.1572817976049037,0.5834019454776539,-1.112382924316607,0,Stressful
318,-1.303096232955308,0.7772060113597561,-1.2751595000893852,0,Stressful
319,-0.4542733178116769,0.679077459251194,-1.1883453263439037,0,Stressful
320,2.225788408561023,-0.0556609812447403,-1.210048869780274,0,Stressful
321,-0.4772002784984252,0.1933405414215047,-1.2643077283712,0,Stressful
322,1.946618131123168,0.3319473844763868,-1.4162325324257934,0,Stressful
323,1.6804348448927406,0.4472483747147165,-1.5681573364803865,0,Stressful
324,-0.8507446979719043,0.545377160780201,-1.600712651634942,0,Stressful
325,0.4262542392253658,0.5797220370397372,-1.6549715102258682,0,Stressful
326,-4.666711473642793,1.6959356625269364,-1.546453793044016,0,Stressful
327,2.250326045144348,0.758806937084016,-1.5138984778894604,0,Stressful
328,0.4513023026527089,0.801738266365358,-1.5790091081985715,0,Stressful
329,-0.6289765564170355,0.9648771304689192,-1.448787847580349,0,Stressful
330,-0.3995660469214777,0.7833389581326952,-1.5247502496076455,0,Stressful
331,-0.4710838132355077,0.7085160248837626,-1.4704913910167194,0,Stressful
332,-0.9205688933514692,0.589534892250593,-1.4813431627349043,0,Stressful
333,2.8148349634133822,0.2227791070540733,-1.49219493445309,0,Stressful
334,-0.633845175316498,0.3037352210328682,-1.5573055647622012,0,Stressful
335,0.1513538338128232,0.1025715722318541,-1.5138984778894604,0,Stressful
336,-0.7154183116977965,0.3282674760384697,-1.4813431627349043,0,Stressful
337,0.313446243795353,-0.0151826902984204,-1.4704913910167194,0,Stressful
338,0.6239269149032726,-0.0544343450987679,-1.3945289889894228,0,Stressful
339,0.7988795028374565,-0.042168217595967,-1.4270843041439785,0,Stressful
340,-0.8853922529799777,-0.0887792213583033,-1.4270843041439785,0,Stressful
341,-1.7814238944132128,0.1442762653672236,-1.3728254455530524,0,Stressful
342,1.1737559833313502,-0.1280306422017282,-1.3511219021166818,0,Stressful
343,0.1898425549684538,-0.1366170952235348,-1.5898608799167568,0,Stressful
344,0.4936002408174256,-0.3206083058947808,-1.6224161950713123,0,Stressful
345,0.345105221352554,-0.3843917477868848,-1.5898608799167568,0,Stressful
346,0.3300044775093708,-0.2617309406727208,-1.5356020213258306,0,Stressful
347,-0.781959829158181,-0.1476565865803633,-1.503046706171275,0,Stressful
348,-0.8629634776100119,-0.1402967697045291,-1.3402701303984967,0,Stressful
349,-0.5463221241020624,0.1320101378644227,-1.3511219021166818,0,Stressful
350,-0.4113355338327734,0.1111577912967379,-1.2860112718075705,0,Stressful
351,-0.8612994946868827,0.3736518436548336,-1.2643077283712,0,Stressful
352,-1.0962048541865124,0.9734633495338032,-1.210048869780274,0,Stressful
353,0.6181124521165662,0.5613229627639967,-1.307714815243941,0,Stressful
354,-0.5781802748679841,0.834856506478921,-1.3294183586803114,0,Stressful
355,1.3274466067587296,0.4914063401420309,-1.210048869780274,0,Stressful
356,-1.8597536702054116,1.0875379375830831,-1.199197098062089,0,Stressful
357,-0.008636216749368,0.6312395853859626,-1.2751595000893852,0,Stressful
358,-0.8535244071751981,0.7772060113597561,-1.3402701303984967,0,Stressful
359,-0.8875485805027084,0.9587439497390574,-1.199197098062089,0,Stressful
360,1.6227852286837985,0.3368536951033535,-1.2534559566530148,0,Stressful
361,-1.84232084620934,0.8446693616897772,-1.2860112718075705,0,Stressful
362,-0.2571721394662101,0.9673301688039412,-1.1774935546257184,0,Stressful
363,0.390065536357571,0.8814677441981801,-1.0798276091620511,0,Stressful
364,-0.7540244062025556,1.104710375712851,-0.6891638273073832,0,Stressful
365,0.5772259472440797,0.6005743836074215,-0.7108673707437537,0,Stressful
366,0.6844356836263111,0.4386621556498327,-0.6132014252800867,0,Stressful
367,0.3192597541894783,0.3564794055250659,-0.53723902325279,0,Stressful
368,-0.2288950580519671,0.280429836130161,-0.5263872515346049,0,Stressful
369,-1.1389930427031132,0.2902426913410172,-0.7000155990255684,0,Stressful
370,-0.4795690341735699,0.3012821826978458,-0.7000155990255684,0,Stressful
371,-1.8692473273120975,0.9256254756685716,-0.4721283929436787,0,Stressful
372,-0.4508492601591351,0.9526110029661182,-0.580646110125531,0,Stressful
373,-0.086761634175456,0.7305950075974198,-0.5697943384073457,0,Stressful
374,-2.9385128170125623,1.2568097484595837,-0.5263872515346049,0,Stressful
375,-0.4477235566493046,1.323046696600555,-0.4829801646618639,0,Stressful
376,0.6759420438387714,1.1010304672749345,-0.2767965020163446,0,Stressful
377,-1.214237332785589,1.4751460693472875,-0.2008340999890481,0,Stressful
378,1.9093950768207764,0.7919254111545018,-0.2116858717072332,0,Stressful
379,1.9667484819051664,0.7011562080079284,0.0270531060928416,0,Stressful
380,0.2724323198341979,0.5343376694233728,0.0596084212473973,0,Stressful
381,0.3838725550128214,0.5208449057745995,0.0704601929655826,0,Stressful
382,-0.7507491011784059,0.4754605381582356,0.1572743667110642,0,Stressful
383,1.447753325945748,0.1921139052755323,0.0379048778110269,0,Stressful
384,-0.5141651259092207,0.114837699734655,0.2223849970201756,2,Transitional
385,-0.6223922007730123,0.2362718707028467,0.1789779101474347,2,Transitional
386,0.0792139177895706,0.0314283134639159,0.2223849970201756,2,Transitional
387,-1.7496725751451767,0.3859179711576346,0.2766438556111018,2,Transitional
388,0.3113261540375444,0.0436944409667168,0.2223849970201756,2,Transitional
389,-0.0940369579792431,-0.0740600555204804,0.1789779101474347,2,Transitional
390,-1.2187275227894114,0.2411781813298134,0.2657920838929166,2,Transitional
391,0.8012316916191536,0.1810744139187042,0.1572743667110642,2,Transitional
392,-0.2259357322510602,0.3282674760384697,0.1789779101474347,2,Transitional
393,-0.233451396006823,0.2865627829031001,0.2766438556111018,2,Transitional
394,0.2302563766867719,0.0277484050259992,0.3091991707656575,2,Transitional
395,-0.8934645536952313,0.1087045190047932,0.2766438556111018,2,Transitional
396,-1.0526867272030094,0.5122586867097156,0.1789779101474347,2,Transitional
397,0.7479723628549223,0.0056694223123416,0.1789779101474347,2,Transitional
398,-1.8935885671820412,0.6447323490347359,0.2223849970201756,0,Stressful
399,-1.8430923622369548,1.3892834107846035,0.2874956273292871,0,Stressful
400,0.1954119571494773,1.4935451436230276,0.7541218112112517,0,Stressful
401,-5.160937535862951,2.8207350391651747,0.8517877566749188,0,Stressful
402,3.0373965206940237,1.5045846349798562,0.7975288980839926,0,Stressful
403,1.1308073333592186,1.6836693010672128,0.8734913001112893,0,Stressful
404,0.7138873368375509,1.914271749457718,0.9386019304204006,0,Stressful
405,-0.7554718438834567,1.7719852319218414,0.9277501587022154,0,Stressful
406,1.1210129133849636,1.07404517393431,0.971157245574956,0,Stressful
407,-0.7183374783634704,1.3549383005681457,0.9603054738567708,0,Stressful
408,1.1794654942436618,0.9538376391120906,0.9603054738567708,0,Stressful
409,0.6102883030827675,0.6631314233104759,0.8843430718294745,2,Transitional
410,0.3611559903823301,0.4398887917958051,0.906046615265845,2,Transitional
411,-0.4546814027502123,0.5122586867097156,1.014564332447697,2,Transitional
412,0.617673400484401,0.4693273574283737,1.0905267344749934,2,Transitional
413,-1.3383637626807965,0.6091606026723054,1.1230820496295495,2,Transitional
414,0.7338219733582115,0.3478931864601821,1.0254161041658822,2,Transitional
415,0.5173345688174742,0.2129662518432171,1.0688231910386232,2,Transitional
416,0.3460048645833125,0.096438625458915,1.0688231910386232,2,Transitional
417,-1.021556122094659,0.360159313962983,1.2533033102477722,2,Transitional
418,-0.7170145164931904,0.3503464587521268,1.112230277911364,2,Transitional
419,0.1472607301186302,0.1651286119349085,1.003712560729512,2,Transitional
420,-0.4676362656603096,0.1786213755836818,1.014564332447697,2,Transitional
421,-1.0300290889526025,0.4411154279417775,1.0254161041658822,2,Transitional
422,0.2379494535891864,0.3319473844763868,0.9603054738567708,2,Transitional
423,-0.6019293052258635,0.392051151887496,0.9386019304204006,2,Transitional
424,1.5004412183711835,0.0363346240908826,0.862639528393104,2,Transitional
425,1.1106905851058753,-0.0483011643689061,0.7866771263658073,2,Transitional
426,0.0043771672652948,-0.1525628972073301,0.7758253546476221,2,Transitional
427,-0.6851979658902813,-0.2322923750401521,0.678159409183955,2,Transitional
428,-0.1084758053011769,-0.2776769766134388,0.7541218112112517,2,Transitional
429,-0.959863654031827,-0.0654738364555965,0.7866771263658073,2,Transitional
430,-0.4952874237022306,-0.029902090093166,0.8300842132385483,2,Transitional
431,0.4625050141741079,-0.1672822970020757,0.91689838698403,2,Transitional
432,-1.897037452497188,0.3037352210328682,0.9277501587022154,2,Transitional
433,-0.1724809266875873,0.0645467875344016,0.9820090172931414,2,Transitional
434,-0.777939971170566,0.3368536951033535,1.0362678758840675,2,Transitional
435,1.9136586615067035,-0.2408785941050359,0.9277501587022154,2,Transitional
436,-0.92118472483373,-0.0936857659421928,0.9494537021385856,2,Transitional
437,-0.7027379997852592,0.0387878963828273,0.9277501587022154,2,Transitional
438,-1.6256386654860944,0.4717806297203185,1.014564332447697,2,Transitional
439,-0.8849041319322927,0.7722994667758666,0.9820090172931414,2,Transitional
440,-0.8124827702044383,0.9280787479605164,0.9820090172931414,2,Transitional
441,-0.032862775582607,0.7036094802998731,1.0362678758840675,2,Transitional
442,-0.0943066655475368,0.913359582122693,1.0796749627568083,2,Transitional
443,-2.991169378451717,1.62847184428307,1.155637364784105,0,Stressful
444,-3.506344684316497,2.269987809340486,1.2207479950932163,0,Stressful
445,0.1862949240410276,1.9437100811333636,1.3292657122750686,0,Stressful
446,0.4878930729165283,2.6526898644346466,1.448635201175106,0,Stressful
447,2.010709968552545,1.921631566333552,1.2641550819659573,0,Stressful
448,0.8449673047992373,1.121882813842619,1.1230820496295495,0,Stressful
449,0.4736109854716985,1.184439853545673,1.14478559306592,0,Stressful
450,-1.165619266504368,1.5916736957315898,1.0796749627568083,0,Stressful
451,-1.0735957762423365,2.044292373447716,1.0471196476022528,0,Stressful
452,-0.2518777879349171,1.981735099787739,0.91689838698403,0,Stressful
453,-2.1792453989738014,2.369343231551943,0.91689838698403,0,Stressful
454,-0.9523975815686464,2.1227952151345657,0.9386019304204006,0,Stressful
455,-1.4226187749068904,2.4282203628170804,0.9820090172931414,0,Stressful
456,1.6955550780136404,1.967015933949916,1.057971419320438,0,Stressful
457,2.2995890607201255,1.7008417391969806,1.1339338213477343,0,Stressful
458,0.5542153513862218,1.267849239816412,1.2315997668114018,0,Stressful
459,0.0909395153054156,1.1819865812537282,1.350969255711439,2,Transitional
460,-0.3478049874567335,1.1954793449025016,1.057971419320438,2,Transitional
461,0.6304190532382169,0.8569354891925781,1.2315997668114018,2,Transitional
462,0.8700242903357629,0.4288493004389765,1.1664891365022902,2,Transitional
463,0.1939302047435468,0.961197222031002,1.2315997668114018,2,Transitional
464,-1.138857866741883,1.1304690329075024,1.2967103971205132,2,Transitional
465,-1.105797745518483,1.0446066083017411,1.2967103971205132,2,Transitional
466,0.2296932932468154,0.8642950721114896,1.3075621688386982,2,Transitional
467,-1.0121808153195693,1.2126517830322692,1.3292657122750686,2,Transitional
468,1.4777870904429125,0.6152937834021672,1.361821027429624,2,Transitional
469,0.7937711690179022,0.5711358179748529,1.481190516329662,2,Transitional
470,-1.2274958129520754,0.740407862808276,1.459486972893291,2,Transitional
471,-1.955981918093441,1.4530670866336304,1.3835245708659945,0,Stressful
472,-0.3358695952612508,1.4113623934982609,1.3835245708659945,0,Stressful
473,-1.3379257536955036,1.7597188704621176,1.437783429456921,0,Stressful
474,0.1971163612639748,1.589220423439645,1.437783429456921,0,Stressful
475,0.5913950890034506,1.298514441594953,1.3726727991478096,0,Stressful
476,-0.40501658206406,1.2224646382431257,1.2750068536841426,0,Stressful
477,-0.6685327822113125,1.4003229021414323,1.340117483993254,0,Stressful
478,0.1566848355530606,1.3880567746386314,1.2533033102477722,0,Stressful
479,2.9309246270065943,1.104710375712851,1.4160798860205506,0,Stressful
480,-1.5796395911673735,0.9918624238095431,1.4703387446114764,2,Transitional
481,0.6674631382836791,1.1611342346860434,1.524597603202403,2,Transitional
482,-0.5607686624279872,0.5858552177695986,1.459486972893291,2,Transitional
483,1.1256447818413446,0.2252323793460181,1.3726727991478096,2,Transitional
484,0.1800734214483127,0.1393697207833342,1.448635201175106,2,Transitional
485,1.3531300747343271,0.1185173742156494,1.4920422880478468,2,Transitional
486,0.0865255160616704,0.0032163839773196,1.340117483993254,2,Transitional
487,0.4184469955191834,-0.1550161694992748,1.1664891365022902,2,Transitional
488,-0.549437085622189,-0.060567291871707,1.0362678758840675,2,Transitional
489,1.2632177470278372,-0.0237691433202269,1.1230820496295495,2,Transitional
490,0.963322042360892,0.1945671775674771,1.1881926799386608,2,Transitional
491,-0.0257112452501029,0.1221972826535665,1.112230277911364,2,Transitional
492,0.2338512544377748,-0.0642472003096237,1.2750068536841426,2,Transitional
493,-0.8780325751740699,-0.0617939280176794,1.2967103971205132,2,Transitional
494,0.3384076401151779,-0.0335819985310827,1.459486972893291,2,Transitional
495,0.4574115808297957,-0.146429950434391,1.481190516329662,2,Transitional
496,-0.2614884065018344,-0.067926874790619,1.6114117769478846,2,Transitional
497,0.1612861951577187,-0.2347456473320968,1.8392989830297743,2,Transitional
498,-0.8358770770326517,0.1332367740103951,1.7199294941297365,2,Transitional
499,-0.1694482357657138,-0.0090497435254813,1.6765224072569955,2,Transitional
500,0.4884129216909436,-0.1709619714830701,1.8392989830297743,2,Transitional
501,0.0383728124683305,-0.1366170952235348,1.6331153203842548,2,Transitional
502,0.5567047174362828,-0.1268042400126785,1.6222635486660697,2,Transitional
503,0.4840819152305403,-0.183228098985871,1.7633365810024777,2,Transitional
504,-0.1731956257175107,-0.1206710592828167,1.741633037566107,2,Transitional
505,0.6500025605405934,-0.2605043045267484,1.5897082335115142,2,Transitional
506,-1.666477081712075,0.3147747123896964,1.5571529183569583,2,Transitional
507,1.285681678043502,-0.0200892348823098,1.687374178975181,2,Transitional
508,0.267121665297982,-0.1488829887694129,1.774188352720663,2,Transitional
509,-0.0111191507396514,-0.2506914493158922,1.6331153203842548,2,Transitional
510,-0.4776231162150535,-0.2396521919159863,1.600560005229699,2,Transitional
511,0.8058383977303718,-0.4371359322790829,1.600560005229699,2,Transitional
512,0.0370038216258349,-0.3353274717326037,1.5571529183569583,2,Transitional
513,-0.173746546442573,-0.3341008355866313,1.4920422880478468,2,Transitional
514,-0.6589752917950008,-0.0838729107313366,1.4160798860205506,2,Transitional
515,0.8443550600734923,-0.410150638938459,1.3835245708659945,2,Transitional
516,0.0674924047562794,-0.3157017613108913,1.459486972893291,2,Transitional
517,0.4282891337821246,-0.3991111475816304,1.5354493749205878,2,Transitional
518,0.4940451362345502,-0.3978845114356581,1.437783429456921,2,Transitional
519,0.212475275124801,-0.2715437958835769,1.459486972893291,2,Transitional
520,0.4111462756053411,-0.1770951522129319,1.5571529183569583,2,Transitional
521,0.4349464473079263,-0.3574064544462609,1.5463011466387733,2,Transitional
522,0.5959449628116698,-0.5720628668960479,1.448635201175106,2,Transitional
523,0.0010808588983226,-0.5916885773177603,1.4920422880478468,2,Transitional
524,-0.4405376173922491,-0.3721258542410066,1.4269316577387354,2,Transitional
525,0.3617809424763019,-0.4494020597818838,1.459486972893291,2,Transitional
526,0.0489542012097725,-0.5009196081281094,1.459486972893291,2,Transitional
527,-0.1226955426681649,-0.4444955151979944,1.459486972893291,2,Transitional
528,-0.0312940064917629,-0.6272602067017294,1.437783429456921,2,Transitional
529,0.3670741078770792,-0.6358465427450746,1.3835245708659945,2,Transitional
530,-1.3794606798982765,-0.1672822970020757,1.340117483993254,2,Transitional
531,-0.4614533685681789,-0.0630205641636518,1.340117483993254,2,Transitional
532,-0.1254334822911642,-0.2862631956783226,1.361821027429624,2,Transitional
533,1.1796324368399966,-0.4935599082307368,1.39437634258418,2,Transitional
534,-0.1515800899842262,-0.4175102218573705,1.437783429456921,2,Transitional
535,-0.2326157966084965,-0.5794225667934207,1.448635201175106,2,Transitional
536,0.156485610842522,-0.6934970378642396,1.2858586254023276,2,Transitional
537,-1.2867253732464528,-0.3034356338080903,1.3184139405568835,2,Transitional
538,-0.3837587817229274,-0.1881346435697605,1.242451538529587,2,Transitional
539,-0.1743688565930571,-0.146429950434391,1.2967103971205132,2,Transitional
540,-0.1421368479136593,-0.1439766781424462,1.2533033102477722,2,Transitional
541,0.9518809197903518,-0.5107324633389658,1.2098962233750312,2,Transitional
542,0.0058249971895984,-0.3537265460083437,1.1664891365022902,2,Transitional
543,0.450260710652658,-0.5671564392906198,1.0796749627568083,2,Transitional
544,-0.1140855436065177,-0.5732895030420202,0.9820090172931414,2,Transitional
545,-0.082788271346945,-0.5487573650148797,0.9928607890113266,2,Transitional
546,-0.3925500628587984,-0.5622500116851914,1.014564332447697,2,Transitional
547,-0.5258380050419634,-0.4763874701009691,1.014564332447697,2,Transitional
548,-0.4879126823406136,-0.6530189808748423,0.906046615265845,2,Transitional
549,-0.6356591122708181,-0.3880716562248019,0.819232441520363,2,Transitional
550,0.5254770555373199,-0.5328114460526229,0.8843430718294745,2,Transitional
551,-1.5032634925930934,-0.0397149453040223,0.906046615265845,2,Transitional
552,-0.0290311574646402,-0.2065337178455006,0.8083806698021778,2,Transitional
553,1.2217359372597196,-0.4494020597818838,0.8409359849567335,2,Transitional
554,0.291914622292451,-0.607634496280017,0.8083806698021778,2,Transitional
555,0.1569198494774303,-0.7057631653670404,0.7432700394930665,2,Transitional
556,0.3191155519258575,-0.7241622396427805,0.7432700394930665,2,Transitional
557,0.1087414711861285,-0.6910438825507561,0.6564558657475847,2,Transitional
558,-0.7426475735014737,-0.6603786807722152,0.4502722031020653,2,Transitional
559,0.7280441609748385,-0.8480496829029168,0.6239005505930291,2,Transitional
560,-0.4048330117565143,-0.5659298031446474,0.5804934637202881,2,Transitional
561,-0.5782886022649674,-0.5671564392906198,0.5804934637202881,2,Transitional
562,-0.5289294666804559,-0.5377178736580511,0.482827518256621,2,Transitional
563,1.2193637136947504,-0.4162835857113981,0.5262346051293619,2,Transitional
564,1.2344888127219122,-0.7143493844319243,0.4394204313838801,2,Transitional
565,0.5722114648456516,-0.7769064241349785,0.3634580293565836,2,Transitional
566,-0.5471586282407409,-0.7560540775672939,0.2657920838929166,2,Transitional
567,0.3714657641550201,-0.8443698914434612,0.2223849970201756,2,Transitional
568,0.2356001001486175,-0.8222909087298039,0.3526062576383985,2,Transitional
569,-0.1714985367102942,-0.8468230467569445,0.2223849970201756,2,Transitional
570,0.1539954861495014,-0.9461783519899404,0.1898296818656199,2,Transitional
571,0.4867690770351503,-1.0344941658661075,0.2223849970201756,2,Transitional
572,-0.000152517838729,-0.7818128517404068,0.1681261384292494,2,Transitional
573,-0.9488154062640348,-0.7572807137132662,0.092163736401953,2,Transitional
574,-0.119550761051198,-0.887301103746342,-0.0163539807798992,2,Transitional
575,-0.6467581840091087,-0.6505658255613589,-0.005502209061714,2,Transitional
576,0.0621234572866663,-0.7879459154918073,-0.103168154525381,2,Transitional
577,1.0420727113820347,-1.036947321179591,-0.2225376434254184,2,Transitional
578,0.0166812401765462,-1.009961910860506,-0.2659447302981594,2,Transitional
579,-0.1887886140493714,-1.040627112639047,-0.2008340999890481,2,Transitional
580,0.2739784405854438,-1.0026023279415943,-0.2985000454527151,2,Transitional
581,0.3041208759763215,-0.9474049881359128,-0.2767965020163446,2,Transitional
582,-0.8139617981362929,-0.8419166191515164,-0.1899823282708629,2,Transitional
583,-0.4223036958810227,-0.8002119260161468,-0.2333894151436037,2,Transitional
584,-0.6999603482151093,-0.7658669327781503,-0.3093518171709004,1,Calm
585,-0.0083597366446542,-0.6836841826533833,-0.3202035888890856,1,Calm
586,0.2296476099844569,-0.8639956018651735,-0.2985000454527151,1,Calm
587,-1.4346730928630325,-0.2359722834780692,-0.2985000454527151,1,Calm
588,0.2811564972250167,-0.5254517461552501,-0.3961659909163821,1,Calm
589,0.10816250649285,-0.534037965220134,-0.4938319363800491,1,Calm
590,0.4538810278634895,-0.6885906102588114,-0.4938319363800491,1,Calm
591,-0.6766726907197432,-0.410150638938459,-0.53723902325279,1,Calm
592,1.1823863727940431,-0.8002119260161468,-0.6132014252800867,1,Calm
593,0.267774493917319,-0.9216462139628,-0.6132014252800867,1,Calm
594,-0.1566165302875474,-0.9216462139628,-0.6457567404346424,1,Calm
595,0.010922839265899,-0.944951715843968,-0.7217191424619388,1,Calm
596,0.5843451577146144,-1.0038289640875666,-0.6891638273073832,1,Calm
597,-0.9332943732155904,-0.9179663055248828,-0.732570914180124,1,Calm
598,0.0382102301108015,-1.0136418192984231,-0.7651262293346798,1,Calm
599,0.5375414500077325,-1.0075087555470223,-0.732570914180124,1,Calm
600,0.4832134029169597,-1.1448888454774704,-0.7434226858983093,1,Calm
601,0.132268082092744,-1.1215832266178412,-0.7542744576164945,1,Calm
602,-0.0445263872617657,-0.9927894727307378,-0.8085333162074206,1,Calm
603,-0.322150756468425,-0.8811681569734026,-0.775978001052865,1,Calm
604,0.0723774649478195,-0.8492763190488892,-0.8844957182347173,1,Calm
605,-0.4218525902176792,-0.7658669327781503,-0.8953474899529026,1,Calm
606,-0.5596775807435362,-0.7290686672482086,-0.9387545768256432,1,Calm
607,0.3797641910935166,-0.7474678585024098,-0.7868297727710502,1,Calm
608,0.7277341893027283,-0.9424985605304846,-0.8085333162074206,1,Calm
609,-0.1803850529767353,-1.0357206850336187,-0.775978001052865,1,Calm
610,-0.8240065518620907,-0.8222909087298039,-0.8410886313619764,1,Calm
611,0.3962840199763874,-0.9498581434493965,-0.9170510333892729,1,Calm
612,-1.1840511719167068,-0.6223537790963013,-0.9061992616710876,1,Calm
613,-0.385217408145693,-0.5880087858583045,-0.8627921747983468,1,Calm
614,-0.3052939757829447,-0.4334562577980885,-0.9061992616710876,1,Calm
615,0.593369754373786,-0.6640584722316709,-0.8953474899529026,1,Calm
616,0.6819221387321937,-0.7965321345566913,-0.8844957182347173,1,Calm
617,0.4299942943056636,-0.9854297728333652,-0.9713098919801992,1,Calm
618,0.3901175957071916,-1.0479868125364196,-0.9821616636983844,1,Calm
619,0.595461411014306,-1.0774253781689882,-0.9821616636983844,1,Calm
620,-0.1647917534401582,-1.0614794592067316,-0.9930134354165696,1,Calm
621,-0.2483797727865596,-0.9780701899144536,-0.9713098919801992,1,Calm
622,0.1989751306723821,-1.101957516196129,-1.0038652071347547,1,Calm
623,-0.0175751353804375,-1.152248428396382,-1.0798276091620511,1,Calm
624,-0.7307378502804424,-0.9314590691736558,-1.112382924316607,1,Calm
625,1.1519299394985432,-1.062706095352704,-1.068975837443866,1,Calm
626,0.0081540158727671,-1.0344941658661075,-1.068975837443866,1,Calm
627,-0.9088940460723608,-0.626033570555757,-1.0906793808802366,1,Calm
628,0.661186027814655,-0.9437250796979956,-1.0798276091620511,1,Calm
629,-0.700564025151461,-0.8222909087298039,-1.144938239471163,1,Calm
630,0.0354500150871121,-0.8333304000866326,-1.199197098062089,1,Calm
631,0.594509909519157,-0.9388186520925677,-1.2209006414984591,1,Calm
632,0.0090207344524155,-1.00628211940105,-1.2643077283712,1,Calm
633,-0.1319127662205073,-0.944951715843968,-1.1774935546257184,1,Calm
634,-0.2483798068636445,-0.9584443625142796,-1.068975837443866,1,Calm
635,0.7640976284129047,-0.9253260054222556,-1.0581240657256807,1,Calm
636,-0.1975532649676671,-1.0394005934715358,-1.144938239471163,1,Calm
637,-0.3185589176899749,-1.0148683384659338,-1.0472722940074957,1,Calm
638,-0.0411676103696513,-0.9081534503140264,-1.0038652071347547,1,Calm
639,-0.2654680531750342,-0.8934341674977422,-0.9930134354165696,1,Calm
640,0.6436266692632611,-0.9903362004387932,-0.9713098919801992,1,Calm
641,-0.0824241347536824,-0.9903362004387932,-0.8736439465165321,1,Calm
642,0.4140563690819897,-0.9866564089793376,-0.8953474899529026,1,Calm
643,-1.152440475191672,-0.6714181721290438,-0.8953474899529026,1,Calm
644,-0.844092253938749,-0.3046622699540627,-0.9930134354165696,1,Calm
645,0.3650993144958319,-0.6628318360856985,-0.9821616636983844,1,Calm
646,0.1982927517159062,-0.6554722531667868,-1.0038652071347547,1,Calm
647,-1.2308808914930425,-0.1893610457588102,-1.1232346960347923,1,Calm
648,-0.0863928944141743,-0.2960760508891789,-1.1232346960347923,1,Calm
649,-0.2945873520455518,-0.4628947064521958,-1.1340864677529774,1,Calm
650,0.7841012688224827,-0.8075716259135195,-1.1015311525984215,1,Calm
651,-0.2152563853744993,-0.6984034654696676,-1.1232346960347923,1,Calm
652,-1.0294597252166926,-0.1979474987806168,-1.1015311525984215,1,Calm
653,0.075327311852082,-0.2776769766134388,-1.1232346960347923,1,Calm
654,1.1952421098222707,-0.6542456170208144,-1.068975837443866,1,Calm
655,-0.0350937460548557,-0.6530189808748423,-1.0906793808802366,1,Calm
656,-0.4712828374248254,-0.6579254084802704,-1.0798276091620511,1,Calm
657,1.08373561462859,-0.9842031366873928,-1.1232346960347923,1,Calm
658,-0.2908991585228551,-0.902020386562626,-1.166641782907533,1,Calm
659,0.4440186826270398,-0.944951715843968,-1.1340864677529774,1,Calm
660,-0.4444568554358766,-0.7977587707026634,-1.112382924316607,1,Calm
661,0.5938724472802706,-0.9694838538711084,-1.166641782907533,1,Calm
662,-0.2145091003794081,-0.8676753933246293,-1.166641782907533,1,Calm
663,0.5962477354410696,-0.9424985605304846,-1.166641782907533,1,Calm
664,0.3619373610567293,-0.9940159918982492,-1.1340864677529774,1,Calm
665,0.4270634441653996,-1.0933712971312448,-1.155790011189348,1,Calm
666,0.0288665453762775,-1.1080905799475291,-1.1774935546257184,1,Calm
667,0.2019933116982025,-1.0872382333798445,-1.1774935546257184,1,Calm
668,-0.4547100025486412,-1.0430803849309915,-1.199197098062089,1,Calm
669,0.438902241874586,-1.0884648695258168,-1.2426041849348295,1,Calm
670,0.5422790257606223,-1.1792338387154675,-1.2534559566530148,1,Calm
671,-0.0686649784727396,-1.0958245694231896,-1.2860112718075705,1,Calm
672,-0.1866467513902651,-0.9817499813739096,-1.1883453263439037,1,Calm
673,0.3256955159436237,-0.9314590691736558,-1.2209006414984591,1,Calm
674,0.4416822558968171,-1.1792338387154675,-1.2317524132166444,1,Calm
675,-0.5372714846773079,-1.018548246903851,-1.1774935546257184,1,Calm
676,0.159173117156755,-0.9940159918982492,-1.210048869780274,1,Calm
677,-0.3125386716659175,-0.9228727331303108,-1.210048869780274,1,Calm
678,0.5508529926151982,-1.166967828191128,-1.210048869780274,1,Calm
679,-0.0679338418298357,-1.136302626412587,-1.2534559566530148,1,Calm
680,-0.3025326657352796,-1.0467601763904473,-1.210048869780274,1,Calm
681,0.6939884558348991,-1.1755540472560115,-1.210048869780274,1,Calm
682,-0.3573115333239973,-1.0504399678499028,-1.2317524132166444,1,Calm
683,0.4384060657952964,-1.1829136301749232,-1.2426041849348295,1,Calm
684,-0.1850761028341056,-1.1142236436989297,-1.2426041849348295,1,Calm
685,-1.927300571387774,-0.129257278347701,-1.1340864677529774,1,Calm
686,0.403293910930008,-0.6836841826533833,-1.166641782907533,1,Calm
687,-0.5324269120043965,-0.3524999098623714,-1.1232346960347923,1,Calm
688,1.3792704173652102,-0.8235175448757763,-1.068975837443866,1,Calm
689,-0.5028173737643375,-0.6162207153449009,-1.01471697885294,1,Calm
690,0.5999747546279104,-0.7891725516377797,-1.0798276091620511,1,Calm
691,0.198292683257392,-0.9155131502113992,-1.0906793808802366,1,Calm
692,0.8258457668051175,-0.9314590691736558,-1.0472722940074957,1,Calm
693,0.2086593753373846,-0.8848479484328583,-1.0472722940074957,1,Calm
694,0.2572105468572637,-0.8284239724812045,-1.1232346960347923,1,Calm
695,-0.0549682747541478,-0.8235175448757763,-1.1340864677529774,1,Calm
696,0.4002915950375648,-0.8468230467569445,-1.1015311525984215,1,Calm
697,-0.2523922859172861,-0.7756797879890063,-1.0798276091620511,1,Calm
698,0.4972928247421201,-0.8443698914434612,-1.112382924316607,1,Calm
699,-0.8403746682274125,-0.5916885773177603,-0.9713098919801992,1,Calm
700,0.6253669083222752,-0.7020833739075847,-0.9713098919801992,1,Calm
701,-0.8883526289596612,-0.4800672615604249,-0.8519404030801616,1,Calm
702,-0.0395482139328956,-0.4211901302952876,-0.9170510333892729,1,Calm
703,0.6773475205256808,-0.6064078601340446,-0.8736439465165321,1,Calm
704,0.5306075956808242,-0.5536637926203081,-0.9061992616710876,1,Calm
705,-0.5543877595875458,-0.332874199440659,-0.9061992616710876,1,Calm
706,-2.1385913490960253,0.5527367436991129,-0.8302368596437911,1,Calm
707,-0.8018040485997436,0.6741709146673045,-0.8193850879256059,1,Calm
708,0.528432525793908,1.0593257741395643,-0.7217191424619388,1,Calm
709,-0.2809471634876775,1.2666226036704398,-0.5480907949709752,1,Calm
710,0.8840332669971596,0.129556865572478,-0.732570914180124,1,Calm
711,-0.2119670163615868,0.4558345937796004,-0.6674602838710127,1,Calm
712,-0.6388196834653426,0.8054179408463523,-0.5697943384073457,1,Calm
713,0.8031357963460619,0.6447323490347359,-0.6349049687164572,1,Calm
714,1.0792354949091387,-0.0814196384393918,-0.4612766212254935,1,Calm
715,-0.0341871385014274,-0.2040804455535559,-0.4178695343527526,1,Calm
716,0.7658188875125973,-0.3377807440245484,-0.4721283929436787,1,Calm
717,0.0503536246029506,-0.2371989196240416,-0.580646110125531,1,Calm
718,-1.7137203963300356,0.4043170454333746,-0.4287213060709378,1,Calm
719,0.8828355734108834,-0.0127296519633984,-0.3961659909163821,1,Calm
720,-0.7575519946323076,0.4104502261632365,-0.3853142191981968,1,Calm
721,-1.6232217329011929,1.083858029145166,-0.2116858717072332,0,Stressful
722,0.081858216081525,0.7146489716567017,-0.2008340999890481,0,Stressful
723,-0.5759482882580867,0.729368371451447,-0.0706128393708254,0,Stressful
724,1.0836401869856522,0.3932777880334688,-0.0814646110890105,0,Stressful
725,0.5903131642244545,0.145502901513196,-0.005502209061714,0,Stressful
726,-1.0828444726354365,0.4423420640877498,-0.0814646110890105,0,Stressful
727,0.4012760463533987,-0.146429950434391,-0.0163539807798992,0,Stressful
728,-0.2279494882057999,0.1320101378644227,-0.0163539807798992,0,Stressful
729,-1.9751971336754288,0.5245248142125166,0.146422594992879,0,Stressful
730,-0.3733143834496064,0.4926329762880033,0.2440885404565461,0,Stressful
731,-2.3626650023450484,0.9219458011875772,0.3200509424838427,0,Stressful
732,0.1075263201793366,1.1550012879131044,0.4068651162293243,0,Stressful
733,1.9056392250717864,0.5343376694233728,0.5696416920021029,0,Stressful
734,-2.0070774063177947,1.0237542617340565,0.7649735829294368,0,Stressful
735,0.515613266701994,0.6569984765375368,0.91689838698403,2,Transitional
736,0.0341889943215089,0.5392439800503396,0.8734913001112893,2,Transitional
737,-0.7541678845302568,0.8434429595007276,0.9494537021385856,2,Transitional
738,-1.2359186969146798,0.9599705858850296,1.112230277911364,2,Transitional
739,-0.2288647143820296,1.4101357573522886,1.0471196476022528,2,Transitional
740,1.2461016096663322,0.8532558147115838,0.8083806698021778,2,Transitional
741,-0.50822637504998,0.7416342649973257,0.862639528393104,2,Transitional
742,1.638494864444995,0.341760239687243,0.721566496056696,2,Transitional
743,-1.2109758811289837,0.4656474489904566,0.7866771263658073,2,Transitional
744,1.6855555114930043,0.0571869706585674,0.6239005505930291,2,Transitional
745,0.1615153945906152,-0.0090497435254813,0.5045310616929916,2,Transitional
746,0.4111809871628425,-0.1820014628398987,0.4502722031020653,2,Transitional
747,-0.8175766055688642,-0.0311287262391384,0.5587899202839177,2,Transitional
748,1.0285834208355198,-0.391751564662719,0.4068651162293243,2,Transitional
749,-1.5207198291462236,-0.0139562881093707,0.4177168879475096,2,Transitional
750,0.6671908921313278,-0.2249327921212406,0.4285686596656948,2,Transitional
751,-1.250713059820561,0.4779135764932576,0.5804934637202881,2,Transitional
752,-0.0810476915448102,0.19088726912956,0.2332367687383608,2,Transitional
753,-1.3617768929870833,0.3932777880334688,0.2983473990474722,2,Transitional
754,-1.3214232342678809,0.4631944106554346,0.3634580293565836,2,Transitional
755,-0.5651538265048334,0.6275599109049682,0.482827518256621,2,Transitional
756,-0.8351298374356722,0.9599705858850296,0.3960133445111394,2,Transitional
757,0.6397941173194478,0.5380173439043672,0.482827518256621,2,Transitional
758,-0.1571925879165101,0.3981840986604355,0.4611239748202506,2,Transitional
759,0.0224821604635438,0.3564794055250659,0.4936792899748062,2,Transitional
760,1.1038508910187423,0.1221972826535665,0.4611239748202506,2,Transitional
761,-0.0013480591218955,-0.0102763796714536,0.4719757465384358,2,Transitional
762,-0.2528780458352636,-0.1047252572990214,0.482827518256621,2,Transitional
763,-0.3622758961523322,0.1209706465075941,0.5045310616929916,2,Transitional
764,-1.388723088529937,0.4165831729361756,0.4611239748202506,2,Transitional
765,0.2501434197579592,0.7355013182243866,0.5479381485657324,2,Transitional
766,0.0502457487037926,1.521757073109624,0.66730763746577,0,Stressful
767,-1.4625117801995569,1.8492616714196417,0.7975288980839926,0,Stressful
768,-4.14374671003957,3.12493378465864,1.112230277911364,0,Stressful
769,-8.36760944367423,6.168148109696187,1.3726727991478096,0,Stressful
770,1.7972431291552988,6.214759815329292,1.448635201175106,0,Stressful
771,-2.9654773489902975,7.29417435643732,1.2858586254023276,0,Stressful
772,4.064708730727083,4.934180689592559,1.568004690075144,0,Stressful
773,-1.70561599471503,4.469296118330554,1.6222635486660697,0,Stressful
774,-2.7074332964097683,5.721662846666845,1.6222635486660697,0,Stressful
775,-3.685044767002526,6.501785654779144,1.1990444516568457,0,Stressful
776,4.635335209917759,4.368714293930047,1.003712560729512,0,Stressful
777,-1.00269486068979,4.939087234176448,0.7975288980839926,0,Stressful
778,0.1111387187704277,4.246053486815883,0.8843430718294745,0,Stressful
779,0.3201050452693548,3.099175127463988,0.4177168879475096,0,Stressful
780,-0.7697627337057414,2.9090509700198033,0.2874956273292871,0,Stressful
781,2.6440428003343968,2.395101888746595,0.6239005505930291,0,Stressful
782,-1.9432414722149391,2.840360749586887,0.7324182677748812,0,Stressful
783,-1.9735793837817952,3.24391491729181,0.678159409183955,0,Stressful
784,-0.9548404318945578,3.3862014348276857,0.8843430718294745,0,Stressful
785,-0.3641475057609852,3.0881356361071597,1.003712560729512,0,Stressful
786,2.024552884567908,2.907824099916908,1.14478559306592,0,Stressful
787,-2.0990752319699593,2.85385351323566,0.9928607890113266,0,Stressful
788,-3.004177733931503,3.635202723537008,0.8843430718294745,0,Stressful
789,-1.9828994459733371,3.2733532489674553,1.101378506193179,0,Stressful
790,-3.0780476064207876,3.638882865931848,0.9928607890113266,0,Stressful
791,4.145592161006078,2.7839368906136945,0.9820090172931414,0,Stressful
792,0.5890336739803282,3.2169293899942626,0.819232441520363,0,Stressful
793,2.4139442425715893,2.6220246626561057,0.9494537021385856,0,Stressful
794,1.2635426479385266,2.457659162406572,1.0254161041658822,0,Stressful
795,0.623225890680933,2.0688241605394726,1.0796749627568083,0,Stressful
796,0.5635969572686138,1.7511326513972338,1.0688231910386232,0,Stressful
797,-0.2218745422433792,2.104395906901903,1.1230820496295495,0,Stressful
798,0.4742787500625315,1.917951423938712,1.39437634258418,0,Stressful
799,2.3067536308888186,1.5193038008176791,1.39437634258418,0,Stressful
800,-2.177470760744554,1.650550826996727,1.361821027429624,0,Stressful
801,0.1312666479456989,1.5904472935425402,1.6548188638206252,0,Stressful
802,1.4108054422456235,1.1353755774913918,1.6765224072569955,0,Stressful
803,0.8708171034533865,1.221238236054076,1.64396709210244,0,Stressful
804,0.2070859692639672,1.0409266998638242,1.6331153203842548,2,Transitional
805,-1.1678235233148089,1.0213009894421117,1.665670635538811,2,Transitional
806,-0.1660206134297295,0.7686197922948723,1.5354493749205878,2,Transitional
807,-1.0856630342114415,1.016394678815145,1.6548188638206252,2,Transitional
808,-0.8667922084503346,1.147641704994193,1.524597603202403,2,Transitional
809,2.7242575064232724,0.5735890902667977,1.785040124438848,2,Transitional
810,1.6142747126664123,0.4202630813740927,1.785040124438848,2,Transitional
811,0.2844311257228179,0.7673931561488999,1.5028940597660323,2,Transitional
812,0.8909720501103947,0.6251066386130235,1.698225950693366,2,Transitional
813,-0.3236532018264368,0.5650028712019138,1.600560005229699,2,Transitional
814,0.836720632231706,0.6557718403915644,1.5463011466387733,2,Transitional
815,0.0514177713109124,0.6251066386130235,1.568004690075144,2,Transitional
816,-0.5680286872120487,0.6864370421701055,1.6331153203842548,2,Transitional
817,0.996467363411551,0.5502834714071682,1.5571529183569583,2,Transitional
818,0.9406802951721408,0.5220715419205719,1.5788564617933287,2,Transitional
819,-0.9978565246878676,0.729368371451447,1.4703387446114764,2,Transitional
820,-0.8274907218734925,1.1059370118588232,1.4703387446114764,2,Transitional
821,1.7648037782690351,0.4239429898120098,1.5354493749205878,2,Transitional
822,0.5589606817630567,0.2166461602811343,1.5788564617933287,2,Transitional
823,-0.3696725890729203,0.3196812569735858,1.5897082335115142,2,Transitional
824,-1.7586398324997683,1.3524852622331236,1.6331153203842548,2,Transitional
825,1.239594871429847,0.5551900159910577,1.817595439593404,2,Transitional
826,0.863529790403827,0.453381555444578,1.741633037566107,2,Transitional
827,-0.1407884493569849,0.3098684017627296,1.741633037566107,2,Transitional
828,-0.0571174667283844,0.6226533663210787,1.6548188638206252,2,Transitional
829,0.4841529136354581,0.1945671775674771,1.774188352720663,2,Transitional
830,-0.0452063575655668,0.2362718707028467,1.861002526466145,2,Transitional
831,-0.2088305879977975,0.2473113620596752,1.8718542981843296,2,Transitional
832,0.8297664220049302,-0.0237691433202269,1.9695202436479968,2,Transitional
833,-0.4812240050978449,0.2473113620596752,1.8501507547479592,2,Transitional
834,1.0323594014331123,-0.1881346435697605,2.0237791022389233,2,Transitional
835,-0.3858412954155411,-0.2151199369103844,1.9586684719298115,2,Transitional
836,-1.7052279376947264,0.9378916031713724,1.926113156775256,2,Transitional
837,-0.7446150216013422,0.6079342004832557,1.9586684719298115,2,Transitional
838,-0.3581332857247267,0.790698775008529,1.9695202436479968,2,Transitional
839,0.298677293624235,0.3761051159467783,2.0020755588025527,2,Transitional
840,1.2132596606132071,0.0436944409667168,1.980372015366182,2,Transitional
841,-0.2361629829001642,-0.0200892348823098,1.9478167002116265,2,Transitional
842,1.2002932175079046,-0.275223704321494,1.926113156775256,2,Transitional
843,0.3467579082585806,-0.2555979938997816,1.882706069902515,2,Transitional
844,0.2935940074513959,-0.330421161105637,1.817595439593404,2,Transitional
845,0.1765720291398582,-0.2322923750401521,1.9695202436479968,2,Transitional
846,0.3447725473849631,-0.269090757548555,2.0020755588025527,2,Transitional
847,0.505982691791924,-0.4322296216521162,1.9695202436479968,2,Transitional
848,-0.1389240199021875,-0.159922480126242,1.9586684719298115,2,Transitional
849,0.8021654423867125,-0.3733522564300562,1.882706069902515,2,Transitional
850,-1.113899304519865,0.2926957296760392,1.861002526466145,2,Transitional
851,-2.791577393243155,2.610985171299277,1.7524848092842926,0,Stressful
852,0.851873354354077,1.4199486125631446,1.785040124438848,0,Stressful
853,-1.8469565803497792,2.5067232045039303,1.5571529183569583,0,Stressful
854,0.0040681072006699,1.521757073109624,1.6765224072569955,0,Stressful
855,-1.003189373044077,1.9400304066523693,1.600560005229699,0,Stressful
856,0.9636745735868392,1.1194297755075966,1.6114117769478846,0,Stressful
857,0.9089222607627606,0.525751450358489,1.6222635486660697,2,Transitional
858,-1.5976046669656088,1.0875379375830831,1.5897082335115142,2,Transitional
859,-2.1965250182730243,1.2825686396111575,1.481190516329662,2,Transitional
860,2.120019147085974,0.6520919319536473,1.5571529183569583,2,Transitional
861,-0.5661975601986506,0.8078712131382971,1.459486972893291,2,Transitional
862,1.380608340640494,0.466874085136429,1.5354493749205878,2,Transitional
863,-0.1010648769169457,0.4705539935743461,1.5028940597660323,2,Transitional
864,0.6843356203670347,0.2546709449785867,1.4703387446114764,2,Transitional
865,-1.6546418329640975,0.8066445769923247,1.2315997668114018,2,Transitional
866,-0.3520171316023207,0.7146489716567017,1.2207479950932163,2,Transitional
867,-0.3361976242714655,0.587081853915571,1.1881926799386608,2,Transitional
868,1.4612050854416383,0.2019267604863885,1.2967103971205132,2,Transitional
869,0.1270100145415825,0.2853361467571277,1.3292657122750686,2,Transitional
870,0.5323216207467124,0.2877894190490724,1.3726727991478096,2,Transitional
871,0.7781866088635534,0.2509910365406696,1.2641550819659573,2,Transitional
872,-0.1488731728898059,0.3478931864601821,1.2098962233750312,2,Transitional
873,0.6154563100334267,0.1283302294265056,1.14478559306592,2,Transitional
874,0.3287453167483902,-0.0777397300014747,1.3184139405568835,2,Transitional
875,0.1802819003941196,-0.1084049317800157,1.340117483993254,2,Transitional
876,-0.0549913229488906,0.188434230794538,1.39437634258418,2,Transitional
877,1.4011948929681737,-0.1721886076290425,1.2967103971205132,2,Transitional
878,-0.9699914399733812,0.1160643358806269,1.350969255711439,2,Transitional
879,-0.0433546306200877,-0.1991739009696664,1.4703387446114764,2,Transitional
880,-0.4189329216514084,0.313548076243724,1.4703387446114764,2,Transitional
881,1.1486577842851675,-0.2028538094075835,1.665670635538811,2,Transitional
882,0.4652025948564477,-0.2519180854618645,1.817595439593404,2,Transitional
883,0.0555831273785113,-0.4359092961331106,1.861002526466145,2,Transitional
884,0.3640978821100191,-0.391751564662719,1.882706069902515,2,Transitional
885,-0.0326648710141662,-0.2347456473320968,1.8284472113115888,2,Transitional
886,0.3920174813113075,-0.3095688145379522,1.882706069902515,2,Transitional
887,0.6398801537865434,-0.515638890944394,1.9044096133388853,2,Transitional
888,-0.3787881927572402,-0.146429950434391,1.9586684719298115,2,Transitional
889,-0.2878155622278721,0.0461477132586615,1.9695202436479968,2,Transitional
890,1.0427555632708725,-0.4579882788467679,2.067186189111664,2,Transitional
891,0.5114721249968903,-0.4874269614577977,1.9369649284934412,2,Transitional
892,0.3677552534849954,-0.3966578752896857,1.9586684719298115,2,Transitional
893,-0.7797863645224764,-0.0544343450987679,1.8392989830297743,2,Transitional
894,-0.0215082911885145,-0.0740600555204804,1.9586684719298115,2,Transitional
895,-0.5927989972035826,0.0510540238856283,1.9044096133388853,2,Transitional
896,-0.8639910451124558,0.5858552177695986,1.8067436678752185,2,Transitional
897,1.0422019567265317,-0.2151199369103844,1.8067436678752185,2,Transitional
898,0.52044674823472,-0.2776769766134388,1.7958918961570334,2,Transitional
899,-0.1931057066061803,-0.2200262475373512,1.9044096133388853,2,Transitional
900,-0.3265070827901946,-0.5328114460526229,1.861002526466145,2,Transitional
901,0.4897396246596746,-0.6100877685719617,1.882706069902515,2,Transitional
902,0.7420239095694965,-0.6027280686745888,1.8501507547479592,2,Transitional
903,-0.7774793991261439,-0.1550161694992748,1.7524848092842926,2,Transitional
904,-0.1363407110425571,-0.318155033602836,1.741633037566107,2,Transitional
905,-0.2006415015470283,-0.2739970681755217,1.730781265847922,2,Transitional
906,-0.1286554581497505,-0.4518553320738286,1.7199294941297365,2,Transitional
907,-1.0339647731339563,-0.2102133923264949,1.698225950693366,2,Transitional
908,-1.000085162566626,-0.09859207656916,1.7090777224115516,2,Transitional
909,-0.0443669320950388,0.26816370862736,1.687374178975181,2,Transitional
910,-0.1606141719146544,0.176168103291737,1.6548188638206252,2,Transitional
911,2.198030909423185,-0.4653479787441406,1.861002526466145,2,Transitional
912,0.0660205923488006,-0.4555351235332843,1.7633365810024777,2,Transitional
913,-0.9214676427003908,-0.0164093264443927,1.698225950693366,2,Transitional
914,0.836427496004206,-0.2629575768186931,1.7199294941297365,2,Transitional
915,-1.7156544907644002,0.6852104060241331,1.5788564617933287,2,Transitional
916,-3.1467632281494406,1.5131708540447402,1.405228114302365,0,Stressful
917,-0.7767552960407095,2.0479720479287105,1.1230820496295495,0,Stressful
918,-2.047729175585365,2.868572679073483,0.9386019304204006,0,Stressful
919,1.854577574078588,1.9535231703011424,1.0688231910386232,0,Stressful
920,-0.1608676001772293,1.748679379105289,0.8843430718294745,0,Stressful
921,-0.762629260642571,2.312919372578751,0.819232441520363,0,Stressful
922,2.0952086190652977,1.3880567746386314,0.971157245574956,0,Stressful
923,-2.8605561025686645,2.647783319850757,0.6564558657475847,0,Stressful
924,-0.2440190530056308,2.8575331877166548,0.721566496056696,0,Stressful
925,0.8082749546926126,2.028346337506998,0.862639528393104,0,Stressful
926,2.341614531266355,1.0519661912206528,1.057971419320438,0,Stressful
927,0.3978430180721176,1.429761467774001,1.003712560729512,0,Stressful
928,1.4743382724408125,0.5968947091264272,1.14478559306592,0,Stressful
929,-1.0995689907801682,1.2874749502381244,0.906046615265845,0,Stressful
930,0.2877135903139528,1.2727557844003017,0.862639528393104,0,Stressful
931,-1.669452602465567,1.5131708540447402,0.7758253546476221,0,Stressful
932,-2.046742181376868,1.8161431973491555,0.7432700394930665,0,Stressful
933,2.886919097282006,0.9636504943229468,0.862639528393104,0,Stressful
934,0.2997671083128587,0.8238170151220924,0.91689838698403,2,Transitional
935,-1.2488821996656034,0.5674561434938586,0.66730763746577,2,Transitional
936,1.4590822997789918,0.1307835017184503,0.8083806698021778,2,Transitional
937,-0.3147213933296761,0.4582878660715451,0.6890111809021402,2,Transitional
938,0.5980756181066699,0.1185173742156494,0.7866771263658073,2,Transitional
939,0.3022055876168659,0.1528624844321075,0.6998629526203255,2,Transitional
940,0.7737036471049018,-0.1697353353370977,0.8517877566749188,2,Transitional
941,-0.0314274433295317,-0.1390701335585567,0.7649735829294368,2,Transitional
942,0.8267692699866007,-0.3144751251649189,0.7975288980839926,2,Transitional
943,-0.1308436016069266,0.1381433185942845,0.7432700394930665,2,Transitional
944,0.5074284759940886,-0.2310657388941797,0.7758253546476221,2,Transitional
945,0.0755165146951876,-0.2887164679702674,0.721566496056696,2,Transitional
946,0.0563478786823718,-0.2911695063052894,0.7649735829294368,2,Transitional
947,-0.0238584241308864,-0.3132484890189466,0.7649735829294368,2,Transitional
948,0.9313519183176456,-0.6370730619125856,1.014564332447697,2,Transitional
949,-0.269756739783578,-0.5941418496097048,0.9494537021385856,2,Transitional
950,0.2736428592372278,-0.5107324633389658,0.971157245574956,2,Transitional
951,-0.3675093506010219,-0.3635394012192,0.8083806698021778,2,Transitional
952,-0.8925617752276361,-0.0139562881093707,0.8083806698021778,2,Transitional
953,0.1875777877027884,-0.2727704320295493,0.7541218112112517,2,Transitional
954,0.6770296001398475,-0.410150638938459,0.7541218112112517,2,Transitional
955,-1.083491053319774,-0.0617939280176794,0.6890111809021402,2,Transitional
956,-0.5386030719979963,0.0277484050259992,0.6130487788748439,2,Transitional
957,-1.87824482346469,0.666811331748393,0.4177168879475096,2,Transitional
958,0.6541442291169266,0.2571242172705315,0.482827518256621,2,Transitional
959,-1.3289678815367338,0.8581621253385505,0.2332367687383608,2,Transitional
960,1.4517215696793655,0.1921139052755323,0.3960133445111394,2,Transitional
961,0.4712572942991104,0.177394739437709,0.330902714202028,2,Transitional
962,-0.3028375184154248,-0.190587681904783,0.4068651162293243,2,Transitional
963,0.771070280117673,-0.3169283974568637,0.3634580293565836,2,Transitional
964,-0.2890211310524968,-0.3144751251649189,0.3200509424838427,2,Transitional
965,0.002777479117437,-0.3586330905922332,0.2874956273292871,2,Transitional
966,0.1175664282656584,-0.4162835857113981,0.2874956273292871,2,Transitional
967,0.6402173678472125,-0.3635394012192,0.3526062576383985,2,Transitional
968,0.0882454713043334,-0.4935599082307368,0.3851615727929541,2,Transitional
969,0.3787936402030318,-0.6039547048205612,0.4068651162293243,2,Transitional
970,0.2986967571440072,-0.7621871413186944,0.5587899202839177,2,Transitional
971,-0.2668149210130675,-0.549983884182391,0.4285686596656948,2,Transitional
972,-0.1948568326036781,-0.269090757548555,0.3743098010747689,2,Transitional
973,0.8501082291685373,-0.6481125532694142,0.4502722031020653,2,Transitional
974,0.7320960349973723,-0.6321666343071575,0.6564558657475847,2,Transitional
975,-0.2201647860089776,-0.6971769463021567,0.5370863768475472,2,Transitional
976,-0.6167650565361528,-0.4825205338523696,0.4502722031020653,2,Transitional
977,0.5162828956291954,-0.6542456170208144,0.5153828334111767,2,Transitional
978,-0.987107591500856,-0.4322296216521162,0.4502722031020653,2,Transitional
979,0.071672559418039,-0.3193816697488084,0.5262346051293619,2,Transitional
980,-0.67910094586795,-0.2273860644131854,0.5153828334111767,2,Transitional
981,0.004861888766722,-0.2543713577538093,0.5045310616929916,2,Transitional
982,-1.078255356661776,-0.129257278347701,0.3634580293565836,2,Transitional
983,-0.6642214796808434,-0.3991111475816304,0.3634580293565836,2,Transitional
984,1.4106712351755015,-0.5548903117878188,0.4394204313838801,2,Transitional
985,0.144532569730767,-0.4653479787441406,0.3960133445111394,2,Transitional
986,-0.0061291703159066,-0.461668187284685,0.4177168879475096,2,Transitional
987,-0.1924448625081716,-0.3267412526677198,0.5153828334111767,2,Transitional
988,0.4207013298939229,-0.2237061559752683,0.5479381485657324,2,Transitional
989,-0.870788256367358,0.374878479800806,0.4936792899748062,2,Transitional
990,1.785436890526604,-0.7155760205778965,0.7107147243385107,2,Transitional
991,0.0957894751503328,-0.7732266326755229,0.678159409183955,2,Transitional
992,0.3282472633036685,-0.883621312286886,0.6564558657475847,2,Transitional
993,0.4086291549799515,-0.8308771277946878,0.7541218112112517,2,Transitional
994,0.2187256824715346,-0.829650608627177,0.8300842132385483,2,Transitional
995,0.0686126427309455,-0.8149312088324311,0.7975288980839926,2,Transitional
996,-0.0106379598400572,-0.883621312286886,0.7758253546476221,2,Transitional
997,-0.1754679424409969,-0.6738713274425273,0.7541218112112517,2,Transitional
998,0.0096034044152285,-0.527905018447195,0.6564558657475847,2,Transitional
999,0.8275312894776958,-0.8676753933246293,0.8517877566749188,2,Transitional
1000,0.1917639117137002,-1.0259078298227624,0.819232441520363,2,Transitional
1001,-0.1623716765662879,-0.7474678585024098,0.721566496056696,2,Transitional
1002,0.2641756261803039,-0.8541827466543174,0.66730763746577,2,Transitional
1003,-0.4827558447931251,-0.7045365292210684,0.5153828334111767,2,Transitional
1004,0.8751369098481482,-0.932685588341167,0.5696416920021029,2,Transitional
1005,-0.9452871146438432,-0.5757426583555036,0.5262346051293619,2,Transitional
1006,0.6502971006543514,-0.7425614308969819,0.5153828334111767,2,Transitional
1007,0.7714348678290823,-0.8357835554001157,0.6021970071566586,2,Transitional
1008,0.429704088957789,-0.8676753933246293,0.6890111809021402,2,Transitional
1009,0.7849140360034581,-0.8848479484328583,0.7432700394930665,2,Transitional
1010,-0.5069086826127432,-0.6959503101561842,0.8083806698021778,2,Transitional
1011,-0.536862747669695,-0.4126039112304038,0.9277501587022154,2,Transitional
1012,0.2580517554102073,-0.5548903117878188,0.91689838698403,2,Transitional
1013,-0.4824483167375615,-0.3083421783919798,0.91689838698403,2,Transitional
1014,-0.9426609927736302,-0.0936857659421928,1.2315997668114018,2,Transitional
1015,0.2968696872152537,-0.3439136907974875,1.2533033102477722,2,Transitional
1016,0.592918173581671,-0.5855555135663598,1.437783429456921,2,Transitional
1017,1.1450569345865451,-0.7143493844319243,1.340117483993254,2,Transitional
1018,0.2306053778875965,-0.8738084570760297,1.2750068536841426,2,Transitional
1019,-0.0720397523996068,-0.8517294743623726,1.3726727991478096,2,Transitional
1020,0.3769485899640598,-0.9424985605304846,1.437783429456921,2,Transitional
1021,-0.505142088093933,-0.7670935689241225,1.350969255711439,2,Transitional
1022,-0.9408165712179088,-0.6493391894153866,1.600560005229699,2,Transitional
1023,0.129850683217922,-0.6971769463021567,1.5354493749205878,2,Transitional
1024,-0.8273836309419188,-0.3255146165217475,1.5028940597660323,2,Transitional
1025,0.49719110013227,-0.4678011340576237,1.600560005229699,2,Transitional
1026,0.7507758833849127,-0.6750979635884995,1.568004690075144,2,Transitional
1027,0.4723333175419132,-0.8026651983080916,1.524597603202403,2,Transitional
1028,-0.502879991682068,-0.515638890944394,1.405228114302365,2,Transitional
1029,-0.0918554176638281,-0.3586330905922332,1.437783429456921,2,Transitional
1030,0.2482604273035894,-0.4837470530198806,1.459486972893291,2,Transitional
1031,0.9296287089078704,-0.8124780535189478,1.3726727991478096,2,Transitional
1032,0.2991596440187294,-0.8063449897675473,1.3075621688386982,2,Transitional
1033,-0.017359583802311,-0.7830394878863791,1.4269316577387354,2,Transitional
1034,0.148770540387208,-0.829650608627177,1.568004690075144,2,Transitional
1035,0.5777422728534664,-0.9167397863573716,1.5137458314842174,2,Transitional
1036,0.0897786190389191,-0.9081534503140264,1.5571529183569583,2,Transitional
1037,-0.0372289688114996,-0.7315219395401533,1.5897082335115142,2,Transitional
1038,-0.0777807699982279,-0.7204824481833247,1.7090777224115516,2,Transitional
1039,-0.7490666147643904,-0.4788406254144525,1.665670635538811,2,Transitional
1040,0.9285175939123628,-0.7204824481833247,1.64396709210244,2,Transitional
1041,0.4603768209749322,-0.883621312286886,1.7524848092842926,2,Transitional
1042,-0.287178640030704,-0.7241622396427805,1.730781265847922,2,Transitional
1043,0.1863883337798628,-0.9228727331303108,1.6114117769478846,2,Transitional
1044,-0.1437543364295891,-0.8860745845788307,1.5571529183569583,2,Transitional
1045,-1.164775050394674,-0.1869080074237877,1.4920422880478468,2,Transitional
1046,-0.2395522903075644,-0.1537895333533024,1.437783429456921,2,Transitional
1047,0.2721631919969887,-0.5364912375120787,1.524597603202403,2,Transitional
1048,0.8854499531883909,-0.7474678585024098,1.5463011466387733,2,Transitional
1049,-0.1148560928427213,-0.6113142877394729,1.5137458314842174,2,Transitional
1050,0.4579810720767845,-0.6947236740102118,1.437783429456921,2,Transitional
1051,0.3501477098195645,-0.6812310273398999,1.5354493749205878,2,Transitional
1052,-0.8822163375883582,-0.226159428267213,1.39437634258418,2,Transitional
1053,0.5051693259589772,-0.5720628668960479,1.405228114302365,2,Transitional
1054,-0.2589640016818988,-0.6444327618099585,1.3835245708659945,2,Transitional
1055,0.104694243551894,-0.69963010161564,1.4160798860205506,2,Transitional
1056,-1.171501113655216,-0.3230613442298027,1.361821027429624,2,Transitional
1057,1.043608558583081,-0.7732266326755229,1.405228114302365,2,Transitional
1058,-0.0934545709594043,-0.687363974112839,1.350969255711439,2,Transitional
1059,0.3305939769090082,-0.8284239724812045,1.2750068536841426,2,Transitional
1060,-0.1198096674006101,-0.8271973363352323,1.3184139405568835,2,Transitional
1061,-0.0749378756769256,-0.8860745845788307,1.2315997668114018,2,Transitional
1062,0.4350154356185369,-1.018548246903851,1.2641550819659573,2,Transitional
1063,0.4370837426548914,-1.0136418192984231,1.1990444516568457,2,Transitional
1064,0.4912351061179727,-1.0958245694231896,1.2858586254023276,2,Transitional
1065,-0.3439896943296703,-0.9179663055248828,1.242451538529587,2,Transitional
1066,0.505368215037902,-1.0811051696284435,1.2207479950932163,2,Transitional
1067,-0.1015499643713167,-1.0308142574281904,1.177340908220475,2,Transitional
1068,0.4518237485853635,-1.146115481623443,1.2207479950932163,2,Transitional
1069,-0.435217995326368,-0.9302324330276834,1.1339338213477343,2,Transitional
1070,0.1619752165214519,-0.932685588341167,1.0688231910386232,2,Transitional
1071,-0.0587765618026901,-0.8554093828002898,1.0254161041658822,2,Transitional
1072,-1.1884758545569427,-0.3230613442298027,1.1339338213477343,2,Transitional
1073,0.0768346115459878,-0.4776139892684801,1.0688231910386232,2,Transitional
1074,0.4382184798022793,-0.7989854068486361,0.9928607890113266,2,Transitional
1075,0.6380607988633317,-1.0050554832550775,0.9386019304204006,2,Transitional
1076,0.2489217413114732,-0.9290057968817113,0.9386019304204006,2,Transitional
1077,0.028214001336472,-0.9290057968817113,1.014564332447697,2,Transitional
1078,-0.5205214761713459,-0.779359579448462,1.1230820496295495,2,Transitional
1079,0.4533287434260535,-0.926552641568228,1.0796749627568083,2,Transitional
1080,-0.6319706807905555,-0.5904619411717877,1.0254161041658822,2,Transitional
1081,-0.3742938686120151,-0.6272602067017294,0.9494537021385856,2,Transitional
1082,-1.380287701881775,0.1933405414215047,0.9277501587022154,2,Transitional
1083,-0.4837174832677394,0.2853361467571277,0.8951948435476597,2,Transitional
1084,1.6103143082116749,-0.4359092961331106,0.9494537021385856,2,Transitional
1085,1.049323626002654,-0.6910438825507561,0.91689838698403,2,Transitional
1086,0.2219976125862966,-0.8026651983080916,0.8734913001112893,2,Transitional
1087,0.0992004677061922,-0.779359579448462,0.8409359849567335,2,Transitional
1088,0.4160749545869871,-0.829650608627177,0.8409359849567335,2,Transitional
1089,0.020010004387274,-0.7769064241349785,0.7649735829294368,2,Transitional
1090,0.0946489420534076,-0.953537934908852,0.7107147243385107,2,Transitional
1091,-1.5430761981712338,0.1737148309997923,0.5804934637202881,2,Transitional
1092,1.3263331659397886,-0.3892982923707742,0.5370863768475472,2,Transitional
1093,0.2990652104928964,-0.6333932704531299,0.5587899202839177,2,Transitional
1094,-0.6710571547146178,-0.2298391027482074,0.4936792899748062,2,Transitional
1095,-0.331226992481596,-0.2592779023376987,0.4177168879475096,2,Transitional
1096,-0.5780398272410789,0.157769029015997,0.3634580293565836,2,Transitional
1097,0.59701173720535,-0.3684459458030895,0.3091991707656575,2,Transitional
1098,-1.222969286130381,0.160222067351019,0.2223849970201756,2,Transitional
1099,1.1739043991685207,-0.2911695063052894,0.3200509424838427,2,Transitional
1100,0.7658197424110932,-0.6100877685719617,0.3851615727929541,2,Transitional
1101,0.2003962866724054,-0.6579254084802704,0.4936792899748062,2,Transitional
1102,-0.1751131829748949,-0.7756797879890063,0.3960133445111394,2,Transitional
1103,-0.7197439741188274,-0.5475307288689073,0.5479381485657324,2,Transitional
1104,-0.4194580810256597,-0.4494020597818838,0.482827518256621,2,Transitional
1105,1.0260364596497007,-0.8149312088324311,0.3526062576383985,2,Transitional
1106,-0.995410824928542,-0.5634766478311638,0.3960133445111394,2,Transitional
1107,0.0577399922080307,-0.6125409238854453,0.3851615727929541,2,Transitional
1108,0.6351466931571553,-0.8689020294706015,0.4177168879475096,2,Transitional
1109,-0.4741596653956972,-0.7082163206805239,0.3851615727929541,2,Transitional
1110,0.6579725078240054,-0.9044736588545708,0.4177168879475096,2,Transitional
1111,-0.245273708941741,-0.8541827466543174,0.5587899202839177,2,Transitional
1112,0.091642018258931,-0.8345570362326049,0.6130487788748439,2,Transitional
1113,0.0680909475959259,-0.8934341674977422,0.6347523223112144,2,Transitional
1114,0.0035458748119451,-0.9240993692762832,0.6130487788748439,2,Transitional
1115,-0.4260816726602647,-0.7143493844319243,0.5479381485657324,2,Transitional
1116,-0.348019476949562,-0.668964899837099,0.7324182677748812,2,Transitional
1117,-0.0359970513597745,-0.7217090843292971,0.6998629526203255,2,Transitional
1118,0.2511574754860882,-0.69963010161564,0.6564558657475847,2,Transitional
1119,-0.2282322904868952,-0.6922704017182671,0.8300842132385483,2,Transitional
1120,-0.5504719449748025,-0.3524999098623714,0.819232441520363,2,Transitional
1121,-0.064469933418288,-0.3475935992354046,0.8300842132385483,2,Transitional
1122,0.923111232096854,-0.9461783519899404,0.7107147243385107,2,Transitional
1123,-0.9853837505367654,-0.7266155119347253,0.6130487788748439,2,Transitional
1124,0.417013662536215,-0.9253260054222556,0.5696416920021029,2,Transitional
1125,-0.580966872587707,-0.7695467242376058,0.482827518256621,2,Transitional
1126,0.2158858014844125,-0.8382368276920604,0.5045310616929916,2,Transitional
1127,-2.518614207651013,1.0262075340260013,0.4394204313838801,2,Transitional
1128,0.3143077007059903,0.7833389581326952,0.5045310616929916,2,Transitional
1129,-1.49254542481346,0.9979953705824822,0.4502722031020653,2,Transitional
1130,0.7873766993232901,0.433755845022866,0.5262346051293619,2,Transitional
1131,-0.1250263397725753,0.3209078931195582,0.4719757465384358,2,Transitional
1132,-0.628922890957958,0.4852733933690918,0.5045310616929916,2,Transitional
1133,0.3652241503668377,0.1565423928700246,0.4394204313838801,2,Transitional
1134,1.263758388054252,-0.3169283974568637,0.5045310616929916,2,Transitional
1135,0.3110243213766652,-0.5659298031446474,0.4611239748202506,2,Transitional
1136,0.7851878722068547,-0.638299698058558,0.4611239748202506,2,Transitional
1137,0.0225405767813584,-0.5634766478311638,0.4394204313838801,2,Transitional
1138,0.3314582064948676,-0.6542456170208144,0.4719757465384358,2,Transitional
1139,-1.5896838254851615,0.0510540238856283,0.4502722031020653,2,Transitional
1140,1.2690281911497556,-0.5144122547984216,0.3526062576383985,2,Transitional
1141,-0.0426769338325209,-0.5573435840797636,0.3200509424838427,2,Transitional
1142,-0.0300357690688751,-0.595368368777216,0.3417544859202132,2,Transitional
1143,-1.6601688298668058,0.5797220370397372,0.2657920838929166,2,Transitional
1144,-0.2016874819571928,0.127103827237456,0.2332367687383608,2,Transitional
1145,1.0664799413348736,-0.4812938977063972,0.2332367687383608,2,Transitional
1146,-0.4048561547424074,-0.1783217883589043,0.2223849970201756,2,Transitional
1147,-2.604719318687805,0.9010934546198924,0.2006814535838051,2,Transitional
1148,-0.9684685195010152,0.9023200907658648,0.1898296818656199,2,Transitional
1149,0.5190409795461695,0.3282674760384697,0.2006814535838051,2,Transitional
1150,0.6555710498207377,0.065773423680374,0.1898296818656199,2,Transitional
1151,-1.3646247645159642,0.4558345937796004,0.1247190515565087,2,Transitional
1152,-0.3985755756434497,0.7036094802998731,0.0270531060928416,2,Transitional
1153,1.097792389682199,0.1062514806697712,-0.005502209061714,2,Transitional
1154,0.5864132552848416,0.0179355498151425,-0.0489092959344549,2,Transitional
1155,1.0269907009524395,-0.3439136907974875,-0.005502209061714,2,Transitional
1156,0.3952654616419908,-0.3880716562248019,0.0053495626564711,2,Transitional
1157,0.4951461033748223,-0.6922704017182671,0.0379048778110269,2,Transitional
1158,-0.3374491990537491,-0.6039547048205612,0.0162013343746564,2,Transitional
1159,0.6804003181873044,-0.8051183536215747,0.0270531060928416,2,Transitional
1160,-0.5667825100026139,-0.527905018447195,0.0162013343746564,2,Transitional
1161,0.6025350054490239,-0.7413347947510096,0.0162013343746564,2,Transitional
1162,0.1538205807475257,-0.7903990708052906,0.0487566495292121,2,Transitional
1163,-0.5842328205809854,-0.4862003253118253,0.0596084212473973,2,Transitional
1164,-0.2250191673193872,-0.6064078601340446,0.0487566495292121,2,Transitional
1165,-0.2735307967354349,-0.5671564392906198,-0.0597610676526402,2,Transitional
1166,0.0539449712031702,-0.5475307288689073,-0.0489092959344549,2,Transitional
1167,0.8700553542801579,-0.8026651983080916,-0.0597610676526402,2,Transitional
1168,-0.0599094653170323,-0.7597338690267497,-0.0814646110890105,2,Transitional
1169,-0.1216156594389905,-0.3230613442298027,-0.103168154525381,2,Transitional
1170,-0.5545425678304313,-0.0311287262391384,-0.0923163828071958,2,Transitional
1171,-0.7419780426858886,0.7477674457271875,-0.0814646110890105,2,Transitional
1172,1.248192512562038,-0.6002747963826441,-0.1465752413981219,2,Transitional
1173,0.465368368001262,-0.7928523430972354,-0.2659447302981594,2,Transitional
1174,0.5524103827378232,-0.8578625381137733,-0.1248716979617515,2,Transitional
1175,0.1922015473996171,-0.9375920159465952,-0.1574270131163072,2,Transitional
1176,-0.0884844572028273,-0.9559912072007966,-0.2333894151436037,2,Transitional
1177,0.1147261124486136,-1.0148683384659338,-0.1465752413981219,2,Transitional
1178,-0.0389353069049176,-0.9952426280442214,-0.2225376434254184,2,Transitional
1179,-0.0646926403333351,-1.0210014022173344,-0.2008340999890481,2,Transitional
1180,-0.3430972014330699,-0.7376550032915541,-0.2442411868617889,2,Transitional
1181,0.1467891444264094,-0.9424985605304846,-0.2225376434254184,2,Transitional
1182,-1.0630850190331351,-0.2654108491106379,-0.1357234696799367,2,Transitional
1183,0.1587366060473816,-0.5266783823012225,-0.0814646110890105,2,Transitional
1184,0.429389129786609,-0.9044736588545708,-0.1682787848344924,2,Transitional
1185,0.0070590388622074,-0.7818128517404068,-0.1899823282708629,2,Transitional
1186,-0.3393694719713014,-0.7585073498592386,-0.1140199262435662,2,Transitional
1187,-0.4618750104012455,-0.4346826599871382,-0.0489092959344549,2,Transitional
1188,0.0970201144852959,-0.7756797879890063,-0.1140199262435662,2,Transitional
1189,-0.347180609673096,-0.4260964409222543,-0.005502209061714,2,Transitional
1190,-0.8710800147990203,0.3491198226061545,-0.0163539807798992,2,Transitional
1191,1.481843986169581,-0.6738713274425273,0.2440885404565461,2,Transitional
1192,0.2708125294683982,-0.8357835554001157,0.2874956273292871,2,Transitional
1193,0.5306050973728436,-0.8983405951031703,0.2549403121747313,2,Transitional
1194,-0.4631118457068454,-0.6800043911939275,0.3091991707656575,2,Transitional
1195,1.194576111748954,-0.9707104900170808,0.3417544859202132,2,Transitional
1196,-0.0880169685610364,-0.9155131502113992,0.3417544859202132,2,Transitional
1197,0.0433483406326893,-1.0087353916929946,0.3526062576383985,2,Transitional
1198,-0.5198250713282485,-0.6898172464047838,0.2657920838929166,2,Transitional
1199,0.6375296763286675,-1.0234546745092787,0.2115332253019904,2,Transitional
1200,-0.1038117727115303,-1.0344941658661075,0.2006814535838051,2,Transitional
1201,-0.1218739702160711,-0.9964692641901938,0.2983473990474722,2,Transitional
1202,0.3622643840930927,-1.1142236436989297,0.2874956273292871,2,Transitional
1203,-0.0121105498002858,-1.0663858868121596,0.2983473990474722,2,Transitional
1204,0.2736377908412609,-1.0811051696284435,0.2223849970201756,2,Transitional
1205,0.5600841557125972,-1.0026023279415943,0.2223849970201756,2,Transitional
1206,0.2223597227613976,-1.0050554832550775,0.2006814535838051,2,Transitional
1207,0.2134838128504795,-1.067612522958132,0.1789779101474347,2,Transitional
1208,-0.2442615817061381,-0.9817499813739096,0.2332367687383608,2,Transitional
1209,0.0370850609764799,-1.0283611021147072,0.1789779101474347,2,Transitional
1210,-0.661585972277373,-0.8222909087298039,0.146422594992879,2,Transitional
1211,0.2680583632967513,-0.8946608036437146,0.1355708232746937,2,Transitional
1212,-0.187158281296125,-0.8333304000866326,0.092163736401953,2,Transitional
1213,-0.5308074565957457,-0.454308487387312,0.0270531060928416,2,Transitional
1214,0.2877882078043581,-0.6174473514908732,0.0379048778110269,2,Transitional
1215,0.5593359685358802,-1.0847850780663608,0.0053495626564711,2,Transitional
1216,0.1996558314725921,-1.1154502798449015,0.0379048778110269,2,Transitional
1217,-0.206165998704993,-1.136302626412587,0.0379048778110269,2,Transitional
1218,-0.2202139600720233,-0.9351388606331118,-0.0597610676526402,2,Transitional
1219,0.5264882442054603,-1.208672404348036,-0.0597610676526402,2,Transitional
1220,0.3348476980794723,-1.216032104245409,-0.1465752413981219,2,Transitional
1221,-0.1852551162896075,-1.0995043608826454,-0.1574270131163072,2,Transitional
1222,-0.0378234514763609,-1.1387557817260705,-0.1791305565526776,2,Transitional
1223,0.0261639309010481,-1.1829136301749232,-0.2116858717072332,2,Transitional
1224,-0.3146259590975628,-1.040627112639047,-0.0814646110890105,2,Transitional
1225,-0.0310887054761665,-1.0394005934715358,-0.0163539807798992,2,Transitional
1226,0.5160307453848997,-1.2454706698779776,-0.0272057524980845,2,Transitional
1227,0.1612815578334877,-1.263869861132179,-0.1357234696799367,2,Transitional
1228,-0.0686448105209687,-1.1497952730828989,-0.0489092959344549,2,Transitional
1229,0.017772130712701,-1.181687111007412,-0.103168154525381,2,Transitional
1230,-0.6585275770808042,-0.5095058271929935,-0.1248716979617515,2,Transitional
1231,-0.3293119030530179,-0.6628318360856985,-0.1574270131163072,2,Transitional
1232,0.2360387214472826,-1.0283611021147072,-0.2008340999890481,2,Transitional
1233,0.5019836860045149,-1.1694209835046112,-0.2116858717072332,2,Transitional
1234,-0.3145654113740901,-0.9253260054222556,-0.2333894151436037,2,Transitional
1235,0.5855716431244518,-1.1645145558991834,-0.2116858717072332,2,Transitional
1236,-0.0283801824234832,-1.235657814667121,-0.2225376434254184,2,Transitional
1237,0.2210529803365786,-1.2454706698779776,-0.1574270131163072,2,Transitional
1238,0.4278058049486754,-1.22829823174821,-0.1899823282708629,2,Transitional
1239,0.0009626848314589,-1.233204659353638,-0.2550929585799742,2,Transitional
1240,0.2942060248940457,-1.1890466939263236,-0.2333894151436037,2,Transitional
1241,0.032722466335617,-1.2098990404940084,-0.1899823282708629,2,Transitional
1242,0.0470538930901448,-1.2908551544728029,-0.3202035888890856,2,Transitional
1243,-0.149920104825898,-1.0271344659687347,-0.2985000454527151,2,Transitional
1244,-0.1165769907003813,-1.009961910860506,-0.4178695343527526,1,Calm
1245,0.3150000140236562,-1.2258449594562653,-0.4504248495073082,1,Calm
1246,0.5664410823662006,-1.009961910860506,-0.4504248495073082,1,Calm
1247,0.0837197567852139,-1.2368844508130934,-0.4612766212254935,1,Calm
1248,0.31617840711182,-1.2565101612348064,-0.53723902325279,1,Calm
1249,0.0549385915274702,-1.1976330299696691,-0.4721283929436787,1,Calm
1250,-0.2115263573248086,-1.057799667747276,-0.53723902325279,1,Calm
1251,1.000683506523273,-1.2810422992619466,-0.53723902325279,1,Calm
1252,0.5833336517933765,-1.1657411920451557,-0.4829801646618639,1,Calm
1253,0.2943246485385951,-1.029587621282218,-0.4612766212254935,1,Calm
1254,0.8494404428344603,-1.0528932401418474,-0.5155354798164196,1,Calm
1255,-1.6870641337491898,-0.2887164679702674,-0.341907132325456,1,Calm
1256,-2.2532619149413864,1.1525480156211596,-0.2442411868617889,1,Calm
1257,1.680396447304485,-0.0249957794661993,-0.3744624474800117,1,Calm
1258,0.1663587966345397,-0.3892982923707742,-0.4070177626345673,1,Calm
1259,-0.9138007320317648,-0.0090497435254813,-0.4287213060709378,1,Calm
1260,1.3782240885224517,-0.6162207153449009,-0.4070177626345673,1,Calm
1261,-0.577434958688297,-0.4739341978090244,-0.5046837080982344,1,Calm
1262,-2.598447877708008,0.6385994022617968,-0.5046837080982344,1,Calm
1263,0.7709545210081883,0.037561260236855,-0.580646110125531,1,Calm
1264,-0.6353098093312459,0.2240057432000457,-0.5480907949709752,1,Calm
1265,0.7536829674908301,-0.2764503404674664,-0.6023496535619015,1,Calm
1266,0.1536409011381589,-0.3414606524624656,-0.5480907949709752,1,Calm
1267,-0.0648475862025736,-0.5217719546957944,-0.580646110125531,1,Calm
1268,-0.1619412567774112,-0.6002747963826441,-0.6132014252800867,1,Calm
1269,0.9253244144281214,-0.860315810405718,-0.6240531969982719,1,Calm
1270,-0.2855355762578206,-0.7658669327781503,-0.53723902325279,1,Calm
1271,0.0659662097491923,-0.7903990708052906,-0.6023496535619015,1,Calm
1272,0.1402035248149598,-0.760960505172722,-0.6349049687164572,1,Calm
1273,0.6049754207528528,-0.9179663055248828,-0.6240531969982719,1,Calm
1274,-0.0519121514290298,-0.9424985605304846,-0.6783120555891979,1,Calm
1275,-0.4316393944979863,-0.7229356034968082,-0.7217191424619388,1,Calm
1276,-0.6130630484921701,-0.4383625684250553,-0.732570914180124,1,Calm
1277,0.564592172133363,-0.7719999965295505,-0.775978001052865,1,Calm
1278,0.555852926733388,-0.9179663055248828,-0.8302368596437911,1,Calm
1279,-0.0536083753483068,-0.8345570362326049,-0.775978001052865,1,Calm
1280,0.1887504483554336,-0.8137046896649202,-0.775978001052865,1,Calm
1281,0.2534084651183376,-0.9842031366873928,-0.7434226858983093,1,Calm
1282,-0.1643610476072852,-0.7977587707026634,-0.8085333162074206,1,Calm
1283,0.1839498011733205,-0.8615423295732288,-0.8085333162074206,1,Calm
1284,0.2935807084991594,-0.9412719243845122,-0.8844957182347173,1,Calm
1285,0.3229314044503808,-0.8345570362326049,-0.8302368596437911,1,Calm
1286,-0.4888298035607548,-0.5867821497123322,-0.8410886313619764,1,Calm
1287,0.4155484800300516,-0.9314590691736558,-0.8627921747983468,1,Calm
1288,0.2887420760503051,-0.979296709081965,-0.8085333162074206,1,Calm
1289,-0.2833768594772778,-0.9253260054222556,-0.8302368596437911,1,Calm
1290,-0.4664886430650592,-0.5941418496097048,-0.7108673707437537,1,Calm
1291,-1.794693083681013,0.2019267604863885,-0.7651262293346798,1,Calm
1292,-0.0515690493669373,0.0277484050259992,-0.7868297727710502,1,Calm
1293,-1.7243932226254042,0.5515101075531406,-0.7976815444892355,1,Calm
1294,0.928123077053763,-0.0188625987363375,-0.7542744576164945,1,Calm
1295,0.809636707788231,-0.2825832872404055,-0.8193850879256059,1,Calm
1296,-0.7320564444925571,-0.1869080074237877,-0.7976815444892355,1,Calm
1297,-1.6593297940409977,0.2276856516379628,-0.8302368596437911,1,Calm
1298,1.8964353470509931,-0.195494226488672,-0.8627921747983468,0,Stressful
1299,-2.0108368880595617,0.4374355195038604,-0.9496063485438286,0,Stressful
1300,-0.5849697201374779,0.2411781813298134,-0.9170510333892729,0,Stressful
1301,-3.0855078759738443,1.281342003465185,-0.9170510333892729,0,Stressful
1302,1.105042394019138,1.0642323187234537,-0.8736439465165321,0,Stressful
1303,0.7003462704317562,0.2105129795512724,-0.9061992616710876,1,Calm
1304,0.9762393208005782,-0.1807748266939263,-0.9170510333892729,1,Calm
1305,1.1080164174535934,-0.2286127005591577,-0.9061992616710876,1,Calm
1306,-0.1535285366815868,-0.275223704321494,-0.9170510333892729,1,Calm
1307,0.5819782475492484,-0.4322296216521162,-0.8953474899529026,1,Calm
1308,-0.0406632681952479,-0.4837470530198806,-0.8953474899529026,1,Calm
1309,0.9603084703031516,-0.5831023582528765,-0.9387545768256432,1,Calm
1310,0.1922884698353496,-0.7548274414213215,-0.9061992616710876,1,Calm
1311,0.1015961334283369,-0.7474678585024098,-0.8627921747983468,1,Calm
1312,-0.9653238448681688,-0.4432691130089448,-0.9061992616710876,1,Calm
1313,1.119008651256935,-0.8321037639406602,-0.9170510333892729,1,Calm
1314,-0.3815227847056722,-0.3905249285167466,-0.9496063485438286,1,Calm
1315,0.4332498588787508,-0.730295303394181,-0.9387545768256432,1,Calm
1316,0.7813475930079925,-0.8394634638380328,-0.9279028051074582,1,Calm
1317,0.147925329749141,-0.9388186520925677,-0.9170510333892729,1,Calm
1318,-0.0951533369510784,-0.9290057968817113,-0.8844957182347173,1,Calm
1319,0.4319139557160724,-0.8505029551948616,-0.8410886313619764,1,Calm
1320,0.0196677221373723,-0.8333304000866326,-0.8627921747983468,1,Calm
1321,-0.9732312253819918,-0.4444955151979944,-0.8627921747983468,1,Calm
1322,-0.3763937471430388,-0.454308487387312,-0.8844957182347173,1,Calm
1323,-0.5482290278007602,-0.4678011340576237,-0.9170510333892729,1,Calm
1324,-1.1586812513211324,-0.1169913848018223,-0.8844957182347173,1,Calm
1325,1.7223138142885304,-0.4126039112304038,-0.8302368596437911,1,Calm
1326,0.1345808543839943,-0.5377178736580511,-0.8193850879256059,1,Calm
1327,0.8382652527247457,-0.522998590841767,-0.7651262293346798,1,Calm
1328,-0.1834179874239336,-0.5622500116851914,-0.8193850879256059,1,Calm
1329,0.6170934515502334,-0.7830394878863791,-0.9061992616710876,1,Calm
1330,0.2605380127035602,-0.8922075313517698,-0.7868297727710502,1,Calm
1331,-0.5744063642925525,-0.6395263342045303,-0.8193850879256059,1,Calm
1332,0.617418180668331,-0.9204195778168276,-0.8519404030801616,1,Calm
1333,-1.3638082182095157,-0.2519180854618645,-0.9387545768256432,1,Calm
1334,-0.2507360489081033,-0.207760353991473,-0.9713098919801992,1,Calm
1335,-0.4881671029819115,-0.146429950434391,-1.01471697885294,1,Calm
1336,-0.6607816372590382,0.0252953666909768,-1.0798276091620511,1,Calm
1337,1.0756169377366325,-0.0838729107313366,-1.0906793808802366,1,Calm
1338,0.6706274875373321,-0.5720628668960479,-1.068975837443866,1,Calm
1339,0.3350215946191568,-0.7266155119347253,-0.9713098919801992,1,Calm
1340,-0.2725059794220311,-0.5328114460526229,-1.0364205222893104,1,Calm
1341,-0.4819686940354574,-0.299755959327096,-1.025568750571125,1,Calm
1342,-0.1980794999079226,-0.3218347080838304,-0.9604581202620138,1,Calm
1343,0.1937543167938383,-0.5009196081281094,-0.9496063485438286,1,Calm
1344,0.1599325761049595,-0.6640584722316709,-0.8953474899529026,1,Calm
1345,0.4391188173752213,-0.860315810405718,-0.9061992616710876,1,Calm
1346,0.5412926263816263,-0.9032470227085984,-0.9061992616710876,1,Calm
1347,0.290132088155702,-0.9314590691736558,-0.8085333162074206,1,Calm
1348,0.3032079191001857,-0.9339122244871394,-0.8410886313619764,1,Calm
1349,-0.1962970109549784,-0.8983405951031703,-0.9170510333892729,1,Calm
1350,0.3448076385454856,-0.8639956018651735,-0.9061992616710876,1,Calm
1351,0.0035781108396466,-0.7413347947510096,-0.8410886313619764,1,Calm
1352,0.2385557309374971,-0.8627689657192011,-0.8627921747983468,1,Calm
1353,0.6172899294345114,-0.8774882485354855,-0.775978001052865,1,Calm
1354,0.1793938914143583,-0.7646402966321779,-0.775978001052865,1,Calm
1355,-0.1273312933080042,-0.6922704017182671,-0.7976815444892355,1,Calm
1356,0.3268386532415854,-0.871355184784085,-0.7976815444892355,1,Calm
1357,0.7448416540692417,-0.9277791607357389,-0.8085333162074206,1,Calm
1358,-0.4876670329388186,-0.626033570555757,-0.8627921747983468,1,Calm
1359,-0.9486140412103554,-0.1010453488611043,-0.8953474899529026,1,Calm
1360,1.2286918831938372,-0.5144122547984216,-0.8953474899529026,1,Calm
1361,0.5855048870941149,-0.733975094853637,-0.9061992616710876,1,Calm
1362,-0.5834805825073373,-0.3169283974568637,-0.9604581202620138,1,Calm
1363,-5.109589639692605,2.5079500746068253,-0.7976815444892355,0,Stressful
1364,0.1920354744623169,2.732419108310546,-0.8193850879256059,0,Stressful
1365,-3.867695964622135,4.681499726402242,-0.6023496535619015,0,Stressful
1366,-6.772890898975745,5.688544840510205,-0.4938319363800491,0,Stressful
1367,3.979297339751024,5.627214436953123,-0.580646110125531,0,Stressful
1368,-0.9299068402517684,3.3285507057515984,-0.6674602838710127,0,Stressful
1369,4.663367409527953,2.69930063424006,-0.5480907949709752,0,Stressful
1370,1.1762639891461195,2.267535004962387,-0.6023496535619015,0,Stressful
1371,-0.609041954104533,1.995227863436512,-0.6783120555891979,0,Stressful
1372,-0.149293979281616,2.149780274518267,-0.6132014252800867,0,Stressful
1373,1.3617189532008744,1.0200743532961394,-0.5155354798164196,0,Stressful
1374,-1.0050722031779242,1.4996780903959672,-0.5697943384073457,0,Stressful
1375,1.2430120192745444,1.0421533360097963,-0.5589425666891605,0,Stressful
1376,1.163891590601537,0.9624238581769744,-0.5589425666891605,0,Stressful
1377,1.923002085317147,0.5956680729804549,-0.341907132325456,0,Stressful
1378,-2.0863490589664324,2.0148535738582245,-0.5263872515346049,0,Stressful
1379,0.6990666870634149,1.895872441225055,-0.53723902325279,0,Stressful
1380,-1.262680620990959,1.8480348013167465,-0.580646110125531,0,Stressful
1381,1.5687238486911366,0.9832762047446592,-0.5263872515346049,0,Stressful
1382,0.6595367218122508,0.9354385648363506,-0.5589425666891605,0,Stressful
1383,0.4509124765191346,0.7379545905163313,-0.5480907949709752,0,Stressful
1384,-0.1781625345916879,0.7575803009380437,-0.6023496535619015,0,Stressful
1385,0.6463249243797465,0.5883082561046207,-0.6132014252800867,0,Stressful
1386,0.9399983305374056,0.3123214400977516,-0.6132014252800867,0,Stressful
1387,0.204059817054326,0.2926957296760392,-0.4721283929436787,0,Stressful
1388,0.2357365389247926,0.3527997310440716,-0.5697943384073457,0,Stressful
1389,1.2666994936128697,0.4043170454333746,-0.4395730777891231,0,Stressful
1390,-1.0280537799912088,1.359844845152035,-0.4612766212254935,0,Stressful
1391,-1.1123015529443576,0.8839210164901248,-0.5046837080982344,0,Stressful
1392,-0.3282974099755141,0.7563536647920713,-0.4829801646618639,0,Stressful
1393,-0.3238881608070489,0.8238170151220924,-0.5046837080982344,0,Stressful
1394,0.5604514700563678,0.9771430240147976,-0.4721283929436787,0,Stressful
1395,1.4988175312616534,0.6545452042455921,-0.4070177626345673,0,Stressful
1396,0.017976294837976,0.9501577306741736,-0.4178695343527526,0,Stressful
1397,-0.2805423791962822,0.9673301688039412,-0.3636106757618264,0,Stressful
1398,-2.462034977903523,2.251588969021669,-0.2876482737345299,0,Stressful
1399,2.8618759066373594,0.6373727661158239,-0.3636106757618264,0,Stressful
1400,0.8214618256076267,0.4214897175200651,-0.3093518171709004,0,Stressful
1401,-0.3810264640978105,0.495086248579948,-0.3636106757618264,0,Stressful
1402,0.8676666467745906,0.1442762653672236,-0.3527589040436412,0,Stressful
1403,0.6238038091977482,0.1381433185942845,-0.2116858717072332,0,Stressful
1404,-0.4619218447765068,0.4472483747147165,-0.2333894151436037,0,Stressful
1405,0.4542379250638341,0.2338185984109019,-0.2008340999890481,0,Stressful
1406,-0.132144194190661,0.2289122877839352,-0.2116858717072332,0,Stressful
1407,0.5265709369835518,0.3785583882387231,-0.2225376434254184,0,Stressful
1408,0.6873673077201571,0.2325919622649296,-0.0163539807798992,0,Stressful
1409,-0.6760403669685494,0.5735890902667977,-0.0272057524980845,0,Stressful
1410,0.7346327963349776,0.2755232915462715,-0.0380575242162697,0,Stressful
1411,-1.4542793433743662,1.646871152515733,-0.005502209061714,0,Stressful
1412,1.8172088150304355,0.1479561738051408,0.1030155081201383,0,Stressful
1413,0.446338382768097,0.037561260236855,0.092163736401953,2,Transitional
1414,-0.3579128910825827,0.2926957296760392,0.2440885404565461,2,Transitional
1415,-1.085511138547142,1.016394678815145,0.3200509424838427,2,Transitional
1416,0.2715044488883947,0.6128405111102225,0.4502722031020653,2,Transitional
1417,1.0161296362047556,0.1258771910914836,0.5370863768475472,2,Transitional
1418,-0.3796697974282182,0.157769029015997,0.6239005505930291,2,Transitional
1419,0.5830421008703428,-0.09859207656916,0.5696416920021029,2,Transitional
1420,0.4077427655764696,-0.2862631956783226,0.5696416920021029,2,Transitional
1421,1.044522094840595,-0.3647660373651723,0.5479381485657324,2,Transitional
1422,0.5025250936270204,-0.4187368580033428,0.4611239748202506,2,Transitional
1423,-0.1136928752668036,-0.2862631956783226,0.4502722031020653,2,Transitional
1424,-0.051392434596869,-0.129257278347701,0.5262346051293619,2,Transitional
1425,0.4443378031446488,-0.3647660373651723,0.4936792899748062,2,Transitional
1426,-0.6393763987795764,-0.1047252572990214,0.5045310616929916,2,Transitional
1427,-0.239934654739308,0.0596402429505121,0.4936792899748062,2,Transitional
1428,0.4161247625902749,-0.3561798183002885,0.4719757465384358,2,Transitional
1429,0.1915568536236729,-0.3978845114356581,0.4502722031020653,2,Transitional
1430,0.1099558332271999,-0.492333389063226,0.330902714202028,2,Transitional
1431,-0.8575191148745922,0.127103827237456,0.2006814535838051,2,Transitional
1432,1.0575510134186978,-0.4960131805226815,0.2766438556111018,2,Transitional
1433,0.6251407686633281,-0.5634766478311638,0.2115332253019904,2,Transitional
1434,0.1019312337527574,-0.4273230770682267,0.146422594992879,2,Transitional
1435,-0.4644683106960102,-0.1488829887694129,0.0596084212473973,2,Transitional
1436,0.7397878084622558,-0.302208997662118,0.0813119646837678,2,Transitional
1437,-0.2165396929423732,-0.1746418799209872,0.0487566495292121,2,Transitional
1438,0.3251537240647856,-0.4310029855061438,0.1030155081201383,2,Transitional
1439,0.2311433596511223,-0.5168655270903664,0.0596084212473973,2,Transitional
1440,-0.3057328508912171,-0.1353904590775624,0.0270531060928416,2,Transitional
1441,0.5643465031596497,-0.4015644198735752,0.092163736401953,2,Transitional
1442,0.1770409185993555,-0.3991111475816304,0.1247190515565087,2,Transitional
1443,-0.768083788620927,0.157769029015997,0.1247190515565087,2,Transitional
1444,-0.2993441082706605,0.1405963569293065,0.146422594992879,2,Transitional
1445,0.1480067322963338,-0.2347456473320968,0.1898296818656199,2,Transitional
1446,-0.9853094132452188,0.176168103291737,0.2223849970201756,2,Transitional
1447,0.2630247527639748,-0.1096315679259881,0.3091991707656575,2,Transitional
1448,0.6856683822451198,-0.4126039112304038,0.1898296818656199,2,Transitional
1449,0.6133050516897891,-0.5193186824038499,0.1898296818656199,2,Transitional
1450,0.4854507568524035,-0.4175102218573705,0.0704601929655826,2,Transitional
1451,0.7580928517741332,-0.3905249285167466,0.0596084212473973,2,Transitional
1452,-0.1907318531641142,-0.4138303134194534,0.0487566495292121,2,Transitional
1453,0.0719486522796052,-0.2151199369103844,0.0162013343746564,2,Transitional
1454,-0.981191195476876,1.0985774289399115,-0.0272057524980845,0,Stressful
1455,-0.5701967071264705,1.3500319899411788,-0.2767965020163446,0,Stressful
1456,1.4911249667496491,-0.1194444231368443,-0.2116858717072332,0,Stressful
1457,-0.871225637835257,0.2338185984109019,-0.2767965020163446,0,Stressful
1458,0.869341436180719,-0.2089869901374453,-0.2333894151436037,0,Stressful
1459,0.2906928789531515,-0.299755959327096,-0.2333894151436037,0,Stressful
1460,-0.8422124282269108,-0.1108582040719605,-0.1248716979617515,0,Stressful
1461,-0.1868650012658023,-0.0581140195797623,-0.2333894151436037,0,Stressful
1462,-2.480366069334444,1.126789358426508,-0.2876482737345299,0,Stressful
1463,0.2563843492672254,0.9808229324527146,-0.4070177626345673,0,Stressful
1464,0.5747244848287557,0.436208883357888,-0.4178695343527526,0,Stressful
1465,-0.8207555623161341,0.944024783901234,-0.6349049687164572,0,Stressful
1466,-0.719542658886908,0.9918624238095431,-0.6023496535619015,0,Stressful
1467,0.2775939714217755,0.9722367133878308,-0.6349049687164572,0,Stressful
1468,-0.5908062109080646,1.5107175817527954,-0.8302368596437911,0,Stressful
1469,-1.2688009188641136,1.359844845152035,-0.8193850879256059,0,Stressful
1470,2.4093804388497704,0.5159385951476329,-0.9061992616710876,0,Stressful
1471,0.6729389176642491,0.1405963569293065,-0.8953474899529026,0,Stressful
1472,-0.0358046180121378,-0.0041434328985145,-1.144938239471163,0,Stressful
1473,-0.5884973277487411,0.1835276862106485,-0.8844957182347173,0,Stressful
1474,-0.9525805872500296,0.372425441465784,-0.7000155990255684,0,Stressful
1475,-1.2147074548496457,1.0482862827827355,-0.8953474899529026,0,Stressful
1476,-1.4379377815707337,1.6848961711701078,-0.8844957182347173,0,Stressful
1477,-0.147359387133079,1.2911548586760415,-0.6566085121528276,0,Stressful
1478,-1.0710267783295513,1.1292426307184529,-0.7434226858983093,0,Stressful
1479,-1.3402463841333294,1.1979326171944462,-0.8953474899529026,0,Stressful
1480,2.576006552027371,0.742860901143298,-0.7976815444892355,0,Stressful
1481,-0.5585881035731325,0.6287865470509406,-0.7651262293346798,0,Stressful
1482,-2.2065749345813455,0.9918624238095431,-0.9930134354165696,0,Stressful
1483,-2.5298645427356665,1.4064558489143717,-1.0038652071347547,0,Stressful
1484,2.5224862903661474,0.9280787479605164,-0.9930134354165696,0,Stressful
1485,-0.9851302755804844,0.86306866992244,-1.0472722940074957,0,Stressful
1486,0.7316707917444807,0.6103872388182783,-1.1232346960347923,0,Stressful
1487,-0.4472444652458252,0.5600963266180243,-1.307714815243941,0,Stressful
1488,0.979708507369744,0.4129034984551812,-1.318566586962126,0,Stressful
1489,1.6630348327004931,0.2043800327783333,-1.3294183586803114,0,Stressful
1490,0.0876456677286442,0.1823010500646761,-1.5356020213258306,0,Stressful
1491,1.2638149827107792,-0.0164093264443927,-1.5356020213258306,0,Stressful
1492,-0.5636018481710253,0.114837699734655,-1.3836772172712375,0,Stressful
1493,-1.766747875559051,0.7232351907215856,-1.448787847580349,0,Stressful
1494,-1.443840911715636,0.712195699364757,-1.307714815243941,0,Stressful
1495,1.4200234903107036,0.3834649328226125,-1.3402701303984967,0,Stressful
1496,-2.0828664835516815,0.8140041599112362,-1.5247502496076455,0,Stressful
1497,-2.0304930322691668,1.258036384605556,-1.6441197385076831,0,Stressful
1498,-1.2842529462150944,1.4665598502824038,-1.5138984778894604,0,Stressful
1499,0.5573877834795279,1.43466801235789,-1.5356020213258306,0,Stressful
1500,-0.7093822754983412,1.5156241263366848,-1.6115644233531272,0,Stressful
1501,1.8523243453022693,1.2298244551189597,-1.3945289889894228,0,Stressful
1502,1.5417436570015537,0.7465408095812152,-1.5138984778894604,0,Stressful
1503,-1.46860648643394,0.5993477474614493,-1.6224161950713123,0,Stressful
1504,2.3087343660691886,0.3503464587521268,-1.6549715102258682,0,Stressful
1505,-0.3480503549026644,0.4239429898120098,-1.839451629435017,0,Stressful
1506,0.567840146892288,0.1025715722318541,-1.8937104880259432,0,Stressful
1507,0.4043043723567059,-0.0740600555204804,-1.926265803180499,0,Stressful
1508,-1.4801817858408113,0.3883712434495793,-1.9154140314623136,0,Stressful
1509,-0.9325958494916196,0.3626125862549278,-1.839451629435017,0,Stressful
1510,-0.1423133999931346,0.1479561738051408,-1.6983785970986092,0,Stressful
1511,-0.1185524026166162,0.2460847259137029,-1.6658232819440535,0,Stressful
1512,0.533121823612774,0.1798477777727314,-1.839451629435017,0,Stressful
1513,1.0286177638102436,-0.1611491162722139,-1.882858716307758,0,Stressful
1514,-0.3360508066254073,0.022842094399032,-1.8068963142804615,0,Stressful
1515,0.9460928530269412,-0.1415234058505015,-1.8177480859986463,0,Stressful
1516,0.6031207555315704,-0.1636023885641586,-1.926265803180499,0,Stressful
1517,-0.5239932590880413,0.1062514806697712,-1.9154140314623136,0,Stressful
1518,-0.1764054835191682,0.0436944409667168,-1.937117574898684,0,Stressful
1519,-1.182006292826411,0.2460847259137029,-1.9913764334896105,0,Stressful
1520,0.7188816819299246,-0.1439766781424462,-2.0564870637987216,0,Stressful
1521,-1.9869624247935576,0.6300129492399902,-2.0673388355169067,0,Stressful
1522,0.524146585257586,0.7171022439486465,-1.546453793044016,0,Stressful
1523,0.5086883764586588,0.2546709449785867,-1.503046706171275,0,Stressful
1524,1.354815645166257,-0.1182177869908719,-1.7200821405349795,0,Stressful
1525,-0.1044851550805733,-0.1550161694992748,-1.7200821405349795,0,Stressful
1526,0.2660663697290655,-0.318155033602836,-1.6983785970986092,0,Stressful
1527,-0.1024890064968048,-0.3549531821543161,-1.74178568397135,0,Stressful
1528,0.2969604518739901,-0.4763874701009691,-1.74178568397135,0,Stressful
1529,-0.3922247418092967,-0.3034356338080903,-1.6115644233531272,0,Stressful
1530,-0.1831518275074405,-0.3230613442298027,-1.6549715102258682,0,Stressful
1531,0.614105737484909,-0.3500468715273494,-1.7200821405349795,0,Stressful
1532,0.0714000083907675,-0.2102133923264949,-1.8937104880259432,0,Stressful
1533,0.6883476210444613,-0.6211271429503287,-1.96967289005324,0,Stressful
1534,0.0976642335738327,-0.7155760205778965,-2.0022282052077953,0,Stressful
1535,0.99053578147918,-0.7511476499618658,-2.099894150671463,0,Stressful
1536,-0.6398813029134625,-0.7634137774646668,-2.143301237544203,0,Stressful
1537,0.8981302283597277,-0.7450145862104653,-2.2409671830078706,0,Stressful
1538,-0.5420165473005404,-0.5929152134637324,-2.045635292080536,0,Stressful
1539,0.9278090587433704,-0.7756797879890063,-2.078190607235092,0,Stressful
1540,0.2215810628168072,-0.7437879500644927,-2.1541530092623886,0,Stressful
1541,0.3549993867005392,-0.7769064241349785,-2.078190607235092,0,Stressful
1542,-1.0126368799310703,-0.3144751251649189,-1.882858716307758,0,Stressful
1543,-0.1906042410197854,-0.5916885773177603,-1.882858716307758,0,Stressful
1544,-0.9446907775169932,-0.2899431041162398,-1.8068963142804615,0,Stressful
1545,0.278051684358422,-0.4886534806253089,-1.937117574898684,0,Stressful
1546,0.9592051802617172,-0.8063449897675473,-1.839451629435017,0,Stressful
1547,-0.5985245879168871,-0.7143493844319243,-1.8720069445895728,0,Stressful
1548,-0.1278687989921225,-0.7204824481833247,-1.839451629435017,0,Stressful
1549,-1.2899060466071255,-0.302208997662118,-1.8068963142804615,0,Stressful
1550,-0.368878865042993,-0.2629575768186931,-1.5681573364803865,0,Stressful
1551,0.1354889859091553,-0.2715437958835769,-1.4162325324257934,0,Stressful
1552,0.1233736961072947,-0.042168217595967,-1.5356020213258306,0,Stressful
1553,-1.063573593650823,0.2509910365406696,-1.2426041849348295,0,Stressful
1554,-1.1203018780587333,0.1970204498594218,-1.2534559566530148,0,Stressful
1555,2.291040767054528,-0.5831023582528765,-1.3728254455530524,0,Stressful
1556,0.4751762708910935,-0.6738713274425273,-1.5573055647622012,0,Stressful
1557,0.8538059603545075,-0.7192558120373524,-1.5681573364803865,0,Stressful
1558,0.3518742905674809,-0.883621312286886,-1.5790091081985715,0,Stressful
1559,0.2576032990549358,-0.8627689657192011,-1.4596396192985344,0,Stressful
1560,0.026298431784848,-0.8971139589571977,-1.6115644233531272,0,Stressful
1561,0.9574260656447466,-0.9057002950005432,-1.6658232819440535,0,Stressful
1562,0.2481458828984201,-0.8137046896649202,-1.5356020213258306,0,Stressful
1563,0.0707236943610287,-0.8848479484328583,-1.4704913910167194,0,Stressful
