,Date,SP500,SP500_Return,VIX,Yield_Spread
0,1994-01-14,474.9100036621094,0.010605426989386935,11.149999618530272,1.61
1,1994-01-21,474.7200012207031,-0.0004001609952606344,11.09000015258789,1.64
2,1994-01-28,478.7000122070313,0.008348962784912928,9.9399995803833,1.6
3,1994-02-04,469.80999755859375,-0.01874576944367856,15.25,1.52
4,1994-02-11,470.1799926757813,0.0007872320772346342,14.460000038146973,1.44
5,1994-02-18,467.6900024414063,-0.005309896036283845,14.699999809265137,1.52
6,1994-02-25,466.0700073242188,-0.0034698353444291286,14.800000190734863,1.49
7,1994-03-04,464.739990234375,-0.0028577647393115413,16.0,1.5
8,1994-03-11,466.4400024414063,0.0036513114738854213,14.869999885559082,1.51
9,1994-03-18,471.05999755859375,0.009856069369167386,13.31999969482422,1.46
10,1994-03-25,460.5799865722656,-0.022498933589524484,13.670000076293944,1.51
11,1994-04-01,445.7699890136719,-0.032683436375268826,20.450000762939453,1.56
12,1994-04-08,447.1000061035156,0.0029791976006450227,16.920000076293945,1.51
13,1994-04-15,446.1799926757813,-0.002059855262164234,15.979999542236328,1.46
14,1994-04-22,447.6300048828125,0.003244567599470116,14.9399995803833,1.31
15,1994-04-29,450.9100036621094,0.007300761940615352,13.770000457763672,1.33
16,1994-05-06,447.8200073242188,-0.006876388850733051,15.079999923706056,1.23
17,1994-05-13,444.1400146484375,-0.008251521290776331,14.539999961853027,1.24
18,1994-05-20,454.9200134277344,0.02398174780524709,12.789999961853027,1.22
19,1994-05-27,457.3299865722656,0.005283592767334255,12.489999771118164,1.15
20,1994-06-03,460.1300048828125,0.006103867264016571,12.1899995803833,1.14
21,1994-06-10,458.6700134277344,-0.003178042348285004,12.6899995803833,1.18
22,1994-06-17,458.4500122070313,-0.0004797653933481527,12.3100004196167,1.26
23,1994-06-24,442.7999877929688,-0.034733087855994604,16.719999313354492,1.16
24,1994-07-01,446.2000122070313,0.007649136089528774,14.359999656677246,1.15
25,1994-07-08,449.5499877929688,0.007479745920702996,13.260000228881836,1.17
26,1994-07-15,454.1600036621094,0.010202511649056945,11.279999732971191,1.21
27,1994-07-22,453.1099853515625,-0.0023146776418734305,11.220000267028809,1.14
28,1994-07-29,458.260009765625,0.011301840657348627,11.130000114440918,1.13
29,1994-08-05,457.0899963378906,-0.002556429905795632,12.34000015258789,1.1
30,1994-08-12,461.9400024414063,0.010554717767500499,11.09000015258789,1.05
31,1994-08-19,463.6799926757813,0.003759625533340305,12.829999923706056,1.04
32,1994-08-26,473.7999877929688,0.02159062262411382,12.1899995803833,1.03
33,1994-09-02,470.989990234375,-0.00594842432631193,11.399999618530272,1.04
34,1994-09-09,468.1799926757813,-0.00598401992156905,13.119999885559082,1.09
35,1994-09-16,471.1900024414063,0.006408593169973109,12.800000190734863,1.1
36,1994-09-23,459.6700134277344,-0.024752544940476184,14.529999732971191,1.05
37,1994-09-30,462.7099914550781,0.006591619545863736,14.279999732971191,1.0
38,1994-10-07,455.1000061035156,-0.016583301054094335,14.920000076293944,1.05
39,1994-10-14,469.1000061035156,0.030298789911562096,13.31999969482422,1.04
40,1994-10-21,464.8900146484375,-0.00901512837301599,15.90999984741211,1.01
41,1994-10-28,473.7699890136719,0.018921098702715078,14.5600004196167,1.0
42,1994-11-04,462.2799987792969,-0.02455118320860361,16.75,0.99
43,1994-11-11,462.3500061035156,0.0001514277580936252,16.5,0.92
44,1994-11-18,461.4700012207031,-0.0019051441666251279,16.0,0.78
45,1994-11-25,452.2900085449219,-0.020093463145681056,17.440000534057617,0.61
46,1994-12-02,453.2999877929688,0.0022305451051352065,16.549999237060547,0.37
47,1994-12-09,446.9599914550781,-0.014085044984522455,16.040000915527344,0.26
48,1994-12-16,458.7999877929688,0.026145272615756276,12.789999961853027,0.22
49,1994-12-23,459.8299865722656,0.002242468109392881,11.81999969482422,0.11
50,1994-12-30,459.2699890136719,-0.0012185782673599377,13.199999809265137,0.15
51,1995-01-06,460.6799926757813,0.0030653944111787013,13.130000114440918,0.23
52,1995-01-13,465.9700012207031,0.011417614088619743,11.100000381469728,0.3
53,1995-01-20,464.7799987792969,-0.002557084265005116,12.149999618530272,0.32
54,1995-01-27,470.3900146484375,0.011997996270489253,11.25,0.37
55,1995-02-03,478.6499938964844,0.017407459644743106,10.979999542236328,0.35
56,1995-02-10,481.4599914550781,0.005853507670654956,11.279999732971191,0.29
57,1995-02-17,481.9700012207031,0.001058737670909693,11.710000038146973,0.36
58,1995-02-24,488.1099853515625,0.012658886295301208,10.84000015258789,0.44
59,1995-03-03,485.4200134277344,-0.005526237040498927,11.449999809265137,0.47
60,1995-03-10,489.5700073242188,0.008512946534258603,12.380000114440918,0.4
61,1995-03-17,495.5199890136719,0.012080224282114749,11.800000190734863,0.43
62,1995-03-24,500.9700012207031,0.010938527435548018,11.1899995803833,0.45
63,1995-03-31,500.7099914550781,-0.0005191473791343881,13.369999885559082,0.4
64,1995-04-07,506.4200134277344,0.011339316925875309,12.850000381469728,0.46
65,1995-04-14,509.2300109863281,0.005533411432880442,11.479999542236328,0.52
66,1995-04-21,508.489990234375,-0.0014542720620376315,11.859999656677246,0.57
67,1995-04-28,514.7100219726562,0.012158147546120546,11.75,0.47
68,1995-05-05,520.1199951171875,0.010455866842427497,12.0600004196167,0.53
69,1995-05-12,525.5499877929688,0.01038576524694701,11.84000015258789,0.47
70,1995-05-19,519.1900024414062,-0.012175400536091452,12.8100004196167,0.42
71,1995-05-26,523.6500244140625,0.008553659335900576,12.199999809265137,0.43
72,1995-06-02,532.510009765625,0.016778126246813407,12.979999542236328,0.56
73,1995-06-09,527.9400024414062,-0.008619049578905802,12.760000228881836,0.39
74,1995-06-16,539.8300170898438,0.022271661326818126,10.75,0.44
75,1995-06-23,549.7100219726562,0.018136599576712875,11.119999885559082,0.42
76,1995-06-30,544.75,-0.009063932588726509,11.380000114440918,0.42
77,1995-07-07,556.3699951171875,0.021106557950159477,11.770000457763672,0.5
78,1995-07-14,559.8900146484375,0.006306830251322282,12.079999923706056,0.45
79,1995-07-21,553.6199951171875,-0.011261840027482428,12.369999885559082,0.58
80,1995-07-28,562.9299926757812,0.016676751474571816,13.18000030517578,0.57
81,1995-08-04,558.9400024414062,-0.007113136236981177,13.210000038146973,0.59
82,1995-08-11,555.1099853515625,-0.006875871318706039,12.899999618530272,0.54
83,1995-08-18,559.2100219726562,0.007358846823965592,12.029999732971191,0.44
84,1995-08-25,560.0999755859375,0.0015901828854500977,12.329999923706056,0.48
85,1995-09-01,563.8400268554688,0.006655275310321507,11.289999961853027,0.44
86,1995-09-08,572.6799926757812,0.01555651276540182,11.15999984741211,0.39
87,1995-09-15,583.3499755859375,0.018460223715630164,11.579999923706056,0.4
88,1995-09-22,581.72998046875,-0.002780918430171475,12.460000038146973,0.4
89,1995-09-29,584.4099731445312,0.004596356356220355,12.739999771118164,0.34
90,1995-10-06,582.489990234375,-0.0032907441992202635,13.979999542236328,0.33
91,1995-10-13,584.5,0.003444779766912376,13.670000076293944,0.3
92,1995-10-20,587.4600219726562,0.005051415084722954,13.460000038146973,0.32
93,1995-10-27,579.7000122070312,-0.013297446593662166,14.630000114440918,0.41
94,1995-11-03,590.5700073242188,0.018577435217555838,12.260000228881836,0.45
95,1995-11-10,592.719970703125,0.0036338780598104137,12.970000267028809,0.48
96,1995-11-17,600.0700073242188,0.012324264602843193,12.489999771118164,0.46
97,1995-11-24,599.969970703125,-0.00016672214785717898,11.869999885559082,0.42
98,1995-12-01,606.97998046875,0.011616204274224273,11.109999656677246,0.39
99,1995-12-08,617.47998046875,0.017150838273299662,11.119999885559082,0.34
100,1995-12-15,616.3400268554688,-0.001847844792402853,11.4399995803833,0.39
101,1995-12-22,611.9500122070312,-0.007148203114550888,11.510000228881836,0.43
102,1995-12-29,615.9299926757812,0.006482709045359414,12.520000457763672,0.4
103,1996-01-05,616.7100219726562,0.0012656240130555219,13.579999923706056,0.49
104,1996-01-12,601.8099975585938,-0.02445715601718934,14.229999542236328,0.58
105,1996-01-19,611.8300170898438,0.01651271726216308,12.699999809265137,0.51
106,1996-01-26,621.6199951171875,0.015874471633532394,12.0,0.57
107,1996-02-02,635.8400268554688,0.022618035886628363,13.229999542236328,0.76
108,1996-02-09,656.3699951171875,0.031777645293589174,14.630000114440918,0.81
109,1996-02-16,647.97998046875,-0.012864845356559407,15.369999885559082,0.86
110,1996-02-23,659.0800170898438,0.01698514758239167,14.779999732971191,0.84
111,1996-03-01,644.3699951171875,-0.022571861412449046,16.719999313354492,0.73
112,1996-03-08,633.5,-0.017013087945434435,20.700000762939453,0.68
113,1996-03-15,641.4299926757812,0.012440047670225773,16.540000915527344,0.59
114,1996-03-22,650.6199951171875,0.014225699485075793,17.049999237060547,0.58
115,1996-03-29,645.5,-0.007900536629798616,18.8799991607666,0.55
116,1996-04-05,655.8599853515625,0.015922118912399696,16.18000030517578,0.48
117,1996-04-12,636.7100219726562,-0.029633001805798642,17.3799991607666,0.56
118,1996-04-19,645.0700073242188,0.013044521999759695,15.119999885559082,0.58
119,1996-04-26,653.4600219726562,0.012922506547689672,14.75,0.62
120,1996-05-03,641.6300048828125,-0.018269534766817586,16.700000762939453,0.7
121,1996-05-10,652.0900268554688,0.01617080922001879,15.609999656677246,0.71
122,1996-05-17,668.9099731445312,0.02546685138833471,15.130000114440918,0.61
123,1996-05-24,678.510009765625,0.014249750170296949,15.539999961853027,0.62
124,1996-05-31,669.1199951171875,-0.01393582300967644,16.06999969482422,0.58
125,1996-06-07,673.3099975585938,0.006242435092468135,16.100000381469727,0.53
126,1996-06-14,665.8499755859375,-0.011141460753228749,18.63999938964844,0.66
127,1996-06-21,666.8400268554688,0.001485794070418045,15.800000190734863,0.61
128,1996-06-28,670.6300048828125,0.0056673990171347555,13.68000030517578,0.62
129,1996-07-05,657.4400024414062,-0.019864067521091933,16.09000015258789,0.62
130,1996-07-12,646.1900024414062,-0.017259926884904075,17.09000015258789,0.59
131,1996-07-19,638.72998046875,-0.011611782668846438,17.260000228881836,0.6
132,1996-07-26,635.9000244140625,-0.004440442628564689,17.450000762939453,0.6
133,1996-08-02,662.489990234375,0.040964091999756036,16.190000534057617,0.6
134,1996-08-09,662.0999755859375,-0.0005888836089233962,15.770000457763672,0.57
135,1996-08-16,665.2100219726562,0.004686248252572689,14.8100004196167,0.61
136,1996-08-23,667.030029296875,0.0027322530270899037,14.18000030517578,0.63
137,1996-08-30,651.989990234375,-0.02280585692924575,17.010000228881836,0.62
138,1996-09-06,655.6799926757812,0.005643644472580256,17.100000381469727,0.61
139,1996-09-13,680.5399780273438,0.03721371450541344,15.199999809265137,0.64
140,1996-09-20,687.030029296875,0.009491433648451064,15.649999618530272,0.59
141,1996-09-27,686.1900024414062,-0.001223441168689554,16.100000381469727,0.61
142,1996-10-04,701.4600219726562,0.022009347705663984,14.800000190734863,0.63
143,1996-10-11,700.6599731445312,-0.0011411989241132403,15.06999969482422,0.63
144,1996-10-18,710.8200073242188,0.014396533851779303,15.079999923706056,0.61
145,1996-10-25,700.9199829101562,-0.014025510040423406,17.290000915527344,0.64
146,1996-11-01,703.77001953125,0.004057892527150386,17.889999389648438,0.59
147,1996-11-08,730.8200073242188,0.03771557543468962,15.779999732971191,0.53
148,1996-11-15,737.6199951171875,0.009261578802515658,14.359999656677246,0.51
149,1996-11-22,748.72998046875,0.01494963157920548,14.920000076293944,0.46
150,1996-11-29,757.02001953125,0.011011287166120098,17.139999389648438,0.47
151,1996-12-06,739.5999755859375,-0.023280232464731654,18.81999969482422,0.53
152,1996-12-13,728.6400146484375,-0.014929663523968628,21.09000015258789,0.56
153,1996-12-20,748.8699951171875,0.027385594200688423,18.850000381469727,0.52
154,1996-12-27,756.7899780273438,0.010520377905823608,19.1299991607666,0.49
155,1997-01-03,748.030029296875,-0.011642651798233317,19.1299991607666,0.57
156,1997-01-10,759.5,0.0152171987483678,19.6299991607666,0.57
157,1997-01-17,776.1699829101562,0.02171122430136574,18.6299991607666,0.56
158,1997-01-24,770.52001953125,-0.0073059093950949006,19.32999992370605,0.57
159,1997-01-31,786.1599731445312,0.020094662951763098,19.46999931335449,0.59
160,1997-02-07,789.5599975585938,0.004315525288815181,18.89999961853028,0.57
161,1997-02-14,808.47998046875,0.02368009220293299,19.18000030517578,0.49
162,1997-02-21,801.77001953125,-0.00833410933144485,20.549999237060547,0.51
163,1997-02-28,790.8200073242188,-0.013751416971246933,21.100000381469727,0.47
164,1997-03-07,804.969970703125,0.017734582165474855,19.31999969482422,0.47
165,1997-03-14,793.1699829101562,-0.014767420346860405,19.809999465942383,0.53
166,1997-03-21,784.0999755859375,-0.011501020801071071,19.690000534057617,0.45
167,1997-03-28,773.8800048828125,-0.013119702980653791,20.5,0.45
168,1997-04-04,757.9000244140625,-0.020865346089049552,19.229999542236328,0.48
169,1997-04-11,737.6500244140625,-0.027081992570100688,19.76000022888184,0.45
170,1997-04-18,766.3400268554688,0.03815648007491479,18.75,0.42
171,1997-04-25,765.3699951171875,-0.0012665998838539139,21.14999961853028,0.4
172,1997-05-02,812.969970703125,0.060334801809406535,17.510000228881836,0.42
173,1997-05-09,824.780029296875,0.014422547165846566,20.11000061035156,0.43
174,1997-05-16,829.75,0.006007730973112579,21.56999969482422,0.42
175,1997-05-23,847.030029296875,0.02061169713882105,18.07999992370605,0.49
176,1997-05-30,848.280029296875,0.0014746567687549117,19.190000534057617,0.45
177,1997-06-06,858.010009765625,0.01140496130575297,18.940000534057617,0.39
178,1997-06-13,893.27001953125,0.04027314285267458,19.270000457763672,0.4
179,1997-06-20,898.7000122070312,0.006060379581228403,20.200000762939453,0.35
180,1997-06-27,887.2999877929688,-0.012766158163525887,21.21999931335449,0.43
181,1997-07-04,916.9199829101562,0.032837078725370894,17.81999969482422,0.38
182,1997-07-11,916.6799926757812,-0.00026176945783262795,19.059999465942383,0.34
183,1997-07-18,915.2999877929688,-0.0015065722972398277,22.280000686645508,0.33
184,1997-07-25,938.7899780273438,0.025339921564715873,20.81999969482422,0.31
185,1997-08-01,947.1400146484376,0.008855144375957025,22.290000915527344,0.31
186,1997-08-08,933.5399780273438,-0.01446314497675516,22.459999084472656,0.36
187,1997-08-15,900.8099975585938,-0.0356894321610941,24.450000762939453,0.4
188,1997-08-22,923.5399780273438,0.024919732533926542,24.739999771118164,0.4
189,1997-08-29,899.469970703125,-0.02640841998984733,24.76000022888184,0.37
190,1997-09-05,929.0499877929688,0.03235687713851032,24.309999465942383,0.39
191,1997-09-12,923.9099731445312,-0.005547910306352932,25.170000076293945,0.36
192,1997-09-19,950.510009765625,0.028384057692619535,22.739999771118164,0.28
193,1997-09-26,945.219970703125,-0.005581019288690037,22.26000022888184,0.28
194,1997-10-03,965.030029296875,0.020741545660096783,21.540000915527344,0.29
195,1997-10-10,966.97998046875,0.002018573220770925,19.75,0.29
196,1997-10-17,944.1599731445312,-0.023882177652856384,21.690000534057617,0.26
197,1997-10-24,941.6400146484376,-0.0026725633814042027,23.170000076293945,0.22
198,1997-10-31,914.6199951171876,-0.029114378354392123,35.09000015258789,0.21
199,1997-11-07,927.510009765625,0.013994913494196126,36.27000045776367,0.19
200,1997-11-14,928.3499755859376,0.0009052039316523874,33.65999984741211,0.16
201,1997-11-21,963.0900268554688,0.03673810270468003,26.64999961853028,0.14
202,1997-11-28,955.4000244140624,-0.008016766750200688,27.43000030517578,0.1
203,1997-12-05,983.7899780273438,0.02928231079764032,22.64999961853028,0.12
204,1997-12-12,953.3900146484376,-0.031388368003971934,27.920000076293945,0.11
205,1997-12-19,946.780029296875,-0.006957284728255075,29.18000030517578,0.06
206,1997-12-26,936.4600219726562,-0.010959952365930725,29.270000457763672,0.06
207,1998-01-02,975.0399780273438,0.04037164105310698,23.420000076293945,0.08
208,1998-01-09,927.6900024414062,-0.0497808453761488,28.690000534057617,0.23
209,1998-01-16,961.510009765625,0.035807347661255484,21.64999961853028,0.19
210,1998-01-23,957.5900268554688,-0.00408523608682998,23.31999969482422,0.28
211,1998-01-30,980.280029296875,0.02341853556752227,21.46999931335449,0.21
212,1998-02-06,1012.4600219726562,0.03230003870170162,20.51000022888184,0.24
213,1998-02-13,1020.0900268554688,0.007507850276786243,19.84000015258789,0.13
214,1998-02-20,1034.2099609375,0.013746927448111457,19.0,0.13
215,1998-02-27,1049.3399658203125,0.014523550061987578,18.549999237060547,0.07
216,1998-03-06,1055.68994140625,0.006033163543399667,19.13999938964844,0.15
217,1998-03-13,1068.6099853515625,0.012164198750507893,18.709999084472656,0.08
218,1998-03-20,1099.1600341796875,0.028187557989741485,18.690000534057617,0.05
219,1998-03-27,1095.43994140625,-0.0033902272650498944,23.46999931335449,0.05
220,1998-04-03,1122.699951171875,0.02458039943784307,21.81999969482422,0.05
221,1998-04-10,1110.6700439453125,-0.010772978591949922,21.51000022888184,0.09
222,1998-04-17,1122.719970703125,0.010790810028337816,20.76000022888184,0.05
223,1998-04-24,1107.9000244140625,-0.013287932846458794,21.96999931335449,0.06
224,1998-05-01,1121.0,0.011754790509192148,19.34000015258789,0.08
225,1998-05-08,1108.1400146484375,-0.011538196737343576,20.56999969482422,0.1
226,1998-05-15,1108.72998046875,0.0005322511789502826,20.440000534057617,0.05
227,1998-05-22,1110.469970703125,0.0015681242152254526,18.989999771118164,0.01
228,1998-05-29,1090.8199462890625,-0.01785366499784402,21.31999969482422,0.03
229,1998-06-05,1113.8599853515625,0.020901789457927755,19.780000686645508,0.0
230,1998-06-12,1098.8399658203125,-0.013576400386680731,22.780000686645508,0.0
231,1998-06-19,1100.6500244140625,0.0016458897384401538,21.920000076293945,-0.05
232,1998-06-26,1133.199951171875,0.029144509326815893,19.36000061035156,-0.05
233,1998-07-03,1146.4200439453125,0.011598635744433317,17.670000076293945,-0.02
234,1998-07-10,1164.3299560546875,0.01550169491093989,17.920000076293945,0.01
235,1998-07-17,1186.75,0.019072701908402934,16.229999542236328,0.05
236,1998-07-24,1140.800048828125,-0.03948866496974457,23.01000022888184,-0.03
237,1998-07-31,1120.6700439453125,-0.017803053532239765,24.799999237060547,0.01
238,1998-08-07,1089.449951171875,-0.02825382302821744,27.020000457763672,0.06
239,1998-08-14,1062.75,-0.0248130486623257,34.34000015258789,0.06
240,1998-08-21,1081.239990234375,0.017248633377632494,33.13999938964844,0.07
241,1998-08-28,1027.1400146484375,-0.051330266340406716,39.59999847412109,0.16
242,1998-09-04,973.8900146484376,-0.05323515831518666,43.310001373291016,0.11
243,1998-09-11,1009.0599975585938,0.03547610502187215,43.7400016784668,0.17
244,1998-09-18,1020.0900268554688,0.010871683023686352,38.630001068115234,0.09
245,1998-09-25,1044.75,0.023886737321527463,34.54999923706055,0.17
246,1998-10-02,1002.5999755859376,-0.04118102084937281,40.470001220703125,0.14
247,1998-10-09,984.3900146484376,-0.018329705604789304,42.20000076293945,0.58
248,1998-10-16,1056.4200439453125,0.07061897919087823,34.81999969482422,0.58
249,1998-10-23,1070.6700439453125,0.013398786698670229,32.27000045776367,0.5
250,1998-10-30,1098.6700439453125,0.025815735572466636,28.049999237060547,0.52
251,1998-11-06,1141.010009765625,0.037813446288439856,25.700000762939453,0.34
252,1998-11-13,1125.719970703125,-0.013491038723469018,29.030000686645508,0.28
253,1998-11-20,1163.550048828125,0.033052913668925044,22.46999931335449,0.16
254,1998-11-27,1192.3299560546875,0.02443362052175324,22.09000015258789,0.19
255,1998-12-04,1176.739990234375,-0.01316144412699316,25.309999465942383,0.16
256,1998-12-11,1166.4599609375,-0.008774407192006173,27.71999931335449,0.15
257,1998-12-18,1188.030029296875,0.01832301001652148,25.040000915527344,0.13
258,1998-12-25,1226.27001953125,0.03168055977275319,21.479999542236328,0.08
259,1999-01-01,1229.22998046875,0.0024108836254912447,24.420000076293945,0.11
260,1999-01-08,1275.0899658203125,0.03662879634358873,23.280000686645508,0.15
261,1999-01-15,1243.260009765625,-0.02527976767898288,29.239999771118164,0.1
262,1999-01-22,1225.18994140625,-0.014641083683549994,31.950000762939453,0.05
263,1999-01-29,1279.6400146484375,0.04348291363442591,26.25,0.08
264,1999-02-05,1239.4000244140625,-0.03195138857647706,29.670000076293945,0.14
265,1999-02-12,1230.1300048828125,-0.007507552418483776,29.76000022888184,0.15
266,1999-02-19,1239.219970703125,0.0073622669680242225,29.299999237060547,0.12
267,1999-02-26,1238.3299560546875,-0.0007184635733148426,27.8799991607666,0.16
268,1999-03-05,1275.469970703125,0.029551052945102185,24.07999992370605,0.2
269,1999-03-12,1294.5899658203125,0.014879301138375212,24.84000015258789,0.16
270,1999-03-19,1299.2900390625,0.0036239751856319558,24.31999969482422,0.13
271,1999-03-26,1282.800048828125,-0.012772764588925511,24.040000915527344,0.22
272,1999-04-02,1293.719970703125,0.008476539810866157,22.059999465942383,0.24
273,1999-04-09,1348.3499755859375,0.041359837887323,21.770000457763672,0.17
274,1999-04-16,1319.0,-0.02200773086358243,23.89999961853028,0.21
275,1999-04-23,1356.8499755859375,0.02829194506322974,22.76000022888184,0.22
276,1999-04-30,1335.1800537109375,-0.01609966434697707,25.06999969482422,0.28
277,1999-05-07,1345.0,0.007327858602372395,25.36000061035156,0.35
278,1999-05-14,1337.800048828125,-0.005367502852809736,26.86000061035156,0.32
279,1999-05-21,1330.2900390625,-0.005629517259031047,24.39999961853028,0.22
280,1999-05-28,1301.8399658203125,-0.02161837082664686,25.38999938964844,0.22
281,1999-06-04,1327.75,0.01970715820505653,23.43000030517578,0.26
282,1999-06-11,1293.6400146484375,-0.02602581873475085,25.89999961853028,0.32
283,1999-06-18,1342.8399658203125,0.037326787142808016,21.75,0.28
284,1999-06-25,1315.31005859375,-0.020714324889000046,21.76000022888184,0.29
285,1999-07-02,1391.219970703125,0.05610861513497323,18.65999984741211,0.24
286,1999-07-09,1403.280029296875,0.008631335456412259,17.959999084472656,0.23
287,1999-07-16,1418.780029296875,0.010984993616993677,17.420000076293945,0.18
288,1999-07-23,1356.93994140625,-0.04456524653393856,23.31999969482422,0.26
289,1999-07-30,1328.719970703125,-0.021016070754209082,24.63999938964844,0.29
290,1999-08-06,1300.2900390625,-0.021628704205673976,26.600000381469727,0.33
291,1999-08-13,1327.6800537109375,0.020845752063110012,22.309999465942383,0.27
292,1999-08-20,1336.6099853515625,0.006703448160262582,22.950000762939453,0.23
293,1999-08-27,1348.27001953125,0.008685756878104911,21.82999992370605,0.2
294,1999-09-03,1357.239990234375,0.006630915086227596,20.979999542236328,0.25
295,1999-09-10,1351.6600341796875,-0.004119726749885366,22.030000686645508,0.25
296,1999-09-17,1335.4200439453125,-0.012087609968859603,23.299999237060547,0.24
297,1999-09-24,1277.3599853515625,-0.04445044544138099,27.790000915527344,0.2
298,1999-10-01,1282.81005859375,0.004257593348464539,24.93000030517578,0.27
299,1999-10-08,1336.02001953125,0.04064202975123443,20.489999771118164,0.24
300,1999-10-15,1247.4100341796875,-0.06862563052830506,28.75,0.27
301,1999-10-22,1301.6500244140625,0.0425632800475384,21.63999938964844,0.25
302,1999-10-29,1362.9300537109375,0.04600412430342704,22.200000762939453,0.23
303,1999-11-05,1370.22998046875,0.005341761202984685,21.65999984741211,0.2
304,1999-11-12,1396.06005859375,0.018675430623148692,21.64999961853028,0.15
305,1999-11-19,1422.0,0.018410306050991032,19.11000061035156,0.15
306,1999-11-26,1416.6199951171875,-0.0037905822786807875,22.32999992370605,0.13
307,1999-12-03,1433.300048828125,0.011705762911589979,19.31999969482422,0.18
308,1999-12-10,1417.0400390625,-0.011409295485488968,21.479999542236328,0.15
309,1999-12-17,1421.030029296875,0.0028117648733223533,21.350000381469727,0.15
310,1999-12-24,1458.3399658203125,0.025916797720405782,21.1200008392334,0.17
311,1999-12-31,1469.25,0.007453287388425878,24.63999938964844,0.21
312,2000-01-07,1441.469970703125,-0.01908866060970027,21.71999931335449,0.21
313,2000-01-14,1465.1500244140625,0.01629423706838473,19.65999984741211,0.25
314,2000-01-21,1441.3599853515625,-0.01637054080692746,20.81999969482422,0.31
315,2000-01-28,1360.1600341796875,-0.05798473714630248,26.13999938964844,0.08
316,2000-02-04,1424.3699951171875,0.04612724225598175,21.540000915527344,-0.1
317,2000-02-11,1387.1199951171875,-0.02649995553788731,24.420000076293945,-0.02
318,2000-02-18,1346.0899658203125,-0.03002558335426908,26.0,-0.17
319,2000-02-25,1333.3599853515625,-0.009502007114227773,25.200000762939453,-0.09
320,2000-03-03,1409.1700439453125,0.0552988485034831,19.209999084472656,-0.11
321,2000-03-10,1395.0699462890625,-0.010056355043827736,21.239999771118164,-0.16
322,2000-03-17,1464.469970703125,0.0485488275382977,22.3700008392334,-0.3
323,2000-03-24,1527.4599609375,0.04211281730423089,23.309999465942383,-0.44
324,2000-03-31,1498.5799560546875,-0.019088235822881217,24.11000061035156,-0.47
325,2000-04-07,1516.3499755859375,0.011788151440515371,24.38999938964844,-0.52
326,2000-04-14,1356.56005859375,-0.11135398837586674,33.4900016784668,-0.42
327,2000-04-21,1434.5400390625,0.05589214075111659,25.850000381469727,-0.39
328,2000-04-28,1452.4300537109375,0.012393785230844223,26.200000762939453,-0.45
329,2000-05-05,1432.6300048828125,-0.013726133457815592,27.530000686645508,-0.33
330,2000-05-12,1420.9599609375,-0.008179247295933223,26.049999237060547,-0.4
331,2000-05-19,1406.949951171875,-0.009908465844675085,25.440000534057617,-0.35
332,2000-05-26,1378.02001953125,-0.02077650574550649,24.46999931335449,-0.36
333,2000-06-02,1477.260009765625,0.06954132671862467,21.479999542236328,-0.37
334,2000-06-09,1456.949951171875,-0.013843851145903585,22.13999938964844,-0.43
335,2000-06-16,1464.4599609375,0.005141371142474149,20.5,-0.39
336,2000-06-23,1441.47998046875,-0.015816197148576627,22.34000015258789,-0.36
337,2000-06-30,1454.5999755859375,0.009060581939988488,19.540000915527344,-0.35
338,2000-07-07,1478.9000244140625,0.016567652744579497,19.21999931335449,-0.28
339,2000-07-14,1509.97998046875,0.020797808072386736,19.31999969482422,-0.31
340,2000-07-21,1480.18994140625,-0.019925974441918015,18.940000534057617,-0.31
341,2000-07-28,1419.8900146484375,-0.04159100418882655,20.84000015258789,-0.26
342,2000-08-04,1462.9300537109375,0.02986189657748195,18.6200008392334,-0.24
343,2000-08-11,1471.8399658203125,0.006071984806321318,18.549999237060547,-0.46
344,2000-08-18,1491.719970703125,0.013416501445536966,17.049999237060547,-0.49
345,2000-08-25,1506.449951171875,0.009826060142785309,16.530000686645508,-0.46
346,2000-09-01,1520.77001953125,0.009460941268144119,17.530000686645508,-0.41
347,2000-09-08,1494.5,-0.017425095638899712,18.459999084472656,-0.38
348,2000-09-15,1465.81005859375,-0.019383672068756574,18.520000457763672,-0.23
349,2000-09-22,1448.719970703125,-0.011727642944742378,20.739999771118164,-0.24
350,2000-09-29,1436.510009765625,-0.008463820152792678,20.56999969482422,-0.18
351,2000-10-06,1408.989990234375,-0.019343438847226224,22.709999084472656,-0.16
352,2000-10-13,1374.1700439453125,-0.025023184255688946,27.600000381469727,-0.11
353,2000-10-20,1396.9300537109375,0.016427065623085824,24.239999771118164,-0.2
354,2000-10-27,1379.5799560546875,-0.012497936930031983,26.46999931335449,-0.22
355,2000-11-03,1426.68994140625,0.033577961696621195,23.670000076293945,-0.11
356,2000-11-10,1365.97998046875,-0.043484929407686224,28.530000686645508,-0.1
357,2000-11-17,1367.719970703125,0.0012729930134440792,24.809999465942383,-0.17
358,2000-11-24,1341.77001953125,-0.01915544604157482,26.0,-0.23
359,2000-12-01,1315.22998046875,-0.019978111997963843,27.479999542236328,-0.1
360,2000-12-08,1369.8900146484375,0.04071891491026314,22.40999984741211,-0.15
361,2000-12-15,1312.1500244140625,-0.043063423477557095,26.549999237060547,-0.18
362,2000-12-22,1305.949951171875,-0.004736323968066891,27.549999237060547,-0.08
363,2000-12-29,1320.280029296875,0.010913149612590267,26.850000381469727,0.01
364,2001-01-05,1298.3499755859375,-0.016749648767003578,28.670000076293945,0.37
365,2001-01-12,1318.550048828125,0.015438476266026235,24.559999465942383,0.35
366,2001-01-19,1342.5400390625,0.0180306862064743,23.239999771118164,0.44
367,2001-01-26,1354.949951171875,0.009201146033708696,22.56999969482422,0.51
368,2001-02-02,1349.469970703125,-0.0040526161817933115,21.950000762939453,0.52
369,2001-02-09,1314.760009765625,-0.026057754168360425,22.030000686645508,0.36
370,2001-02-16,1301.530029296875,-0.010113628871884828,22.1200008392334,0.36
371,2001-02-23,1245.8599853515625,-0.04371447527873862,27.209999084472656,0.57
372,2001-03-02,1234.1800537109375,-0.009419217280178138,27.43000030517578,0.47
373,2001-03-09,1233.4200439453125,-0.0006159910516929656,25.6200008392334,0.48
374,2001-03-16,1150.530029296875,-0.06956810317590634,29.90999984741211,0.52
375,2001-03-23,1139.8299560546875,-0.009343641311217787,30.450000762939453,0.56
376,2001-03-30,1160.3299560546875,0.01782531962102407,28.63999938964844,0.75
377,2001-04-06,1128.4300537109375,-0.02787707583909338,31.690000534057617,0.82
378,2001-04-13,1183.5,0.047648816264764804,26.1200008392334,0.81
379,2001-04-20,1242.97998046875,0.04903555660939407,25.3799991607666,1.03
380,2001-04-27,1253.050048828125,0.008068911733750461,24.020000457763672,1.06
381,2001-05-04,1266.6099853515625,0.010763410341283475,23.90999984741211,1.07
382,2001-05-11,1245.6700439453125,-0.016670455602948664,23.540000915527344,1.15
383,2001-05-18,1291.9599609375,0.03648684184037432,21.229999542236328,1.04
384,2001-05-25,1277.8900146484375,-0.010950123167310366,20.600000381469727,1.21
385,2001-06-01,1260.6700439453125,-0.013566931199440191,21.59000015258789,1.17
386,2001-06-08,1264.9599609375,0.003397109718755509,19.920000076293945,1.21
387,2001-06-15,1214.3599853515625,-0.04082329326809919,22.809999465942383,1.26
388,2001-06-22,1225.3499755859375,0.009009320572035406,20.020000457763672,1.21
389,2001-06-29,1224.3800048828125,-0.0007919001371972101,19.059999465942383,1.17
390,2001-07-06,1190.5899658203125,-0.027985643545303418,21.6299991607666,1.25
391,2001-07-13,1215.6800537109375,0.020854681331733183,21.13999938964844,1.15
392,2001-07-20,1210.8499755859375,-0.003981063037302945,22.34000015258789,1.17
393,2001-07-27,1205.8199462890625,-0.004162783270503567,22.0,1.26
394,2001-08-03,1214.3499755859375,0.007049145220336506,19.88999938964844,1.29
395,2001-08-10,1190.1600341796875,-0.020121153526043045,20.549999237060547,1.26
396,2001-08-17,1161.969970703125,-0.023970965258021337,23.84000015258789,1.17
397,2001-08-24,1184.9300537109375,0.019566931113301322,19.709999084472656,1.17
398,2001-08-31,1133.5799560546875,-0.04430301887639043,24.920000076293945,1.21
399,2001-09-07,1085.780029296875,-0.04308207786085738,30.989999771118164,1.27
400,2001-09-14,1092.5400390625,0.006206646640061209,31.84000015258789,1.7
401,2001-09-21,965.7999877929688,-0.12330381452549943,42.65999984741211,1.79
402,2001-09-28,1040.93994140625,0.0749226129768763,31.93000030517578,1.74
403,2001-10-05,1071.3800048828125,0.028823446888643467,33.38999938964844,1.81
404,2001-10-12,1091.6500244140625,0.018742793807827063,35.27000045776367,1.87
405,2001-10-19,1073.47998046875,-0.01678464616995612,34.11000061035156,1.86
406,2001-10-26,1104.6099853515625,0.028586628912264267,28.420000076293945,1.9
407,2001-11-02,1087.199951171875,-0.015886779290683606,30.709999084472656,1.89
408,2001-11-09,1120.31005859375,0.02999994608157941,27.440000534057617,1.89
409,2001-11-16,1138.6500244140625,0.01623788656542402,25.06999969482422,1.82
410,2001-11-23,1150.3399658203125,0.010214149549912399,23.25,1.84
411,2001-11-30,1139.449951171875,-0.009511874145617938,23.84000015258789,1.94
412,2001-12-07,1158.31005859375,0.016416449852133752,23.489999771118164,2.01
413,2001-12-14,1123.0899658203125,-0.030878312259445373,24.6299991607666,2.04
414,2001-12-21,1144.8900146484375,0.01922479072985883,22.5,1.95
415,2001-12-28,1161.02001953125,0.013990370601900004,21.39999961853028,1.99
416,2002-01-04,1172.510009765625,0.009847812496669661,20.450000762939453,1.99
417,2002-01-11,1145.5999755859375,-0.023218262502309628,22.600000381469727,2.16
418,2002-01-18,1127.5799560546875,-0.01585479157178149,22.520000457763672,2.03
419,2002-01-25,1133.280029296875,0.005042404533270428,21.01000022888184,1.93
420,2002-02-01,1122.199951171875,-0.0098251080509133,21.1200008392334,1.94
421,2002-02-08,1096.219970703125,-0.023423129239747986,23.26000022888184,1.95
422,2002-02-15,1104.1800537109375,0.007235155102386592,22.3700008392334,1.89
423,2002-02-22,1089.8399658203125,-0.013072161572747376,22.86000061035156,1.87
424,2002-03-01,1131.780029296875,0.03776077537566014,19.959999084472656,1.8
425,2002-03-08,1164.31005859375,0.028337046711276237,19.270000457763672,1.73
426,2002-03-15,1166.1600341796875,0.001587641892734304,18.420000076293945,1.72
427,2002-03-22,1148.699951171875,-0.015085503431294,17.770000457763672,1.63
428,2002-03-29,1147.3900146484375,-0.0011410151039861205,17.399999618530273,1.7
429,2002-04-05,1122.72998046875,-0.021726608531693614,19.1299991607666,1.73
430,2002-04-12,1111.010009765625,-0.01049368171931242,19.420000076293945,1.77
431,2002-04-19,1125.1700439453125,0.012664654101020467,18.299999237060547,1.85
432,2002-04-26,1076.3199462890625,-0.0443864090151882,22.13999938964844,1.86
433,2002-05-03,1073.4300537109375,-0.002688586411371041,20.190000534057617,1.91
434,2002-05-10,1054.989990234375,-0.017327900027882315,22.40999984741211,1.96
435,2002-05-17,1106.5899658203125,0.04775190491116721,17.700000762939453,1.86
436,2002-05-24,1083.8199462890625,-0.020791395852914896,18.89999961853028,1.88
437,2002-05-31,1067.1400146484375,-0.015509601575293352,19.979999542236328,1.86
438,2002-06-07,1027.530029296875,-0.037824293882216864,23.51000022888184,1.94
439,2002-06-14,1007.27001953125,-0.01991417222810199,25.959999084472656,1.91
440,2002-06-21,989.1400146484376,-0.018163105766167753,27.229999542236328,1.91
441,2002-06-28,989.8200073242188,0.0006872222733083078,25.39999961853028,1.96
442,2002-07-05,989.030029296875,-0.000798421360578061,27.11000061035156,2.0
443,2002-07-12,921.3900146484376,-0.07084127916344674,32.939998626708984,2.07
444,2002-07-19,847.75,-0.08329763428566128,38.16999816894531,2.13
445,2002-07-26,852.8400268554688,0.005986207110512787,35.5099983215332,2.23
446,2002-08-02,864.239990234375,0.013278508592800442,41.290000915527344,2.34
447,2002-08-09,908.6400146484376,0.05009849554133883,35.33000183105469,2.17
448,2002-08-16,928.77001953125,0.021912158899188405,28.809999465942383,2.04
449,2002-08-23,940.8599853515624,0.012933183902206657,29.31999969482422,2.06
450,2002-08-30,916.0700073242188,-0.026701546088229833,32.63999938964844,2.0
451,2002-09-06,893.9199829101562,-0.024476522370593834,36.33000183105469,1.97
452,2002-09-13,889.8099975585938,-0.004608312547362381,35.81999969482422,1.85
453,2002-09-20,845.3900146484375,-0.05120987737558025,38.97999954223633,1.85
454,2002-09-27,827.3699951171875,-0.021546087359753052,36.970001220703125,1.87
455,2002-10-04,800.5800170898438,-0.03291550298106394,39.459999084472656,1.91
456,2002-10-11,835.3200073242188,0.042478407407522845,35.70000076293945,1.98
457,2002-10-18,884.3900146484375,0.05708326464509472,33.529998779296875,2.05
458,2002-10-25,897.6500244140625,0.01488210613276042,30.0,2.14
459,2002-11-01,900.9600219726562,0.0036806213797664356,29.299999237060547,2.25
460,2002-11-08,894.739990234375,-0.006927723531391372,29.40999984741211,1.98
461,2002-11-15,909.8300170898438,0.01672462529291785,26.64999961853028,2.14
462,2002-11-22,930.5499877929688,0.022518008416007262,23.15999984741211,2.08
463,2002-11-29,936.3099975585938,0.006170819545941342,27.5,2.14
464,2002-12-06,912.22998046875,-0.026054485766793256,28.8799991607666,2.2
465,2002-12-13,889.47998046875,-0.025255129497860906,28.18000030517578,2.2
466,2002-12-20,895.760009765625,0.007035530500819398,26.709999084472656,2.21
467,2002-12-27,875.4000244140625,-0.022991578208165997,29.549999237060547,2.23
468,2003-01-03,908.5900268554688,0.037213024232998215,24.68000030517578,2.26
469,2003-01-10,927.5700073242188,0.020674294349165123,24.31999969482422,2.37
470,2003-01-17,901.780029296875,-0.028197650865602775,25.700000762939453,2.35
471,2003-01-24,861.4000244140625,-0.04581161940007572,31.51000022888184,2.28
472,2003-01-31,855.7000122070312,-0.006639139272756722,31.170000076293945,2.28
473,2003-02-07,829.6900024414062,-0.03086772169851315,34.0099983215332,2.33
474,2003-02-14,834.8900146484375,0.006247857200195384,32.619998931884766,2.33
475,2003-02-21,848.1699829101562,0.015781070057930613,30.25,2.27
476,2003-02-28,841.1500244140625,-0.008311035059378469,29.6299991607666,2.18
477,2003-03-07,828.8900146484375,-0.01468255817417674,31.07999992370605,2.24
478,2003-03-14,833.27001953125,0.005270268723700511,30.979999542236328,2.16
479,2003-03-21,895.7899780273438,0.0723482432366982,28.670000076293945,2.31
480,2003-03-28,863.5,-0.036712088389282194,27.75,2.36
481,2003-04-04,878.8499755859375,0.017620309292618153,29.1299991607666,2.41
482,2003-04-11,868.2999877929688,-0.012076943871292656,24.440000534057617,2.35
483,2003-04-18,893.5800170898438,0.02869862224291353,21.5,2.27
484,2003-04-25,898.8099975585938,0.0058357782277491665,20.799999237060547,2.34
485,2003-05-02,930.0800170898438,0.034198958848914884,20.6299991607666,2.38
486,2003-05-09,933.4099731445312,0.0035738958797990605,19.690000534057617,2.24
487,2003-05-16,944.2999877929688,0.011599381134518971,18.39999961853028,2.08
488,2003-05-23,933.219970703125,-0.011802959184564088,19.170000076293945,1.96
489,2003-05-30,963.5900268554688,0.03202498064959691,19.46999931335449,2.04
490,2003-06-06,987.760009765625,0.024773842339138596,21.25,2.1
491,2003-06-13,988.6099853515624,0.0008601381729542723,20.65999984741211,2.03
492,2003-06-20,995.6900024414062,0.007136065290801241,19.13999938964844,2.18
493,2003-06-27,976.219970703125,-0.019748025772228672,19.15999984741211,2.2
494,2003-07-04,985.7000122070312,0.009664120217864891,19.38999938964844,2.35
495,2003-07-11,998.1400146484376,0.012541500654405624,18.46999931335449,2.37
496,2003-07-18,993.3200073242188,-0.004840686413987605,19.11000061035156,2.49
497,2003-07-25,998.6799926757812,0.0053815243848864824,17.75,2.7
498,2003-08-01,980.1500244140624,-0.018728753595892655,20.75,2.59
499,2003-08-08,977.5900268554688,-0.002615259381389734,19.59000015258789,2.55
500,2003-08-15,990.6699829101562,0.013291077947096497,18.270000457763672,2.7
501,2003-08-22,993.0599975585938,0.002409618071400388,18.549999237060547,2.51
502,2003-08-29,1008.010009765625,0.014942296183012793,18.6299991607666,2.5
503,2003-09-05,1021.3900146484376,0.013186359118586566,18.170000076293945,2.63
504,2003-09-12,1018.6300048828124,-0.002705867024049624,18.68000030517578,2.61
505,2003-09-19,1036.300048828125,0.017198132308335445,17.540000915527344,2.47
506,2003-09-26,996.8499755859376,-0.0388117205102958,22.229999542236328,2.44
507,2003-10-03,1029.8499755859375,0.03256813304643469,19.5,2.56
508,2003-10-10,1038.06005859375,0.007940506124860747,18.450000762939453,2.64
509,2003-10-17,1039.3199462890625,0.0012129584831086504,17.6200008392334,2.51
510,2003-10-24,1028.9100341796875,-0.010066578780675073,17.709999084472656,2.48
511,2003-10-31,1050.7099609375,0.020966066265389216,16.100000381469727,2.48
512,2003-11-07,1053.2099609375,0.002376517424107938,16.93000030517578,2.44
513,2003-11-14,1050.3499755859375,-0.002719187662902911,16.940000534057617,2.38
514,2003-11-21,1035.280029296875,-0.01445146888603066,18.979999542236328,2.31
515,2003-11-28,1058.199951171875,0.021897355515488215,16.31999969482422,2.28
516,2003-12-05,1061.5,0.0031136968159044542,17.09000015258789,2.35
517,2003-12-12,1074.1400146484375,0.011837352885046393,16.40999984741211,2.42
518,2003-12-19,1088.6600341796875,0.013427258512587414,16.420000076293945,2.33
519,2003-12-26,1095.8900146484375,0.006619218333316468,17.450000762939453,2.35
520,2004-01-02,1108.47998046875,0.01142285799985121,18.21999931335449,2.44
521,2004-01-09,1121.8599853515625,0.011998319182330519,16.75,2.43
522,2004-01-16,1139.8299560546875,0.015891080850900074,15.0,2.34
523,2004-01-23,1141.550048828125,0.0015079408916500725,14.84000015258789,2.38
524,2004-01-30,1131.1300048828125,-0.009169893442766863,16.6299991607666,2.32
525,2004-02-06,1142.760009765625,0.010229260183376887,16.0,2.35
526,2004-02-13,1145.81005859375,0.0026654640608123614,15.579999923706056,2.35
527,2004-02-20,1144.1099853515625,-0.0014848322403500092,16.040000915527344,2.35
528,2004-02-27,1144.93994140625,0.0007251533322660819,14.550000190734863,2.33
529,2004-03-05,1156.8599853515625,0.010357242924789567,14.479999542236328,2.28
530,2004-03-12,1120.5699462890625,-0.03187198914857703,18.299999237060547,2.24
531,2004-03-19,1109.780029296875,-0.009675612605407835,19.14999961853028,2.24
532,2004-03-26,1108.06005859375,-0.0015510325179235451,17.329999923706055,2.26
533,2004-04-02,1141.81005859375,0.030003982564386966,15.640000343322754,2.29
534,2004-04-09,1139.3199462890625,-0.002183227863776338,16.260000228881836,2.33
535,2004-04-16,1134.6099853515625,-0.0041425794239158265,14.9399995803833,2.34
536,2004-04-23,1140.5999755859375,0.005265451695952272,14.010000228881836,2.19
537,2004-04-30,1107.300048828125,-0.029629754517234375,17.190000534057617,2.22
538,2004-05-07,1098.699951171875,-0.007797045535517633,18.1299991607666,2.15
539,2004-05-14,1095.699951171875,-0.0027342344171676913,18.46999931335449,2.2
540,2004-05-21,1093.56005859375,-0.0019549009711692378,18.489999771118164,2.16
541,2004-05-28,1120.6800537109375,0.02449720895995089,15.5,2.12
542,2004-06-04,1122.5,0.0016226487796879852,16.780000686645508,2.08
543,2004-06-11,1136.469970703125,0.012368600716568423,15.039999961853027,2.0
544,2004-06-18,1135.02001953125,-0.0012766522195049035,14.989999771118164,1.91
545,2004-06-25,1134.4300537109375,-0.0005199196409364504,15.1899995803833,1.92
546,2004-07-02,1125.3800048828125,-0.0080096087514967,15.079999923706056,1.94
547,2004-07-09,1112.81005859375,-0.01123236015755591,15.779999732971191,1.94
548,2004-07-16,1101.3900146484375,-0.01031536882991535,14.34000015258789,1.84
549,2004-07-23,1086.199951171875,-0.013887710085986882,16.5,1.76
550,2004-07-30,1101.719970703125,0.014187246704084444,15.31999969482422,1.82
551,2004-08-06,1063.969970703125,-0.03486540087173218,19.34000015258789,1.84
552,2004-08-13,1064.800048828125,0.0007798664575826564,17.979999542236328,1.75
553,2004-08-20,1098.3499755859375,0.03102199749473389,16.0,1.78
554,2004-08-27,1107.77001953125,0.008539971730717966,14.710000038146973,1.75
555,2004-09-03,1113.6300048828125,0.005275951094084519,13.90999984741211,1.69
556,2004-09-10,1123.9200439453125,0.009197659386377843,13.760000228881836,1.69
557,2004-09-17,1128.550048828125,0.004111052500582524,14.029999732971191,1.61
558,2004-09-24,1110.1099853515625,-0.01647456984400897,14.279999732971191,1.42
559,2004-10-01,1131.5,0.01908508977358725,12.75,1.58
560,2004-10-08,1122.1400146484375,-0.00830659653735566,15.050000190734863,1.54
561,2004-10-15,1108.199951171875,-0.01250055616373924,15.039999961853027,1.54
562,2004-10-22,1095.739990234375,-0.011307108196868754,15.279999732971191,1.45
563,2004-10-29,1130.199951171875,0.03096463981703046,16.270000457763672,1.49
564,2004-11-05,1166.1700439453125,0.031330347572422035,13.84000015258789,1.41
565,2004-11-12,1184.1700439453125,0.015317231763819272,13.329999923706056,1.34
566,2004-11-19,1170.3399658203125,-0.011747868666926564,13.5,1.25
567,2004-11-26,1182.6500244140625,0.01046342819716184,12.779999732971191,1.21
568,2004-12-03,1191.1700439453125,0.007178350398375777,12.960000038146973,1.33
569,2004-12-10,1188.0,-0.0026648333349204023,12.760000228881836,1.21
570,2004-12-17,1194.199951171875,0.005205243302572882,11.949999809265137,1.18
571,2004-12-24,1210.1300048828125,0.013251331646050524,11.229999542236328,1.21
572,2004-12-31,1211.9200439453125,0.0014781192397554932,13.289999961853027,1.16
573,2005-01-07,1186.18994140625,-0.021459474420048252,13.489999771118164,1.09
574,2005-01-14,1184.52001953125,-0.001408794984377515,12.43000030517578,0.99
575,2005-01-21,1167.8699951171875,-0.014156073063647412,14.359999656677246,1.0
576,2005-01-28,1171.3599853515625,0.0029838817499401316,13.239999771118164,0.91
577,2005-02-04,1203.030029296875,0.026677944279336785,11.210000038146973,0.8
578,2005-02-11,1205.300048828125,0.0018851404333037891,11.43000030517578,0.76
579,2005-02-18,1201.5899658203125,-0.003082887812637658,11.18000030517578,0.82
580,2005-02-25,1211.3699951171875,0.008106295181520728,11.489999771118164,0.73
581,2005-03-04,1222.1199951171875,0.008835105113213615,11.9399995803833,0.75
582,2005-03-11,1200.0799560546875,-0.0181988669855917,12.800000190734863,0.83
583,2005-03-18,1189.6500244140625,-0.008729017882489032,13.140000343322754,0.79
584,2005-03-25,1171.4200439453125,-0.015442441107837546,13.420000076293944,0.72
585,2005-04-01,1172.9200439453125,0.0012796779890811294,14.09000015258789,0.71
586,2005-04-08,1181.199951171875,0.007034425931301769,12.619999885559082,0.73
587,2005-04-15,1142.6199951171875,-0.033206962729829925,17.739999771118164,0.73
588,2005-04-22,1152.1199951171875,0.008279852457213188,15.380000114440918,0.64
589,2005-04-29,1156.8499755859375,0.0040970537903559645,15.3100004196167,0.55
590,2005-05-06,1171.3499755859375,0.01245613588434491,14.050000190734863,0.55
591,2005-05-13,1154.050048828125,-0.014879371938130603,16.31999969482422,0.51
592,2005-05-20,1189.280029296875,0.03007056961511889,13.140000343322754,0.44
593,2005-05-27,1198.780029296875,0.007956290781120146,12.149999618530272,0.44
594,2005-06-03,1196.02001953125,-0.002305003283241902,12.149999618530272,0.41
595,2005-06-10,1198.1099853515625,0.0017459088244464738,11.960000038146973,0.34
596,2005-06-17,1216.9599609375,0.015610610708033157,11.479999542236328,0.37
597,2005-06-24,1191.5699462890625,-0.021084193428676734,12.18000030517578,0.33
598,2005-07-01,1194.43994140625,0.0024056870142263875,11.399999618530272,0.3
599,2005-07-08,1211.8599853515625,0.014478950091547205,11.449999809265137,0.33
600,2005-07-15,1227.9200439453125,0.013165359475003413,10.329999923706056,0.32
601,2005-07-22,1233.6800537109375,0.0046798992930021655,10.520000457763672,0.31
602,2005-07-29,1234.1800537109375,0.0004052093595889872,11.56999969482422,0.26
603,2005-08-05,1226.4200439453125,-0.0063074332963202195,12.479999542236328,0.29
604,2005-08-12,1230.3900146484375,0.00323181203580436,12.739999771118164,0.19
605,2005-08-19,1219.7099609375,-0.008718110658722189,13.420000076293944,0.18
606,2005-08-26,1205.0999755859375,-0.012050562752527583,13.720000267028809,0.14
607,2005-09-02,1218.02001953125,0.010664074757128716,13.56999969482422,0.28
608,2005-09-09,1241.47998046875,0.019077595009801662,11.979999542236328,0.26
609,2005-09-16,1237.9100341796875,-0.0028796992284405576,11.220000267028809,0.29
610,2005-09-23,1215.2900390625,-0.018441737748416287,12.960000038146973,0.23
611,2005-09-30,1228.81005859375,0.011063505499985915,11.920000076293944,0.16
612,2005-10-07,1195.9000244140625,-0.027147208674890067,14.59000015258789,0.17
613,2005-10-14,1186.5699462890625,-0.007832313469569918,14.869999885559082,0.21
614,2005-10-21,1179.5899658203125,-0.005899855440694601,16.1299991607666,0.17
615,2005-10-28,1198.4100341796875,0.01582881522898294,14.25,0.18
616,2005-11-04,1220.1400146484375,0.017969911539171157,13.170000076293944,0.19
617,2005-11-11,1234.719970703125,0.011878581734293903,11.630000114440918,0.11
618,2005-11-18,1248.27001953125,0.010914408348672744,11.119999885559082,0.1
619,2005-11-25,1268.25,0.015879389116379095,10.880000114440918,0.1
620,2005-12-02,1265.0799560546875,-0.002502670915275118,11.010000228881836,0.09
621,2005-12-09,1259.3699951171875,-0.0045237345048692035,11.6899995803833,0.11
622,2005-12-16,1267.3199462890625,0.0062928001382163146,10.68000030517578,0.08
623,2005-12-23,1268.6600341796875,0.0010568600901272873,10.270000457763672,0.01
624,2005-12-30,1248.2900390625,-0.016186606232089673,12.06999969482422,-0.02
625,2006-01-06,1285.449951171875,0.029334167569900593,11.0,0.02
626,2006-01-13,1287.6099853515625,0.0016789618123072003,11.229999542236328,0.02
627,2006-01-20,1261.489990234375,-0.020494221167711935,14.5600004196167,0.0
628,2006-01-27,1283.719970703125,0.017468535874417768,11.970000267028809,0.01
629,2006-02-03,1264.030029296875,-0.0154570373320988,12.960000038146973,-0.05
630,2006-02-10,1266.989990234375,0.0023389481427056324,12.869999885559082,-0.1
631,2006-02-17,1287.239990234375,0.01585638288842528,12.010000228881836,-0.12
632,2006-02-24,1289.4300537109375,0.0016999180854364582,11.460000038146973,-0.16
633,2006-03-03,1287.22998046875,-0.0017076942613005741,11.960000038146973,-0.08
634,2006-03-10,1281.4200439453125,-0.00452373532881456,11.850000381469728,0.02
635,2006-03-17,1307.25,0.01995682176206426,12.119999885559082,0.03
636,2006-03-24,1302.949951171875,-0.0032948071401319723,11.1899995803833,-0.05
637,2006-03-31,1294.8699951171875,-0.006220586704768216,11.390000343322754,0.04
638,2006-04-07,1295.5,0.00048642077882465884,12.260000228881836,0.08
639,2006-04-14,1289.1199951171875,-0.004936909760988151,12.380000114440918,0.09
640,2006-04-21,1311.280029296875,0.017043970482124138,11.59000015258789,0.11
641,2006-04-28,1310.6099853515625,-0.00051111523073466,11.59000015258789,0.2
642,2006-05-05,1325.760009765625,0.0114932207625289,11.619999885559082,0.18
643,2006-05-12,1291.239990234375,-0.026382897847905262,14.1899995803833,0.18
644,2006-05-19,1267.030029296875,-0.018927387264411344,17.18000030517578,0.09
645,2006-05-26,1280.1600341796875,0.010309494658578444,14.260000228881836,0.1
646,2006-06-02,1288.219970703125,0.006276300988290018,14.31999969482422,0.08
647,2006-06-09,1252.300048828125,-0.028279498228903854,18.1200008392334,-0.03
648,2006-06-16,1251.5400390625,-0.0006070753421045794,17.25,-0.03
649,2006-06-23,1244.5,-0.00564098141099123,15.890000343322754,-0.04
650,2006-06-30,1270.199951171875,0.020440487119937956,13.079999923706056,-0.01
651,2006-07-07,1265.47998046875,-0.003722848531185541,13.970000267028809,-0.03
652,2006-07-14,1236.199951171875,-0.0234093626697911,18.049999237060547,-0.01
653,2006-07-21,1240.2900390625,0.0033031359913149316,17.399999618530273,-0.03
654,2006-07-28,1278.550048828125,0.030381406768915653,14.329999923706056,0.02
655,2006-08-04,1279.3599853515625,0.0006332799353252483,14.34000015258789,0.0
656,2006-08-11,1266.739990234375,-0.0099132780240474,14.300000190734863,0.01
657,2006-08-18,1302.300048828125,0.02768530606930142,11.640000343322754,-0.03
658,2006-08-25,1295.0899658203125,-0.0055518050709082445,12.3100004196167,-0.07
659,2006-09-01,1311.010009765625,0.012217675552095741,11.960000038146973,-0.04
660,2006-09-08,1298.9200439453125,-0.009264656177556674,13.15999984741211,-0.02
661,2006-09-15,1319.6600341796875,0.015840969773832647,11.760000228881836,-0.07
662,2006-09-22,1314.780029296875,-0.0037047800267941966,12.59000015258789,-0.07
663,2006-09-29,1335.8499755859375,0.01589840154999056,11.979999542236328,-0.07
664,2006-10-06,1349.5899658203125,0.010233042207405063,11.5600004196167,-0.04
665,2006-10-13,1365.6199951171875,0.011807717099010517,10.75,-0.06
666,2006-10-20,1368.5999755859375,0.0021797673051908717,10.630000114440918,-0.08
667,2006-10-27,1377.3399658203125,0.006365776335353068,10.800000190734863,-0.08
668,2006-11-03,1364.300048828125,-0.009512565656335958,11.15999984741211,-0.1
669,2006-11-10,1380.9000244140625,0.012093965812423058,10.789999961853027,-0.14
670,2006-11-17,1401.199951171875,0.014593499304843327,10.050000190734863,-0.15
671,2006-11-24,1400.949951171875,-0.00017843442312148738,10.729999542236328,-0.18
672,2006-12-01,1396.7099609375,-0.0030311000006033595,11.65999984741211,-0.09
673,2006-12-08,1409.8399658203125,0.009356755460206756,12.06999969482422,-0.12
674,2006-12-15,1427.0899658203125,0.01216118340129313,10.050000190734863,-0.13
675,2006-12-22,1410.760009765625,-0.011508808739231213,11.359999656677246,-0.08
676,2006-12-29,1418.300048828125,0.005330432553268594,11.5600004196167,-0.11
677,2007-01-05,1409.7099609375,-0.006075023977779814,12.140000343322754,-0.11
678,2007-01-12,1430.72998046875,0.014800808107751529,10.149999618530272,-0.11
679,2007-01-19,1430.5,-0.0001607563675873891,10.399999618530272,-0.15
680,2007-01-26,1422.1800537109375,-0.005833090092735027,11.130000114440918,-0.11
681,2007-02-02,1448.3900146484375,0.01826166141370411,10.079999923706056,-0.11
682,2007-02-09,1438.06005859375,-0.007157581038069516,11.100000381469728,-0.13
683,2007-02-16,1455.5400390625,0.012081968837070356,10.020000457763672,-0.14
684,2007-02-23,1451.18994140625,-0.002993123498304051,10.579999923706056,-0.14
685,2007-03-02,1387.1700439453125,-0.04511813693715094,18.61000061035156,-0.04
686,2007-03-09,1402.8399658203125,0.011232996719949817,14.09000015258789,-0.07
687,2007-03-16,1386.949951171875,-0.01139167246165318,16.790000915527344,-0.03
688,2007-03-23,1436.1099853515625,0.034831002712663484,12.949999809265137,0.02
689,2007-03-30,1420.8599853515625,-0.010675747379211842,14.640000343322754,0.07
690,2007-04-06,1443.760009765625,0.015988516650637052,13.229999542236328,0.01
691,2007-04-13,1452.8499755859375,0.006276299333040747,12.199999809265137,0.0
692,2007-04-20,1484.3499755859375,0.02144982177816157,12.06999969482422,0.04
693,2007-04-27,1494.0699462890625,0.006526954200463564,12.449999809265137,0.04
694,2007-05-04,1505.6199951171875,0.007700866511799909,12.90999984741211,-0.03
695,2007-05-11,1505.8499755859375,0.00015273635230261817,12.949999809265137,-0.04
696,2007-05-18,1522.75,0.011160404123760514,12.760000228881836,-0.01
697,2007-05-25,1515.72998046875,-0.004620752525569927,13.34000015258789,0.01
698,2007-06-01,1536.3399658203125,0.01350578394056523,12.779999732971191,-0.02
699,2007-06-08,1507.6700439453125,-0.018837500254512918,14.84000015258789,0.11
700,2007-06-15,1532.9100341796875,0.016602470153714854,13.9399995803833,0.11
701,2007-06-22,1502.56005859375,-0.019997552978541222,15.75,0.22
702,2007-06-29,1503.3499755859375,0.0005255759496378687,16.229999542236328,0.16
703,2007-07-06,1530.43994140625,0.01785930245469025,14.720000267028809,0.2
704,2007-07-13,1552.5,0.014311297351055963,15.149999618530272,0.17
705,2007-07-20,1534.0999755859375,-0.011922660871164226,16.950000762939453,0.17
706,2007-07-27,1458.949951171875,-0.05022690851688516,24.170000076293945,0.24
707,2007-08-03,1433.06005859375,-0.017904906378415575,25.15999984741211,0.25
708,2007-08-10,1453.6400146484375,0.014258706625882134,28.299999237060547,0.34
709,2007-08-17,1445.93994140625,-0.005311177108112908,29.989999771118164,0.5
710,2007-08-24,1479.3699951171875,0.022856729597334535,20.71999931335449,0.33
711,2007-08-31,1473.989990234375,-0.0036433153158190734,23.3799991607666,0.39
712,2007-09-07,1453.550048828125,-0.013964129116052604,26.229999542236328,0.48
713,2007-09-14,1484.25,0.02090072042638358,24.920000076293945,0.42
714,2007-09-21,1525.75,0.02757649827381936,19.0,0.58
715,2007-09-28,1526.75,0.00065520067864,18.0,0.62
716,2007-10-05,1557.5899658203125,0.01999843985664107,16.90999984741211,0.57
717,2007-10-12,1561.800048828125,0.0026993005326954034,17.729999542236328,0.47
718,2007-10-19,1500.6300048828125,-0.03995401032374879,22.959999084472656,0.61
719,2007-10-26,1535.280029296875,0.0228277707235911,19.559999465942383,0.64
720,2007-11-02,1509.6500244140625,-0.016834941857929664,23.01000022888184,0.65
721,2007-11-09,1453.699951171875,-0.03776585519107378,28.5,0.81
722,2007-11-16,1458.739990234375,0.0034610458550545786,25.489999771118164,0.82
723,2007-11-23,1440.699951171875,-0.012443970022991913,25.61000061035156,0.94
724,2007-11-30,1481.1400146484375,0.027682998737029507,22.8700008392334,0.93
725,2007-12-07,1504.6600341796875,0.015754910342763218,20.850000381469727,1.0
726,2007-12-14,1467.949951171875,-0.0247001453691702,23.270000457763672,0.93
727,2007-12-21,1484.4599609375,0.011184207041041283,18.46999931335449,0.99
728,2007-12-28,1478.489990234375,-0.004029753374390488,20.739999771118164,0.99
729,2008-01-04,1411.6300048828125,-0.046276221539026,23.940000534057617,1.14
730,2008-01-11,1401.02001953125,-0.007544511820393396,23.68000030517578,1.23
731,2008-01-18,1325.18994140625,-0.05564475554221282,27.18000030517578,1.3
732,2008-01-25,1330.6099853515625,0.004081671526193098,29.07999992370605,1.38
733,2008-02-01,1395.4200439453125,0.047558004025437306,24.020000457763672,1.53
734,2008-02-08,1331.2900390625,-0.04704705040622059,28.01000022888184,1.71
735,2008-02-15,1349.989990234375,0.013948751467250275,25.020000457763672,1.85
736,2008-02-22,1353.1099853515625,0.0023084580895256224,24.059999465942383,1.81
737,2008-02-29,1330.6300048828125,-0.01675311791038414,26.540000915527344,1.88
738,2008-03-07,1293.3699951171875,-0.02840130665538343,27.489999771118164,2.03
739,2008-03-14,1288.1400146484375,-0.004051882506238336,31.15999984741211,1.97
740,2008-03-21,1329.510009765625,0.031611131843436446,26.6200008392334,1.75
741,2008-03-28,1315.219970703125,-0.01080653090106054,25.709999084472656,1.8
742,2008-04-04,1370.4000244140625,0.04109875610151281,22.450000762939453,1.67
743,2008-04-11,1332.8299560546875,-0.027798217633767663,23.459999084472656,1.73
744,2008-04-18,1390.3299560546875,0.04223662922011506,20.1299991607666,1.58
745,2008-04-25,1397.8399658203125,0.005387066167455323,19.59000015258789,1.47
746,2008-05-02,1413.9000244140625,0.01142369728597803,18.18000030517578,1.42
747,2008-05-09,1388.280029296875,-0.01828626893317331,19.40999984741211,1.52
748,2008-05-16,1425.3499755859375,0.026351788519382247,16.469999313354492,1.38
749,2008-05-23,1375.9300537109375,-0.03528747530884768,19.549999237060547,1.39
750,2008-05-30,1400.3800048828125,0.0176137266891514,17.829999923706055,1.4
751,2008-06-06,1360.6800537109375,-0.02875901758613786,23.559999465942383,1.54
752,2008-06-13,1360.030029296875,-0.0004778343936679974,21.21999931335449,1.22
753,2008-06-20,1317.9300537109375,-0.03144441521954011,22.8700008392334,1.28
754,2008-06-27,1278.3800048828125,-0.03046870947866953,23.440000534057617,1.34
755,2008-07-04,1262.9000244140625,-0.012182972169599182,24.780000686645508,1.45
756,2008-07-11,1239.489990234375,-0.01871068618917615,27.489999771118164,1.37
757,2008-07-18,1260.6800537109375,0.016951303718999,24.049999237060547,1.45
758,2008-07-25,1257.760009765625,-0.002318931703947591,22.90999984741211,1.43
759,2008-08-01,1260.31005859375,0.0020254001125001864,22.56999969482422,1.46
760,2008-08-08,1296.3199462890625,0.028171670658684533,20.65999984741211,1.43
761,2008-08-15,1298.199951171875,0.0014492124062623901,19.57999992370605,1.44
762,2008-08-22,1292.199951171875,-0.004632497649945222,18.809999465942383,1.45
763,2008-08-29,1282.8299560546875,-0.007277613705864994,20.64999961853028,1.47
764,2008-09-05,1242.31005859375,-0.03209594369354374,23.059999465942383,1.43
765,2008-09-12,1251.699951171875,0.00752999138669086,25.65999984741211,1.51
766,2008-09-19,1255.0799560546875,0.0026966922156939077,32.06999969482422,1.62
767,2008-09-26,1213.27001953125,-0.033880070644072724,34.7400016784668,1.74
768,2008-10-03,1099.22998046875,-0.09870929299220155,45.13999938964844,2.03
769,2008-10-10,899.219970703125,-0.20083750759931007,69.94999694824219,2.27
770,2008-10-17,940.5499877929688,0.04493710925578043,70.33000183105469,2.34
771,2008-10-24,876.77001953125,-0.0702200750041273,79.12999725341797,2.19
772,2008-10-31,968.75,0.0997618581112647,59.88999938964844,2.45
773,2008-11-07,930.989990234375,-0.03975805507624308,56.09999847412109,2.5
774,2008-11-14,873.2899780273438,-0.06398086221669974,66.30999755859375,2.5
775,2008-11-21,800.030029296875,-0.0876183997900748,72.66999816894531,2.11
776,2008-11-28,896.239990234375,0.11355895976971198,55.27999877929688,1.93
777,2008-12-05,876.0700073242188,-0.02276221857427707,59.93000030517578,1.74
778,2008-12-12,879.72998046875,0.004169015230717221,54.27999877929688,1.82
779,2008-12-19,887.8800048828125,0.009221584214174072,44.93000030517578,1.39
780,2008-12-26,872.7999877929688,-0.017130183692062317,43.380001068115234,1.27
781,2009-01-02,931.7999877929688,0.06541176574940888,39.18999862670898,1.58
782,2009-01-09,890.3499755859375,-0.04550356985563653,42.81999969482422,1.68
783,2009-01-16,850.1199951171875,-0.046237106179759735,46.11000061035156,1.63
784,2009-01-23,831.9500122070312,-0.02160515271250496,47.27000045776367,1.82
785,2009-01-30,825.8800048828125,-0.007322867105377995,44.84000015258789,1.93
786,2009-02-06,868.5999755859375,0.05043320156441755,43.369998931884766,2.06
787,2009-02-13,826.8400268554688,-0.04927145358267193,42.93000030517578,1.92
788,2009-02-20,770.0499877929688,-0.07115580645846187,49.29999923706055,1.82
789,2009-02-27,735.0900268554688,-0.0464624547224739,46.34999847412109,2.02
790,2009-03-06,683.3800048828125,-0.07294189626921987,49.33000183105469,1.92
791,2009-03-13,756.5499877929688,0.10171752780192822,42.36000061035156,1.91
792,2009-03-20,768.5399780273438,0.0157239737185213,45.88999938964844,1.76
793,2009-03-27,815.9400024414062,0.05984824336008998,41.040000915527344,1.88
794,2009-04-03,842.5,0.03203283638545429,39.70000076293945,1.95
795,2009-04-10,856.5599975585938,0.016550702773252546,36.52999877929688,2.0
796,2009-04-17,869.5999755859375,0.015108942732180886,33.939998626708984,1.99
797,2009-04-24,866.22998046875,-0.0038828680648759217,36.81999969482422,2.04
798,2009-05-01,877.52001953125,0.012949329693332068,35.29999923706055,2.29
799,2009-05-08,929.22998046875,0.05725649583320358,32.04999923706055,2.29
800,2009-05-15,882.8800048828125,-0.05116696863413761,33.119998931884766,2.26
801,2009-05-22,887.0,0.004655685750106997,32.630001068115234,2.53
802,2009-05-29,919.1400146484376,0.03559348388019323,28.920000076293945,2.55
803,2009-06-05,940.0900268554688,0.02253717773881103,29.6200008392334,2.52
804,2009-06-12,946.2100219726562,0.006488911024521649,28.14999961853028,2.51
805,2009-06-19,921.22998046875,-0.026754842520141153,27.989999771118164,2.54
806,2009-06-26,918.9000244140624,-0.002532383357333856,25.93000030517578,2.42
807,2009-07-03,896.4199829101562,-0.024768294994210294,27.950000762939453,2.53
808,2009-07-10,879.1300048828125,-0.019476246441929135,29.020000457763672,2.41
809,2009-07-17,940.3800048828124,0.06735126644692357,24.34000015258789,2.65
810,2009-07-24,979.260009765625,0.0405131402766985,23.09000015258789,2.65
811,2009-07-31,987.47998046875,0.008359029263627527,25.920000076293945,2.39
812,2009-08-07,1010.47998046875,0.023024501510294115,24.76000022888184,2.57
813,2009-08-14,1004.0900268554688,-0.006343760722573144,24.270000457763672,2.48
814,2009-08-21,1026.1300048828125,0.021712763701265736,25.01000022888184,2.43
815,2009-08-28,1028.9300537109375,0.0027250303942505383,24.76000022888184,2.45
816,2009-09-04,1016.4000244140624,-0.012252483043836193,25.26000022888184,2.51
817,2009-09-11,1042.72998046875,0.025575258643349308,24.14999961853028,2.44
818,2009-09-18,1068.300048828125,0.024226390548728993,23.920000076293945,2.46
819,2009-09-25,1044.3800048828125,-0.022645233092336348,25.61000061035156,2.36
820,2009-10-02,1025.2099609375,-0.01852598103118641,28.68000030517578,2.36
821,2009-10-09,1071.489990234375,0.04415276251017097,23.1200008392334,2.42
822,2009-10-16,1087.6800537109375,0.014996842844076319,21.43000030517578,2.46
823,2009-10-23,1079.5999755859375,-0.007456457359083402,22.270000457763672,2.47
824,2009-10-30,1036.18994140625,-0.04104011138963859,30.690000534057617,2.51
825,2009-11-06,1069.300048828125,0.03145380628602279,24.190000534057617,2.68
826,2009-11-13,1093.47998046875,0.022360978766929662,23.36000061035156,2.61
827,2009-11-20,1091.3800048828125,-0.0019222982220137297,22.190000534057617,2.61
828,2009-11-27,1091.489990234375,0.00010077132573371728,24.739999771118164,2.53
829,2009-12-04,1105.97998046875,0.013188075779565267,21.25,2.64
830,2009-12-11,1106.4100341796875,0.0003887684481549414,21.59000015258789,2.72
831,2009-12-18,1102.469970703125,-0.00356748003204288,21.68000030517578,2.73
832,2009-12-25,1126.47998046875,0.021544618778182034,19.46999931335449,2.82
833,2010-01-01,1115.0999755859375,-0.010153644193494848,21.68000030517578,2.71
834,2010-01-08,1144.97998046875,0.026443087451459846,18.1299991607666,2.87
835,2010-01-15,1136.030029296875,-0.007847398356793711,17.90999984741211,2.81
836,2010-01-22,1091.760009765625,-0.0397486722972209,27.309999465942383,2.78
837,2010-01-29,1073.8699951171875,-0.016522140509639627,24.6200008392334,2.81
838,2010-02-05,1066.18994140625,-0.0071774500799461904,26.11000061035156,2.82
839,2010-02-12,1075.510009765625,0.008703485460364035,22.729999542236328,2.85
840,2010-02-19,1109.1700439453125,0.030817050730358453,20.020000457763672,2.83
841,2010-02-26,1104.489990234375,-0.004228346368935654,19.5,2.8
842,2010-03-05,1138.699951171875,0.030503536829065148,17.420000076293945,2.78
843,2010-03-12,1149.989990234375,0.00986602023942229,17.579999923706055,2.74
844,2010-03-19,1159.9000244140625,0.008580577360857156,16.969999313354492,2.68
845,2010-03-26,1166.5899658203125,0.005751118529351729,17.770000457763672,2.82
846,2010-04-02,1178.0999755859375,0.009818016463220225,17.469999313354492,2.85
847,2010-04-09,1194.3699951171875,0.013715895078861173,16.139999389648438,2.82
848,2010-04-16,1192.1300048828125,-0.0018772184304847173,18.36000061035156,2.81
849,2010-04-23,1217.280029296875,0.020877258367208107,16.6200008392334,2.74
850,2010-04-30,1186.68994140625,-0.02545101601419031,22.049999237060547,2.72
851,2010-05-07,1110.8800048828125,-0.06601537112980704,40.95000076293945,2.62
852,2010-05-14,1135.6800537109375,0.022079139351798283,31.239999771118164,2.65
853,2010-05-21,1087.68994140625,-0.043175510276066476,40.09999847412109,2.44
854,2010-05-28,1089.4100341796875,0.0015801691705847887,32.06999969482422,2.55
855,2010-06-04,1064.8800048828125,-0.022774175322644474,35.47999954223633,2.48
856,2010-06-11,1091.5999755859375,0.0247823661447093,28.790000915527344,2.49
857,2010-06-18,1117.510009765625,0.02345851726349313,23.950000762939453,2.5
858,2010-06-25,1076.760009765625,-0.03714646356486373,28.530000686645508,2.47
859,2010-07-02,1022.5800170898438,-0.0516276789897443,30.1200008392334,2.37
860,2010-07-09,1077.9599609375,0.052741467614009,24.979999542236328,2.44
861,2010-07-16,1064.8800048828125,-0.012208208467603399,26.25,2.35
862,2010-07-23,1102.6600341796875,0.03486335218138503,23.46999931335449,2.42
863,2010-07-30,1101.5999755859375,-0.0009618272533877814,23.5,2.39
864,2010-08-06,1121.6400146484375,0.018028266790252268,21.739999771118164,2.36
865,2010-08-13,1079.25,-0.03852555760674381,26.239999771118164,2.14
866,2010-08-20,1071.68994140625,-0.007029568403818409,25.489999771118164,2.13
867,2010-08-27,1064.5899658203125,-0.0066470706425159065,24.450000762939453,2.1
868,2010-09-03,1104.510009765625,0.03681209014205322,21.309999465942383,2.2
869,2010-09-10,1109.550048828125,0.0045527651778218825,21.989999771118164,2.23
870,2010-09-17,1125.5899658203125,0.01435274053489266,22.01000022888184,2.27
871,2010-09-24,1148.6700439453125,0.02029747734435894,21.709999084472656,2.17
872,2010-10-01,1146.239990234375,-0.0021177776757905775,22.5,2.12
873,2010-10-08,1165.1500244140625,0.016362843117336823,20.709999084472656,2.06
874,2010-10-15,1176.18994140625,0.009430496187768256,19.030000686645508,2.22
875,2010-10-22,1183.0799560546875,0.005840819012419729,18.780000686645508,2.24
876,2010-10-29,1183.260009765625,0.00015217907307096823,21.200000762939453,2.29
877,2010-11-05,1225.8499755859375,0.035361111688908764,18.26000022888184,2.2
878,2010-11-12,1199.2099609375,-0.021971486919406757,20.61000061035156,2.25
879,2010-11-19,1199.72998046875,0.00043354110740256857,18.040000915527344,2.36
880,2010-11-26,1189.4000244140625,-0.008647516381227405,22.21999931335449,2.36
881,2010-12-03,1224.7099609375,0.029255050564700902,18.010000228881836,2.54
882,2010-12-10,1240.4000244140625,0.012729878545141737,17.610000610351562,2.68
883,2010-12-17,1243.9100341796875,0.0028257439839700638,16.110000610351562,2.72
884,2010-12-24,1256.77001953125,0.010285281158267878,16.469999313354492,2.74
885,2010-12-31,1257.6400146484375,0.0006920073815166461,17.75,2.69
886,2011-01-07,1271.5,0.010960345429714913,17.139999389648438,2.74
887,2011-01-14,1293.239990234375,0.016953383983280723,15.460000038146973,2.76
888,2011-01-21,1283.3499755859375,-0.007676862326776224,18.46999931335449,2.81
889,2011-01-28,1276.3399658203125,-0.005477247206688851,20.040000915527344,2.82
890,2011-02-04,1310.8699951171875,0.02669445486423161,15.93000030517578,2.91
891,2011-02-11,1329.1500244140625,0.01384862335337722,15.6899995803833,2.79
892,2011-02-18,1343.010009765625,0.010373712253745282,16.43000030517578,2.81
893,2011-02-25,1319.8800048828125,-0.01737254372688124,19.21999931335449,2.7
894,2011-03-04,1321.1500244140625,0.0009617608395640076,19.059999465942383,2.81
895,2011-03-11,1304.280029296875,-0.012851401070824942,20.07999992370605,2.76
896,2011-03-18,1279.2099609375,-0.01940851748657213,24.440000534057617,2.67
897,2011-03-25,1313.800048828125,0.026681069285311665,17.90999984741211,2.67
898,2011-04-01,1332.4100341796875,0.01406561957362662,17.399999618530273,2.66
899,2011-04-08,1328.1700439453125,-0.0031872702187252244,17.8700008392334,2.76
900,2011-04-15,1319.6800537109375,-0.006412764330386622,15.31999969482422,2.72
901,2011-04-22,1337.3800048828125,0.013323156121519908,14.6899995803833,2.74
902,2011-04-29,1363.6099853515625,0.019423104253380785,14.75,2.71
903,2011-05-06,1340.199951171875,-0.017316763917747835,18.39999961853028,2.62
904,2011-05-13,1337.77001953125,-0.0018147569495488014,17.06999969482422,2.61
905,2011-05-20,1333.27001953125,-0.003369477201169424,17.43000030517578,2.6
906,2011-05-27,1331.0999755859375,-0.001628936243185386,15.979999542236328,2.59
907,2011-06-03,1300.1600341796875,-0.02351828962351199,17.950000762939453,2.57
908,2011-06-10,1270.97998046875,-0.02269911903085209,18.86000061035156,2.58
909,2011-06-17,1271.5,0.00040906480483293706,21.850000381469727,2.56
910,2011-06-24,1268.449951171875,-0.0024016617278368457,21.100000381469727,2.53
911,2011-07-01,1339.6700439453125,0.054627703627885715,15.869999885559082,2.72
912,2011-07-08,1343.800048828125,0.003078110059683503,15.949999809265137,2.63
913,2011-07-15,1316.1400146484375,-0.020798236486340826,19.530000686645508,2.57
914,2011-07-22,1345.02001953125,0.02170567599945361,17.520000457763672,2.59
915,2011-07-29,1292.280029296875,-0.040000774535542405,25.25,2.46
916,2011-08-05,1199.3800048828125,-0.07460336213715202,32.0,2.3
917,2011-08-12,1178.81005859375,-0.01729925592566328,36.36000061035156,2.04
918,2011-08-19,1123.530029296875,-0.04802996412234517,43.04999923706055,1.87
919,2011-08-26,1176.800048828125,0.04632339116519901,35.59000015258789,1.99
920,2011-09-02,1173.969970703125,-0.002407789336052346,33.91999816894531,1.82
921,2011-09-09,1154.22998046875,-0.01695770439672728,38.52000045776367,1.76
922,2011-09-16,1216.010009765625,0.05214157716064882,30.979999542236328,1.9
923,2011-09-23,1136.4300537109375,-0.06768319815771218,41.25,1.61
924,2011-09-30,1131.4200439453125,-0.004418297241938873,42.959999084472656,1.67
925,2011-10-07,1155.4599609375,0.02102497945173898,36.20000076293945,1.8
926,2011-10-14,1224.5799560546875,0.05809939290152055,28.239999771118164,1.98
927,2011-10-21,1238.25,0.011101200307353842,31.31999969482422,1.93
928,2011-10-28,1285.0899658203125,0.03712963572175365,24.530000686645508,2.06
929,2011-11-04,1253.22998046875,-0.025104525266434585,30.15999984741211,1.84
930,2011-11-11,1263.8499755859375,0.008438395537899268,30.040000915527344,1.8
931,2011-11-18,1215.6500244140625,-0.03888366523038833,32.0,1.72
932,2011-11-25,1158.6700439453125,-0.04800609972080139,34.470001220703125,1.69
933,2011-12-02,1244.280029296875,0.07128423939305417,27.520000457763672,1.8
934,2011-12-09,1255.18994140625,0.008729835944605746,26.3799991607666,1.85
935,2011-12-16,1219.6600341796875,-0.02871474946223973,24.290000915527344,1.62
936,2011-12-23,1265.3299560546875,0.036760763590176104,20.729999542236328,1.75
937,2011-12-30,1257.5999755859375,-0.00612779971424704,23.39999961853028,1.64
938,2012-01-06,1277.81005859375,0.015942597681569914,20.6299991607666,1.73
939,2012-01-13,1289.0899658203125,0.008788795611001099,20.90999984741211,1.65
940,2012-01-20,1315.3800048828125,0.020189084408926306,18.280000686645508,1.79
941,2012-01-27,1316.3299560546875,0.0007219269807334783,18.530000686645508,1.71
942,2012-02-03,1344.9000244140625,0.021472151038617326,17.100000381469727,1.74
943,2012-02-10,1342.6400146484375,-0.0016818430724736544,20.790000915527344,1.69
944,2012-02-17,1361.22998046875,0.013750852502571576,17.780000686645508,1.72
945,2012-02-24,1365.739990234375,0.003307710701665023,17.309999465942383,1.67
946,2012-03-02,1369.6300048828125,0.0028442348039154908,17.290000915527344,1.71
947,2012-03-09,1370.8699951171875,0.0009049372880829409,17.110000610351562,1.71
948,2012-03-16,1404.1700439453125,0.024000840966886372,14.470000267028809,1.94
949,2012-03-23,1397.1099853515625,-0.0050406053434350895,14.81999969482422,1.88
950,2012-03-30,1408.469970703125,0.00809818120478667,15.5,1.9
951,2012-04-06,1398.0799560546875,-0.007404152704117983,16.700000762939453,1.75
952,2012-04-13,1370.260009765625,-0.020099325365684706,19.549999237060547,1.75
953,2012-04-20,1378.530029296875,0.006017225300170459,17.440000534057617,1.7
954,2012-04-27,1403.3599853515625,0.017851615500013907,16.31999969482422,1.7
955,2012-05-04,1369.0999755859375,-0.02471577895744126,19.15999984741211,1.64
956,2012-05-11,1353.3900146484375,-0.011541005011750372,19.88999938964844,1.57
957,2012-05-18,1295.219970703125,-0.04393202454014844,25.100000381469727,1.39
958,2012-05-25,1317.8199462890625,0.01729827316135779,21.76000022888184,1.45
959,2012-06-01,1278.0400390625,-0.030651130500373824,26.65999984741211,1.22
960,2012-06-08,1325.6600341796875,0.03658278947721705,21.229999542236328,1.37
961,2012-06-15,1342.8399658203125,0.01287627431675098,21.11000061035156,1.31
962,2012-06-22,1335.02001953125,-0.005840461085095505,18.11000061035156,1.38
963,2012-06-29,1362.1600341796875,0.02012541257918876,17.079999923706055,1.34
964,2012-07-06,1354.6800537109375,-0.005506396494771693,17.100000381469727,1.3
965,2012-07-13,1356.780029296875,0.0015489632460141678,16.739999771118164,1.27
966,2012-07-20,1362.6600341796875,0.004324429962719201,16.270000457763672,1.27
967,2012-07-27,1385.969970703125,0.016961537437151897,16.700000762939453,1.33
968,2012-08-03,1390.989990234375,0.0036154824485903347,15.640000343322754,1.36
969,2012-08-10,1405.8699951171875,0.010640607936381663,14.739999771118164,1.38
970,2012-08-17,1418.1600341796875,0.008703956066216989,13.449999809265137,1.52
971,2012-08-24,1411.1300048828125,-0.004969475499101428,15.18000030517578,1.4
972,2012-08-31,1406.5799560546875,-0.0032296104610471943,17.469999313354492,1.35
973,2012-09-07,1437.9200439453125,0.022036460624972776,14.380000114440918,1.42
974,2012-09-14,1465.77001953125,0.019183059496049815,14.510000228881836,1.61
975,2012-09-21,1460.1500244140625,-0.003841528096547364,13.979999542236328,1.5
976,2012-09-28,1440.6700439453125,-0.013430873228220896,15.729999542236328,1.42
977,2012-10-05,1460.9300537109375,0.013964942335916497,14.329999923706056,1.48
978,2012-10-12,1428.5899658203125,-0.02238533606808435,16.139999389648438,1.42
979,2012-10-19,1433.18994140625,0.0032147682188616855,17.059999465942383,1.49
980,2012-10-26,1411.93994140625,-0.014938084396024287,17.809999465942383,1.48
981,2012-11-02,1414.199951171875,0.001599361909374153,17.59000015258789,1.47
982,2012-11-09,1379.8499755859375,-0.024589185745107933,18.61000061035156,1.34
983,2012-11-16,1359.8800048828125,-0.01457831576436508,16.40999984741211,1.34
984,2012-11-23,1409.1500244140625,0.0355902389053151,15.140000343322754,1.41
985,2012-11-30,1416.1800537109375,0.004976440706521146,15.869999885559082,1.37
986,2012-12-07,1418.0699462890625,0.0013336105553323208,15.899999618530272,1.39
987,2012-12-14,1413.5799560546875,-0.003171291757274375,17.0,1.48
988,2012-12-21,1430.1500244140625,0.011653888385189326,17.84000015258789,1.51
989,2012-12-28,1402.4300537109375,-0.01957286635242017,22.71999931335449,1.46
990,2013-01-04,1466.469970703125,0.04465164778403974,13.829999923706056,1.66
991,2013-01-11,1472.050048828125,0.003797887913059128,13.359999656677246,1.63
992,2013-01-18,1485.97998046875,0.00941845381984674,12.460000038146973,1.61
993,2013-01-25,1502.9599609375,0.011361996875417724,12.890000343322754,1.7
994,2013-02-01,1513.1700439453125,0.006770346100278601,12.899999618530272,1.77
995,2013-02-08,1517.9300537109375,0.0031407829007283894,13.020000457763672,1.74
996,2013-02-15,1519.7900390625,0.0012245931337968585,12.460000038146973,1.72
997,2013-02-22,1515.5999755859375,-0.002760809067535952,14.170000076293944,1.7
998,2013-03-01,1518.199951171875,0.0017140063848817277,15.359999656677246,1.61
999,2013-03-08,1551.1800537109375,0.02149057580642566,12.59000015258789,1.79
1000,2013-03-15,1560.699951171875,0.006118441035225963,11.300000190734863,1.76
1001,2013-03-22,1556.8900146484375,-0.0024441561987877947,13.56999969482422,1.67
1002,2013-03-29,1569.18994140625,0.007869274237314983,12.699999809265137,1.62
1003,2013-04-05,1553.280029296875,-0.010190682341514545,13.920000076293944,1.48
1004,2013-04-12,1588.8499755859375,0.02264162576242512,12.0600004196167,1.53
1005,2013-04-19,1555.25,-0.021374164326774192,14.970000267028809,1.49
1006,2013-04-26,1582.239990234375,0.017205253954526434,13.609999656677246,1.48
1007,2013-05-03,1614.4200439453125,0.0201342278969161,12.850000381469728,1.56
1008,2013-05-10,1633.699951171875,0.011871564897830034,12.59000015258789,1.64
1009,2013-05-17,1667.469970703125,0.020460138909382586,12.449999809265137,1.69
1010,2013-05-24,1649.5999755859375,-0.010774670591078284,13.989999771118164,1.75
1011,2013-05-31,1630.739990234375,-0.011498925941549665,16.299999237060547,1.86
1012,2013-06-07,1643.3800048828125,0.007721205981390256,15.140000343322754,1.85
1013,2013-06-14,1626.72998046875,-0.01018324666160808,17.149999618530273,1.85
1014,2013-06-21,1592.4300537109375,-0.02131066767575618,18.89999961853028,2.14
1015,2013-06-28,1606.280029296875,0.008659779585693528,16.860000610351562,2.16
1016,2013-07-05,1631.8900146484375,0.015817896517140717,14.890000343322754,2.33
1017,2013-07-12,1680.18994140625,0.029167986099309928,13.84000015258789,2.24
1018,2013-07-19,1692.0899658203125,0.00705758367389997,12.539999961853027,2.18
1019,2013-07-26,1691.6500244140625,-0.00026003263253038256,12.720000267028809,2.27
1020,2013-08-02,1709.6700439453125,0.01059599671233169,11.979999542236328,2.33
1021,2013-08-09,1691.4200439453125,-0.010731956337439286,13.40999984741211,2.25
1022,2013-08-16,1655.8299560546875,-0.021266071652554785,14.369999885559082,2.48
1023,2013-08-23,1663.5,0.004621449327497196,13.979999542236328,2.42
1024,2013-08-30,1632.969970703125,-0.018523391693811675,17.010000228881836,2.39
1025,2013-09-06,1655.1700439453125,0.013503324354768864,15.850000381469728,2.48
1026,2013-09-13,1687.989990234375,0.019634717062892548,14.15999984741211,2.45
1027,2013-09-20,1709.9100341796875,0.012902291339460525,13.119999885559082,2.41
1028,2013-09-27,1691.75,-0.010677261409506755,15.460000038146973,2.3
1029,2013-10-04,1690.5,-0.0007391529643943073,16.739999771118164,2.33
1030,2013-10-11,1703.199951171875,0.007484462762866961,15.720000267028809,2.35
1031,2013-10-18,1744.5,0.023959175716021797,13.039999961853027,2.27
1032,2013-10-25,1759.77001953125,0.008715148146325014,13.09000015258789,2.21
1033,2013-11-01,1761.6400146484375,0.0010620718830329778,13.279999732971191,2.32
1034,2013-11-08,1770.6099853515625,0.005078910034715278,12.899999618530272,2.45
1035,2013-11-15,1798.1800537109375,0.015450960434184147,12.1899995803833,2.4
1036,2013-11-22,1804.760009765625,0.003652552223518235,12.260000228881836,2.44
1037,2013-11-29,1805.81005859375,0.0005816526686084345,13.699999809265137,2.47
1038,2013-12-06,1805.0899658203125,-0.00039884393260081197,13.789999961853027,2.58
1039,2013-12-13,1775.3199462890625,-0.01662977498797602,15.760000228881836,2.54
1040,2013-12-20,1818.3199462890625,0.023932310214496155,13.789999961853027,2.52
1041,2013-12-27,1841.4000244140625,0.012613196801037674,12.460000038146973,2.62
1042,2014-01-03,1831.3699951171875,-0.005461847149693,13.760000228881836,2.6
1043,2014-01-10,1842.3699951171875,0.0059884656521500546,12.140000343322754,2.49
1044,2014-01-17,1838.699951171875,-0.0019940100106188297,12.4399995803833,2.44
1045,2014-01-24,1790.2900390625,-0.02668113389932536,18.13999938964844,2.38
1046,2014-01-31,1782.5899658203125,-0.004310295981435175,18.40999984741211,2.33
1047,2014-02-07,1797.02001953125,0.008062404527610312,15.289999961853027,2.41
1048,2014-02-14,1838.6300048828125,0.022890983464113113,13.56999969482422,2.43
1049,2014-02-21,1836.25,-0.001295283226884436,14.68000030517578,2.4
1050,2014-02-28,1859.449951171875,0.012555270307435862,14.0,2.33
1051,2014-03-07,1878.0400390625,0.009947981799995453,14.109999656677246,2.42
1052,2014-03-14,1841.1300048828125,-0.01984918440655381,17.81999969482422,2.29
1053,2014-03-21,1866.52001953125,0.013696228814690237,15.0,2.3
1054,2014-03-28,1857.6199951171875,-0.004779649165984168,14.40999984741211,2.28
1055,2014-04-04,1865.0899658203125,0.00401319512252396,13.960000038146973,2.31
1056,2014-04-11,1815.68994140625,-0.026843762487291478,17.030000686645508,2.26
1057,2014-04-18,1864.8499755859373,0.026715079324304725,13.359999656677246,2.3
1058,2014-04-25,1863.4000244140625,-0.0007778186789924035,14.0600004196167,2.25
1059,2014-05-02,1881.1400146484373,0.009475194695633071,12.90999984741211,2.18
1060,2014-05-09,1878.47998046875,-0.001415055046525282,12.920000076293944,2.22
1061,2014-05-16,1877.8599853515625,-0.0003301059693523456,12.4399995803833,2.14
1062,2014-05-23,1900.530029296875,0.011999987241506638,11.359999656677246,2.17
1063,2014-05-30,1923.5699462890625,0.01204999656193273,11.399999618530272,2.11
1064,2014-06-06,1949.43994140625,0.01335931516856892,10.729999542236328,2.19
1065,2014-06-13,1936.1600341796875,-0.006835474066898328,12.18000030517578,2.15
1066,2014-06-20,1962.8699951171875,0.013701037727246401,10.850000381469728,2.13
1067,2014-06-27,1960.9599609375,-0.0009735561183550345,11.260000228881836,2.09
1068,2014-07-04,1985.43994140625,0.012406393202616606,10.31999969482422,2.13
1069,2014-07-11,1967.5699462890625,-0.009041271009171403,12.079999923706056,2.05
1070,2014-07-18,1978.219970703125,0.005398184140693374,12.0600004196167,1.99
1071,2014-07-25,1978.3399658203125,6.0656286849258834e-05,12.6899995803833,1.95
1072,2014-08-01,1925.1500244140625,-0.027254192487278672,17.030000686645508,2.05
1073,2014-08-08,1931.5899658203125,0.0033395807899090357,15.770000457763672,1.99
1074,2014-08-15,1955.06005859375,0.012077433220323286,13.149999618530272,1.92
1075,2014-08-22,1988.4000244140625,0.01690939404284908,11.470000267028809,1.87
1076,2014-08-29,2003.3699951171875,0.00750045258620613,12.09000015258789,1.87
1077,2014-09-05,2007.7099609375,0.002163989529742061,12.09000015258789,1.94
1078,2014-09-12,1985.5400390625,-0.0111038125139169,13.3100004196167,2.04
1079,2014-09-19,2010.4000244140625,0.012442782272471753,12.109999656677246,2.0
1080,2014-09-26,1982.8499755859373,-0.013798527992359588,14.850000381469728,1.95
1081,2014-10-03,1967.9000244140625,-0.007568194661711658,14.550000190734863,1.88
1082,2014-10-10,1906.1300048828125,-0.03189198560299378,21.239999771118164,1.86
1083,2014-10-17,1886.760009765625,-0.010213933670145003,21.989999771118164,1.83
1084,2014-10-24,1964.5799560546875,0.040417382184736006,16.110000610351562,1.88
1085,2014-10-31,2018.050048828125,0.026853263178451492,14.029999732971191,1.85
1086,2014-11-07,2031.9200439453125,0.006849457662848835,13.119999885559082,1.81
1087,2014-11-14,2039.8199462890625,0.0038803618478757684,13.3100004196167,1.78
1088,2014-11-21,2063.5,0.011542027872669003,12.899999618530272,1.78
1089,2014-11-28,2067.56005859375,0.001965626179912583,13.329999923706056,1.71
1090,2014-12-05,2075.3701171875,0.003770311115176561,11.890000343322754,1.66
1091,2014-12-12,2002.3299560546875,-0.03582802697863574,21.07999992370605,1.54
1092,2014-12-19,2070.64990234375,0.033551039959320406,16.489999771118164,1.5
1093,2014-12-26,2088.77001953125,0.008712864850678237,14.5,1.52
1094,2015-01-02,2058.199951171875,-0.014743594640800772,17.790000915527344,1.46
1095,2015-01-09,2044.81005859375,-0.0065268863983343195,17.549999237060547,1.39
1096,2015-01-16,2019.4200439453125,-0.012494541065562359,20.950000762939453,1.34
1097,2015-01-23,2051.820068359375,0.015916874246918233,16.65999984741211,1.29
1098,2015-01-30,1994.989990234375,-0.02808820457631178,20.96999931335449,1.21
1099,2015-02-06,2055.469970703125,0.02986548510424658,17.290000915527344,1.3
1100,2015-02-13,2096.989990234375,0.019998460527117956,14.6899995803833,1.36
1101,2015-02-20,2110.300048828125,0.006327162079906579,14.300000190734863,1.46
1102,2015-02-27,2104.5,-0.002752231385643178,13.34000015258789,1.37
1103,2015-03-06,2071.260009765625,-0.015920786764270112,15.199999809265137,1.51
1104,2015-03-13,2053.39990234375,-0.008660214139809774,16.0,1.45
1105,2015-03-20,2108.10009765625,0.02629020588401154,13.020000457763672,1.33
1106,2015-03-27,2061.02001953125,-0.02258609884351337,15.06999969482422,1.37
1107,2015-04-03,2066.9599609375,0.0028778945314851256,14.670000076293944,1.36
1108,2015-04-10,2102.06005859375,0.016838934269007844,12.579999923706056,1.39
1109,2015-04-17,2081.179931640625,-0.009982836464490497,13.890000343322754,1.36
1110,2015-04-24,2117.68994140625,0.01739083660246088,12.289999961853027,1.39
1111,2015-05-01,2108.2900390625,-0.004448633400754076,12.699999809265137,1.52
1112,2015-05-08,2116.10009765625,0.003697607105137557,12.859999656677246,1.57
1113,2015-05-15,2122.72998046875,0.003128168903525186,12.380000114440918,1.59
1114,2015-05-22,2126.06005859375,0.0015675421831957692,12.130000114440918,1.57
1115,2015-05-29,2107.389892578125,-0.008820365079976966,13.84000015258789,1.51
1116,2015-06-05,2092.830078125,-0.0069329096442780624,14.210000038146973,1.68
1117,2015-06-12,2094.110107421875,0.0006114390366374067,13.779999732971191,1.65
1118,2015-06-19,2109.989990234375,0.0075545101051144314,13.960000038146973,1.61
1119,2015-06-26,2101.489990234375,-0.004036591213088414,14.020000457763672,1.77
1120,2015-07-03,2076.780029296875,-0.01182798091105397,16.790000915527344,1.76
1121,2015-07-10,2076.6201171875,-7.700298734203415e-05,16.829999923706055,1.77
1122,2015-07-17,2126.639892578125,0.023801590512044335,11.949999809265137,1.66
1123,2015-07-24,2079.64990234375,-0.022343655546952057,13.739999771118164,1.57
1124,2015-07-31,2103.840087890625,0.011564724767179513,12.119999885559082,1.53
1125,2015-08-07,2077.570068359375,-0.01256531370524705,13.390000343322754,1.45
1126,2015-08-14,2091.5400390625,0.006701680996036075,12.829999923706056,1.47
1127,2015-08-21,1970.8900146484373,-0.05941543061185239,28.030000686645508,1.41
1128,2015-08-28,1988.8699951171875,0.009081410991923278,26.049999237060547,1.47
1129,2015-09-04,1921.219970703125,-0.034606250138055294,27.799999237060547,1.42
1130,2015-09-11,1961.050048828125,0.020519683317876236,23.200000762939453,1.49
1131,2015-09-18,1958.030029296875,-0.0015411882731797277,22.280000686645508,1.44
1132,2015-09-25,1931.3399658203125,-0.013724835887826359,23.6200008392334,1.47
1133,2015-10-02,1951.3599853515625,0.010312513048480909,20.940000534057617,1.41
1134,2015-10-09,2014.8900146484373,0.032038052736985456,17.079999923706055,1.47
1135,2015-10-16,2033.1099853515625,0.009002022600318682,15.050000190734863,1.43
1136,2015-10-23,2075.14990234375,0.020466759958481795,14.460000038146973,1.43
1137,2015-10-30,2079.360107421875,0.002026812552870183,15.06999969482422,1.41
1138,2015-11-06,2099.199951171875,0.009496090787712852,14.329999923706056,1.44
1139,2015-11-13,2023.0400390625,-0.03695494659340959,20.07999992370605,1.42
1140,2015-11-20,2089.169921875,0.03216547060432973,15.470000267028809,1.33
1141,2015-11-27,2090.110107421875,0.00044992704779023285,15.119999885559082,1.3
1142,2015-12-04,2091.68994140625,0.0007555760873731998,14.8100004196167,1.32
1143,2015-12-11,2012.3699951171875,-0.03865919412890584,24.38999938964844,1.25
1144,2015-12-18,2005.550048828125,-0.003394767822229028,20.700000762939453,1.22
1145,2015-12-25,2060.989990234375,0.027268083442415936,15.739999771118164,1.22
1146,2016-01-01,2043.93994140625,-0.008307156108529945,18.209999084472656,1.21
1147,2016-01-08,1922.030029296875,-0.06149735462626449,27.01000022888184,1.19
1148,2016-01-15,1880.3299560546875,-0.021934664428090223,27.020000457763672,1.18
1149,2016-01-22,1906.9000244140625,0.014031629679691626,22.34000015258789,1.19
1150,2016-01-29,1940.239990234375,0.017332772069166502,20.200000762939453,1.18
1151,2016-02-05,1880.050048828125,-0.03151327352602795,23.3799991607666,1.12
1152,2016-02-12,1864.780029296875,-0.008155298822788204,25.39999961853028,1.03
1153,2016-02-19,1917.780029296875,0.0280251829615894,20.530000686645508,1.0
1154,2016-02-26,1948.050048828125,0.015660614963805664,19.809999465942383,0.96
1155,2016-03-04,1999.989990234375,0.026313278357408265,16.860000610351562,1.0
1156,2016-03-11,2022.18994140625,0.011038877913644995,16.5,1.01
1157,2016-03-18,2049.580078125,0.01345387865047254,14.020000457763672,1.04
1158,2016-03-25,2035.93994140625,-0.006677332302523098,14.739999771118164,1.02
1159,2016-04-01,2072.780029296875,0.017933115642854602,13.100000381469728,1.03
1160,2016-04-08,2047.5999755859373,-0.012222351891024275,15.359999656677246,1.02
1161,2016-04-15,2080.72998046875,0.01605042061432993,13.619999885559082,1.02
1162,2016-04-22,2091.580078125,0.005201014288148009,13.220000267028809,1.05
1163,2016-04-29,2065.300048828125,-0.012644280626898485,15.699999809265137,1.06
1164,2016-05-06,2057.139892578125,-0.003958901535865422,14.720000267028809,1.05
1165,2016-05-13,2046.6099853515625,-0.005131857763938541,15.039999961853027,0.95
1166,2016-05-20,2052.320068359375,0.0027861352239355597,15.199999809265137,0.96
1167,2016-05-27,2099.06005859375,0.022518759506982455,13.119999885559082,0.95
1168,2016-06-03,2099.1298828125,3.326396362801631e-05,13.470000267028809,0.93
1169,2016-06-10,2096.070068359375,-0.0014587218875439234,17.030000686645508,0.91
1170,2016-06-17,2071.219970703125,-0.01192640395905542,19.40999984741211,0.92
1171,2016-06-24,2037.4100341796875,-0.016458381347570494,25.76000022888184,0.93
1172,2016-07-01,2102.949951171875,0.03166168750613707,14.770000457763672,0.87
1173,2016-07-08,2129.89990234375,0.012733886751936652,13.199999809265137,0.76
1174,2016-07-15,2161.739990234375,0.014838464036151855,12.670000076293944,0.89
1175,2016-07-22,2175.030029296875,0.006129022570202203,12.020000457763672,0.86
1176,2016-07-29,2173.60009765625,-0.0006576469602688206,11.869999885559082,0.79
1177,2016-08-05,2182.8701171875,0.00425575434478187,11.390000343322754,0.87
1178,2016-08-12,2184.050048828125,0.0005403953470555223,11.550000190734863,0.8
1179,2016-08-19,2183.8701171875,-8.23877881863666e-05,11.34000015258789,0.82
1180,2016-08-26,2169.0400390625,-0.006813894599991599,13.649999618530272,0.78
1181,2016-09-02,2179.97998046875,0.0050310021256123605,11.979999542236328,0.8
1182,2016-09-09,2127.81005859375,-0.024222384171594946,17.5,0.88
1183,2016-09-16,2139.159912109375,0.005319878209278706,15.369999885559082,0.93
1184,2016-09-23,2164.68994140625,0.011863949541968566,12.289999961853027,0.85
1185,2016-09-30,2168.27001953125,0.001652486508970874,13.289999961853027,0.83
1186,2016-10-07,2153.739990234375,-0.006723762325702154,13.479999542236328,0.9
1187,2016-10-14,2132.97998046875,-0.009685807427145754,16.1200008392334,0.96
1188,2016-10-21,2141.159912109375,0.003827643377673162,13.34000015258789,0.9
1189,2016-10-28,2126.409912109375,-0.0069126267840999844,16.190000534057617,1.0
1190,2016-11-04,2085.179931640625,-0.01957992074069015,22.51000022888184,0.99
1191,2016-11-11,2164.449951171875,0.03731111537457643,14.170000076293944,1.23
1192,2016-11-18,2181.89990234375,0.00802974703817938,12.850000381469728,1.27
1193,2016-11-25,2213.35009765625,0.014311236944799965,12.34000015258789,1.24
1194,2016-12-02,2191.949951171875,-0.009715712703308732,14.119999885559082,1.29
1195,2016-12-09,2259.530029296875,0.03036530369018209,11.75,1.32
1196,2016-12-16,2258.070068359375,-0.0006463436146475487,12.199999809265137,1.32
1197,2016-12-23,2263.7900390625,0.002529920704368749,11.4399995803833,1.33
1198,2016-12-30,2238.830078125,-0.011086974233945668,14.039999961853027,1.25
1199,2017-01-06,2276.97998046875,0.016896552101805185,11.31999969482422,1.2
1200,2017-01-13,2274.639892578125,-0.0010282440810414073,11.229999542236328,1.19
1201,2017-01-20,2271.31005859375,-0.0014649675494275982,11.539999961853027,1.28
1202,2017-01-27,2294.68994140625,0.010240949253856435,10.579999923706056,1.27
1203,2017-02-03,2297.419921875,0.001188987577231515,10.970000267028809,1.28
1204,2017-02-10,2316.10009765625,0.008098058656715423,10.850000381469728,1.21
1205,2017-02-17,2351.159912109375,0.015024007171105858,11.489999771118164,1.21
1206,2017-02-24,2367.340087890625,0.006858213076555764,11.470000267028809,1.19
1207,2017-03-03,2383.1201171875,0.006643603632693562,10.960000038146973,1.17
1208,2017-03-10,2372.60009765625,-0.0044241613110944655,11.65999984741211,1.22
1209,2017-03-17,2378.25,0.002378481699549795,11.279999732971191,1.17
1210,2017-03-24,2343.97998046875,-0.014514592181788188,12.960000038146973,1.14
1211,2017-03-31,2362.719970703125,0.00796315442104678,12.369999885559082,1.13
1212,2017-04-07,2355.5400390625,-0.0030434682140842995,12.869999885559082,1.09
1213,2017-04-14,2328.949951171875,-0.011352515864966328,15.960000038146973,1.03
1214,2017-04-21,2348.68994140625,0.008440199704264018,14.630000114440918,1.04
1215,2017-04-28,2384.199951171875,0.015005916852985024,10.81999969482422,1.01
1216,2017-05-05,2399.2900390625,0.006309258712225763,10.56999969482422,1.04
1217,2017-05-12,2390.89990234375,-0.0035030532823361327,10.399999618530272,1.04
1218,2017-05-19,2381.72998046875,-0.0038427170696699875,12.039999961853027,0.95
1219,2017-05-26,2415.820068359375,0.014211696100246307,9.8100004196167,0.95
1220,2017-06-02,2439.070068359375,0.009578044853408407,9.75,0.87
1221,2017-06-09,2431.77001953125,-0.0029974518408080186,10.699999809265137,0.86
1222,2017-06-16,2433.14990234375,0.0005672787514132693,10.380000114440918,0.84
1223,2017-06-23,2438.300048828125,0.0021144211496615384,10.020000457763672,0.81
1224,2017-06-30,2423.409912109375,-0.006125492222656348,11.18000030517578,0.93
1225,2017-07-07,2425.179931640625,0.0007301172781852827,11.1899995803833,0.99
1226,2017-07-14,2459.27001953125,0.013958845628734728,9.510000228881836,0.98
1227,2017-07-21,2472.5400390625,0.005381412259641394,9.359999656677246,0.88
1228,2017-07-28,2472.10009765625,-0.00017794678490101745,10.289999961853027,0.96
1229,2017-08-04,2476.830078125,0.0019115169303196566,10.029999732971191,0.91
1230,2017-08-11,2441.320068359375,-0.014440643651571605,15.510000228881836,0.89
1231,2017-08-18,2425.550048828125,-0.00648058170604493,14.260000228881836,0.86
1232,2017-08-25,2443.050048828125,0.007188955764351412,11.279999732971191,0.82
1233,2017-09-01,2476.550048828125,0.013619203650415912,10.130000114440918,0.81
1234,2017-09-08,2461.429931640625,-0.0061240282473127294,12.119999885559082,0.79
1235,2017-09-15,2500.22998046875,0.015640265735444636,10.170000076293944,0.81
1236,2017-09-22,2502.219970703125,0.0007956062964220578,9.59000015258789,0.8
1237,2017-09-29,2519.360107421875,0.00682661752546565,9.510000228881836,0.86
1238,2017-10-06,2549.330078125,0.011825666541540159,9.649999618530272,0.83
1239,2017-10-13,2553.169921875,0.0015050835766228232,9.609999656677246,0.77
1240,2017-10-20,2575.2099609375,0.008595375249109694,9.970000267028809,0.79
1241,2017-10-27,2581.070068359375,0.0022729991046306353,9.800000190734863,0.83
1242,2017-11-03,2587.840087890625,0.0026195167638238814,9.140000343322754,0.71
1243,2017-11-10,2582.300048828125,-0.0021430913036688537,11.289999961853027,0.73
1244,2017-11-17,2578.85009765625,-0.0013368925870382853,11.43000030517578,0.62
1245,2017-11-24,2602.419921875,0.009098150343445965,9.670000076293944,0.59
1246,2017-12-01,2642.219970703125,0.01517771045420524,11.43000030517578,0.59
1247,2017-12-08,2651.5,0.00350605579985519,9.579999923706056,0.58
1248,2017-12-15,2675.81005859375,0.00912664255301543,9.420000076293944,0.51
1249,2017-12-22,2683.340087890625,0.0028101598374510317,9.899999618530272,0.57
1250,2017-12-29,2673.610107421875,-0.00363266067964485,11.039999961853027,0.51
1251,2018-01-05,2743.14990234375,0.025677200206246198,9.220000267028809,0.51
1252,2018-01-12,2786.239990234375,0.01558615364105087,10.15999984741211,0.56
1253,2018-01-19,2810.300048828125,0.008598243434415842,11.270000457763672,0.58
1254,2018-01-26,2872.8701171875,0.022020314308120348,11.079999923706056,0.53
1255,2018-02-02,2762.1298828125,-0.039309492100227494,17.309999465942383,0.69
1256,2018-02-09,2619.550048828125,-0.052999512859473796,29.059999465942383,0.78
1257,2018-02-16,2732.219970703125,0.04211188889405726,19.459999084472656,0.66
1258,2018-02-23,2747.300048828125,0.005504174140551044,16.489999771118164,0.63
1259,2018-03-02,2691.25,-0.020612859274173445,19.59000015258789,0.61
1260,2018-03-09,2786.570068359375,0.0348057036668985,14.640000343322754,0.63
1261,2018-03-16,2752.010009765625,-0.012479916029366045,15.800000190734863,0.54
1262,2018-03-23,2588.260009765625,-0.061345718289889106,24.8700008392334,0.54
1263,2018-03-30,2640.8701171875,0.02012261365509449,19.96999931335449,0.47
1264,2018-04-06,2604.469970703125,-0.013879264336722485,21.489999771118164,0.5
1265,2018-04-13,2656.300048828125,0.019705007062396085,17.40999984741211,0.45
1266,2018-04-20,2670.139892578125,0.005196669838798407,16.8799991607666,0.5
1267,2018-04-27,2669.909912109375,-8.613420372682867e-05,15.40999984741211,0.47
1268,2018-05-04,2663.419921875,-0.0024337491360251207,14.770000457763672,0.44
1269,2018-05-11,2727.719970703125,0.02385510275293523,12.649999618530272,0.43
1270,2018-05-18,2712.969970703125,-0.00542211972951101,13.420000076293944,0.51
1271,2018-05-25,2721.330078125,0.0030767951500489943,13.220000267028809,0.45
1272,2018-06-01,2734.6201171875,0.004871769305936802,13.460000038146973,0.42
1273,2018-06-08,2779.030029296875,0.016109427091007156,12.18000030517578,0.43
1274,2018-06-15,2779.659912109375,0.00022662995124189678,11.979999542236328,0.38
1275,2018-06-22,2754.8798828125,-0.008954744496251443,13.770000457763672,0.34
1276,2018-06-29,2718.3701171875,-0.013341362868667161,16.09000015258789,0.33
1277,2018-07-06,2759.820068359375,0.015133005899877539,13.369999885559082,0.29
1278,2018-07-13,2801.31005859375,0.014921700849027886,12.18000030517578,0.24
1279,2018-07-20,2801.830078125,0.000185617178958708,12.859999656677246,0.29
1280,2018-07-27,2818.820068359375,0.006045578905944815,13.029999732971191,0.29
1281,2018-08-03,2840.35009765625,0.007608936483701534,11.640000343322754,0.32
1282,2018-08-10,2833.280029296875,-0.002492256936292847,13.15999984741211,0.26
1283,2018-08-17,2850.1298828125,0.005929504696959853,12.640000343322754,0.26
1284,2018-08-24,2874.68994140625,0.00858025580726185,11.989999771118164,0.19
1285,2018-08-31,2901.52001953125,0.00928992237646753,12.859999656677246,0.24
1286,2018-09-07,2871.679931640625,-0.010337543781777647,14.880000114440918,0.23
1287,2018-09-14,2904.97998046875,0.011529298314459702,12.06999969482422,0.21
1288,2018-09-21,2929.669921875,0.008463263157570289,11.68000030517578,0.26
1289,2018-09-28,2913.97998046875,-0.005369924403918702,12.119999885559082,0.24
1290,2018-10-05,2885.570068359375,-0.009797359836994701,14.81999969482422,0.35
1291,2018-10-12,2767.1298828125,-0.041911838149270686,21.309999465942383,0.3
1292,2018-10-19,2767.780029296875,0.000234925770315364,19.88999938964844,0.28
1293,2018-10-26,2658.68994140625,-0.040212067169601795,24.15999984741211,0.27
1294,2018-11-02,2723.06005859375,0.023922771243904073,19.51000022888184,0.31
1295,2018-11-09,2781.010009765625,0.021057905098513352,17.360000610351562,0.25
1296,2018-11-16,2736.27001953125,-0.01621848834596662,18.13999938964844,0.27
1297,2018-11-23,2632.56005859375,-0.03863890719339569,21.520000457763672,0.24
1298,2018-11-30,2760.169921875,0.04733546468431715,18.06999969482422,0.21
1299,2018-12-07,2633.080078125,-0.04713795041466007,23.229999542236328,0.13
1300,2018-12-14,2599.949951171875,-0.012662098023152879,21.6299991607666,0.16
1301,2018-12-21,2416.6201171875,-0.07312227713336927,30.11000061035156,0.16
1302,2018-12-28,2485.739990234375,0.02820047985107621,28.34000015258789,0.2
1303,2019-01-04,2531.93994140625,0.018415386166265257,21.3799991607666,0.17
1304,2019-01-11,2596.260009765625,0.02508616749452841,18.190000534057617,0.16
1305,2019-01-18,2670.7099609375,0.028272388367691192,17.799999237060547,0.17
1306,2019-01-25,2664.760009765625,-0.0022303390970259684,17.420000076293945,0.16
1307,2019-02-01,2706.530029296875,0.015553381502311225,16.139999389648438,0.18
1308,2019-02-08,2707.8798828125,0.0004986152011037248,15.720000267028809,0.18
1309,2019-02-15,2775.60009765625,0.02470097758162737,14.90999984741211,0.14
1310,2019-02-22,2792.669921875,0.006131124256201659,13.510000228881836,0.17
1311,2019-03-01,2803.68994140625,0.003938286330376073,13.56999969482422,0.21
1312,2019-03-08,2743.070068359375,-0.02185862975887254,16.049999237060547,0.17
1313,2019-03-15,2822.47998046875,0.028538168125148644,12.880000114440918,0.16
1314,2019-03-22,2800.7099609375,-0.007742981661372106,16.479999542236328,0.13
1315,2019-03-29,2834.39990234375,0.011957297596611127,13.710000038146973,0.14
1316,2019-04-05,2892.739990234375,0.02037390635908576,12.81999969482422,0.15
1317,2019-04-12,2907.409912109375,0.005058473799241625,12.010000228881836,0.16
1318,2019-04-19,2905.030029296875,-0.0008188929157055824,12.09000015258789,0.19
1319,2019-04-26,2939.8798828125,0.011924996971923285,12.729999542236328,0.23
1320,2019-05-03,2945.639892578125,0.001957350182968831,12.869999885559082,0.21
1321,2019-05-10,2881.39990234375,-0.022049821259407132,16.040000915527344,0.21
1322,2019-05-17,2859.530029296875,-0.007618967345103478,15.960000038146973,0.19
1323,2019-05-24,2826.06005859375,-0.011773749715358939,15.850000381469728,0.16
1324,2019-05-31,2752.06005859375,-0.026533792742947426,18.709999084472656,0.19
1325,2019-06-07,2873.340087890625,0.04312540332884751,16.299999237060547,0.24
1326,2019-06-14,2886.97998046875,0.004735819506274552,15.279999732971191,0.25
1327,2019-06-21,2950.4599609375,0.021750110874492634,15.399999618530272,0.3
1328,2019-06-28,2941.760009765625,-0.0029530321465882636,15.079999923706056,0.25
1329,2019-07-05,2990.409912109375,0.016402427344077708,13.279999732971191,0.17
1330,2019-07-12,3013.77001953125,0.007781320865428043,12.390000343322754,0.28
1331,2019-07-19,2976.610107421875,-0.012406688048744563,14.449999809265137,0.25
1332,2019-07-26,3025.860107421875,0.01641027892618485,12.15999984741211,0.22
1333,2019-08-02,2932.050048828125,-0.03149353036161173,17.610000610351562,0.14
1334,2019-08-09,2918.64990234375,-0.004580706591461592,17.969999313354492,0.11
1335,2019-08-16,2888.679931640625,-0.01032152043272383,18.46999931335449,0.07
1336,2019-08-23,2847.110107421875,-0.01449514427248122,19.8700008392334,0.01
1337,2019-08-30,2926.4599609375,0.027489005661775145,18.979999542236328,0.0
1338,2019-09-06,2978.7099609375,0.017696819671872532,15.0,0.02
1339,2019-09-13,3007.389892578125,0.009582249474686222,13.739999771118164,0.11
1340,2019-09-20,2992.070068359375,-0.00510707884257755,15.31999969482422,0.05
1341,2019-09-27,2961.7900390625,-0.01017164992815811,17.219999313354492,0.06
1342,2019-10-04,2952.010009765625,-0.0033075309046814994,17.040000915527344,0.12
1343,2019-10-11,2970.27001953125,0.006166566774625792,15.579999923706056,0.13
1344,2019-10-18,2986.199951171875,0.005348795410051288,14.25,0.18
1345,2019-10-25,3022.550048828125,0.012099202362614747,12.649999618530272,0.17
1346,2019-11-01,3066.909912109375,0.014569649285602893,12.300000190734863,0.17
1347,2019-11-08,3093.080078125,0.00849687207517924,12.06999969482422,0.26
1348,2019-11-15,3120.4599609375,0.008813030850470582,12.050000190734863,0.23
1349,2019-11-22,3110.2900390625,-0.003264432341635981,12.34000015258789,0.16
1350,2019-11-29,3140.97998046875,0.009818864927717996,12.619999885559082,0.17
1351,2019-12-06,3145.909912109375,0.0015683216138171474,13.619999885559082,0.23
1352,2019-12-13,3168.800048828125,0.0072498142016623746,12.630000114440918,0.21
1353,2019-12-20,3221.219970703125,0.016407177956679675,12.510000228881836,0.29
1354,2019-12-27,3240.02001953125,0.005819347961541155,13.43000030517578,0.29
1355,2020-01-03,3234.85009765625,-0.0015969194377962737,14.020000457763672,0.27
1356,2020-01-10,3265.35009765625,0.009384395224719455,12.5600004196167,0.27
1357,2020-01-17,3329.6201171875,0.01949123412244269,12.100000381469728,0.26
1358,2020-01-24,3295.469970703125,-0.01030942930573886,14.5600004196167,0.21
1359,2020-01-31,3225.52001953125,-0.02145460564122814,18.84000015258789,0.18
1360,2020-02-07,3327.7099609375,0.031190184385254227,15.470000267028809,0.18
1361,2020-02-14,3380.159912109375,0.015638651650276003,13.68000030517578,0.17
1362,2020-02-21,3337.75,-0.012626092362680197,17.079999923706055,0.12
1363,2020-02-28,2954.219970703125,-0.12206228058123791,40.11000061035156,0.27
1364,2020-03-06,2972.3701171875,0.006125007114764713,41.93999862670898,0.25
1365,2020-03-13,2711.02001953125,-0.09203469877635584,57.83000183105469,0.45
1366,2020-03-20,2304.919921875,-0.16227902025217134,66.04000091552734,0.55
1367,2020-03-27,2541.469970703125,0.09769670746182868,65.54000091552734,0.47
1368,2020-04-03,2488.64990234375,-0.021002286720212204,46.79999923706055,0.39
1369,2020-04-10,2789.820068359375,0.11423674659145266,41.66999816894531,0.5
1370,2020-04-17,2874.56005859375,0.029922537316123154,38.150001525878906,0.45
1371,2020-04-24,2836.739990234375,-0.0132441373628982,35.93000030517578,0.38
1372,2020-05-01,2830.7099609375,-0.0021279522975055087,37.18999862670898,0.44
1373,2020-05-08,2929.800048828125,0.03440662819770335,27.979999542236328,0.53
1374,2020-05-15,2863.699951171875,-0.02281970002174205,31.88999938964844,0.48
1375,2020-05-22,2955.449951171875,0.03153642904874854,28.15999984741211,0.49
1376,2020-05-29,3044.31005859375,0.029623386739163315,27.51000022888184,0.49
1377,2020-06-05,3193.929931640625,0.04797781831135417,24.520000457763672,0.69
1378,2020-06-12,3041.31005859375,-0.048963749140176205,36.09000015258789,0.52
1379,2020-06-19,3097.739990234375,0.018384447290385353,35.119998931884766,0.51
1380,2020-06-26,3009.050048828125,-0.029048379654133427,34.72999954223633,0.47
1381,2020-07-03,3130.010009765625,0.03941177200197643,27.68000030517578,0.52
1382,2020-07-10,3185.0400390625,0.01742865752419931,27.290000915527344,0.49
1383,2020-07-17,3224.72998046875,0.012384359676667955,25.68000030517578,0.5
1384,2020-07-24,3215.6298828125,-0.0028259612523484634,25.84000015258789,0.45
1385,2020-07-31,3271.1201171875,0.017109211233298893,24.459999084472656,0.44
1386,2020-08-07,3351.280029296875,0.024209901416632817,22.209999084472656,0.44
1387,2020-08-14,3372.85009765625,0.006415742093192733,22.049999237060547,0.57
1388,2020-08-21,3397.159912109375,0.007181649333377393,22.540000915527344,0.48
1389,2020-08-28,3508.010009765625,0.032109165336663636,22.959999084472656,0.6
1390,2020-09-04,3426.9599609375,-0.02337536850739319,30.75,0.58
1391,2020-09-11,3340.969970703125,-0.025412384191595194,26.8700008392334,0.54
1392,2020-09-18,3319.469970703125,-0.006456052413009061,25.82999992370605,0.56
1393,2020-09-25,3298.4599609375,-0.00634944176447938,26.3799991607666,0.54
1394,2020-10-02,3348.419921875,0.01503288841571404,27.6299991607666,0.57
1395,2020-10-09,3477.139892578125,0.03772151646124122,25.0,0.63
1396,2020-10-16,3483.81005859375,0.0019164533875191125,27.40999984741211,0.62
1397,2020-10-23,3465.389892578125,-0.005301389882630403,27.549999237060547,0.67
1398,2020-10-30,3269.9599609375,-0.05804740894960858,38.02000045776367,0.74
1399,2020-11-06,3509.43994140625,0.07067872342108927,24.86000061035156,0.67
1400,2020-11-13,3585.14990234375,0.021343823047692112,23.100000381469727,0.72
1401,2020-11-20,3557.5400390625,-0.0077309811914823,23.700000762939453,0.67
1402,2020-11-27,3638.35009765625,0.022461003266274204,20.84000015258789,0.68
1403,2020-12-04,3699.1201171875,0.016564676188117744,20.790000915527344,0.81
1404,2020-12-11,3663.4599609375,-0.009686939829268937,23.309999465942383,0.79
1405,2020-12-18,3709.409912109375,0.012464765254229349,21.56999969482422,0.82
1406,2020-12-25,3703.06005859375,-0.0017132899273750724,21.530000686645508,0.81
1407,2021-01-01,3756.070068359375,0.014213695517916847,22.75,0.8
1408,2021-01-08,3824.679931640625,0.018101569555078356,21.559999465942383,0.99
1409,2021-01-15,3768.25,-0.014864083066347789,24.34000015258789,0.98
1410,2021-01-22,3841.469970703125,0.019244395510648715,21.90999984741211,0.97
1411,2021-01-29,3714.239990234375,-0.033681019650268595,33.09000015258789,1.0
1412,2021-02-05,3886.830078125,0.045419856916019796,20.8700008392334,1.1
1413,2021-02-12,3934.830078125,0.012273763272926175,19.96999931335449,1.09
1414,2021-02-19,3906.7099609375,-0.007172121187240421,22.049999237060547,1.23
1415,2021-02-26,3811.14990234375,-0.024764622329168873,27.950000762939453,1.3
1416,2021-03-05,3841.93994140625,0.0080464768657027,24.65999984741211,1.42
1417,2021-03-12,3943.340087890625,0.026050670119081687,20.690000534057617,1.5
1418,2021-03-19,3913.10009765625,-0.007698178528725563,20.950000762939453,1.58
1419,2021-03-26,3974.5400390625,0.015579104270104338,18.86000061035156,1.53
1420,2021-04-02,4019.8701171875,0.011340564984058332,17.329999923706055,1.53
1421,2021-04-09,4128.7998046875,0.026737167595833,16.690000534057617,1.51
1422,2021-04-16,4185.47021484375,0.013632294273229206,16.25,1.43
1423,2021-04-23,4180.169921875,-0.001267157944004893,17.329999923706055,1.42
1424,2021-04-30,4181.169921875,0.0002391961153236366,18.61000061035156,1.49
1425,2021-05-07,4232.60009765625,0.01222539152459845,16.690000534057617,1.46
1426,2021-05-14,4173.85009765625,-0.01397758986150599,18.809999465942383,1.47
1427,2021-05-21,4155.85986328125,-0.004319541120116455,20.14999961853028,1.46
1428,2021-05-28,4204.10986328125,0.011543232173748308,16.760000228881836,1.44
1429,2021-06-04,4229.89013671875,0.006113434605238055,16.420000076293945,1.42
1430,2021-06-11,4247.43994140625,0.004140414398674963,15.649999618530272,1.31
1431,2021-06-18,4166.4501953125,-0.019252033547122238,20.700000762939453,1.19
1432,2021-06-25,4280.7001953125,0.02705219208326426,15.619999885559082,1.26
1433,2021-07-02,4352.33984375,0.01659700235301287,15.06999969482422,1.2
1434,2021-07-09,4369.5498046875,0.003946388676499879,16.18000030517578,1.14
1435,2021-07-16,4327.16015625,-0.0097485104896613,18.450000762939453,1.06
1436,2021-07-23,4411.7900390625,0.01936903786245736,17.200000762939453,1.08
1437,2021-07-30,4395.259765625,-0.003753877453990029,18.239999771118164,1.05
1438,2021-08-06,4436.52001953125,0.009343655546510732,16.149999618530273,1.1
1439,2021-08-13,4468.0,0.0070705914633251155,15.449999809265137,1.06
1440,2021-08-20,4441.669921875,-0.00591046694349906,18.559999465942383,1.03
1441,2021-08-27,4509.3701171875,0.015127065902474257,16.389999389648438,1.09
1442,2021-09-03,4535.43017578125,0.0057624557451578795,16.40999984741211,1.12
1443,2021-09-10,4458.580078125,-0.017089588702416947,20.950000762939453,1.12
1444,2021-09-17,4432.990234375,-0.005755994386371199,20.809999465942383,1.14
1445,2021-09-24,4455.47998046875,0.005060442020591083,17.75,1.18
1446,2021-10-01,4357.0400390625,-0.022341858155478178,21.100000381469727,1.21
1447,2021-10-08,4391.33984375,0.007841447422226366,18.770000457763672,1.29
1448,2021-10-15,4471.3701171875,0.018060491462238204,16.299999237060547,1.18
1449,2021-10-22,4544.89990234375,0.016310828128297317,15.43000030517578,1.18
1450,2021-10-29,4605.3798828125,0.013219456157893106,16.260000228881836,1.07
1451,2021-11-05,4697.52978515625,0.01981163306728284,16.479999542236328,1.06
1452,2021-11-12,4682.85009765625,-0.0031298731324405082,16.290000915527344,1.05
1453,2021-11-19,4697.9599609375,0.0032214438313982185,17.90999984741211,1.02
1454,2021-11-26,4594.6201171875,-0.022242284316419614,28.6200008392334,0.98
1455,2021-12-03,4538.43017578125,-0.01230490330866374,30.670000076293945,0.75
1456,2021-12-10,4712.02001953125,0.037535518968210724,18.690000534057617,0.81
1457,2021-12-17,4620.64013671875,-0.01958344174069282,21.56999969482422,0.75
1458,2021-12-24,4725.7900390625,0.022501497776318047,17.959999084472656,0.79
1459,2021-12-31,4766.18017578125,0.008510431361198556,17.219999313354492,0.79
1460,2022-01-07,4677.02978515625,-0.01888193520883341,18.76000022888184,0.89
1461,2022-01-14,4662.85009765625,-0.0030363770352828112,19.190000534057617,0.79
1462,2022-01-21,4397.93994140625,-0.0584906339684359,28.850000381469727,0.74
1463,2022-01-28,4431.85009765625,0.007680889990282935,27.65999984741211,0.63
1464,2022-02-04,4500.52978515625,0.01537799373936899,23.21999931335449,0.62
1465,2022-02-11,4418.64013671875,-0.018363132505070823,27.36000061035156,0.42
1466,2022-02-18,4348.8701171875,-0.015915919190083727,27.75,0.45
1467,2022-02-25,4384.64990234375,0.008193714620185588,27.59000015258789,0.42
1468,2022-03-04,4328.8701171875,-0.012803217756335528,31.979999542236328,0.24
1469,2022-03-11,4204.31005859375,-0.02919636152145877,30.75,0.25
1470,2022-03-18,4463.1201171875,0.05973789575759447,23.8700008392334,0.17
1471,2022-03-25,4543.06005859375,0.017752707433132286,20.809999465942383,0.18
1472,2022-04-01,4545.85986328125,0.0006160918569264595,19.6299991607666,-0.05
1473,2022-04-08,4488.27978515625,-0.012747391577866196,21.15999984741211,0.19
1474,2022-04-15,4392.58984375,-0.021550512229755014,22.700000762939453,0.36
1475,2022-04-22,4271.77978515625,-0.027888442857880946,28.209999084472656,0.18
1476,2022-04-29,4131.93017578125,-0.033285899203383096,33.400001525878906,0.19
1477,2022-05-06,4123.33984375,-0.002081176051547118,30.190000534057617,0.4
1478,2022-05-13,4023.889892578125,-0.024414406912136144,28.8700008392334,0.32
1479,2022-05-20,3901.360107421875,-0.030923831912865296,29.43000030517578,0.18
1480,2022-05-27,4158.240234375,0.06376672636097602,25.71999931335449,0.27
1481,2022-06-03,4108.5400390625,-0.012024220429093901,24.790000915527344,0.3
1482,2022-06-10,3900.860107421875,-0.05187067457796424,27.75,0.09
1483,2022-06-17,3674.840087890625,-0.059687450965823174,31.1299991607666,0.08
1484,2022-06-24,3911.739990234375,0.06247266708077248,27.229999542236328,0.09
1485,2022-07-01,3825.330078125,-0.022337526809735664,26.700000762939453,0.04
1486,2022-07-08,3899.3798828125,0.019172777596061508,24.63999938964844,-0.03
1487,2022-07-15,3863.159912109375,-0.009332057423966589,24.229999542236328,-0.2
1488,2022-07-22,3961.6298828125,0.025170048494643993,23.030000686645508,-0.21
1489,2022-07-29,4130.2900390625,0.04169210472633722,21.32999992370605,-0.22
1490,2022-08-05,4145.18994140625,0.003600979877800725,21.14999961853028,-0.41
1491,2022-08-12,4280.14990234375,0.032039421131649704,19.530000686645508,-0.41
1492,2022-08-19,4228.47998046875,-0.012145447092120065,20.600000381469727,-0.27
1493,2022-08-26,4057.659912109375,-0.04123615468314057,25.559999465942383,-0.33
1494,2022-09-02,3924.260009765625,-0.033428630201123966,25.46999931335449,-0.2
1495,2022-09-09,4067.360107421875,0.03581636583692749,22.790000915527344,-0.23
1496,2022-09-16,3873.330078125,-0.048879544412946174,26.299999237060547,-0.4
1497,2022-09-23,3693.22998046875,-0.0476132137081855,29.920000076293945,-0.51
1498,2022-09-30,3585.6201171875,-0.029569974033259783,31.6200008392334,-0.39
1499,2022-10-07,3639.659912109375,0.014958811945918526,31.36000061035156,-0.41
1500,2022-10-14,3583.070068359375,-0.015670252633039894,32.02000045776367,-0.48
1501,2022-10-21,3752.75,0.04626891064664562,29.690000534057617,-0.28
1502,2022-10-28,3901.06005859375,0.03875942153966783,25.75,-0.39
1503,2022-11-04,3770.550048828125,-0.034027433734571844,24.549999237060547,-0.49
1504,2022-11-11,3992.929931640625,0.05730438776538449,22.520000457763672,-0.52
1505,2022-11-18,3965.340087890625,-0.00693365623819453,23.1200008392334,-0.69
1506,2022-11-25,4026.1201171875,0.015211538249088719,20.5,-0.74
1507,2022-12-02,4071.699951171875,0.011257428532237768,19.059999465942383,-0.77
1508,2022-12-09,3934.3798828125,-0.034307311357618886,22.82999992370605,-0.76
1509,2022-12-16,3852.360107421875,-0.02106730391656697,22.6200008392334,-0.69
1510,2022-12-23,3844.820068359375,-0.001959169800390015,20.8700008392334,-0.56
1511,2022-12-30,3839.5,-0.0013846558087244887,21.670000076293945,-0.53
1512,2023-01-06,3895.080078125,0.014372088533439964,21.1299991607666,-0.69
1513,2023-01-13,3999.090087890625,0.026352618893595192,18.350000381469727,-0.73
1514,2023-01-20,3972.610107421875,-0.006643520758201404,19.850000381469727,-0.66
1515,2023-01-27,4070.56005859375,0.024357260064389763,18.51000022888184,-0.67
1516,2023-02-03,4136.47998046875,0.0160645833875801,18.32999992370605,-0.77
1517,2023-02-10,4090.4599609375,-0.01118775629077362,20.530000686645508,-0.76
1518,2023-02-17,4079.090087890625,-0.002783477748426577,20.020000457763672,-0.78
1519,2023-02-24,3970.0400390625,-0.027097765815652153,21.670000076293945,-0.83
1520,2023-03-03,4045.639892578125,0.01886355141279239,18.489999771118164,-0.89
1521,2023-03-10,3861.590087890625,-0.046560692946361115,24.799999237060547,-0.9
1522,2023-03-17,3916.639892578125,0.014155077440349828,25.51000022888184,-0.42
1523,2023-03-24,3970.989990234375,0.013781315468142097,21.739999771118164,-0.38
1524,2023-03-31,4109.31005859375,0.03423971403194592,18.700000762939453,-0.58
1525,2023-04-07,4105.02001953125,-0.0010445257036781896,18.39999961853028,-0.58
1526,2023-04-14,4137.64013671875,0.007914990273818034,17.06999969482422,-0.56
1527,2023-04-21,4133.52001953125,-0.0009962610928688775,16.770000457763672,-0.6
1528,2023-04-28,4169.47998046875,0.008661974172291309,15.779999732971191,-0.6
1529,2023-05-05,4136.25,-0.008001742857159044,17.190000534057617,-0.48
1530,2023-05-12,4124.080078125,-0.0029465967014079553,17.030000686645508,-0.52
1531,2023-05-19,4191.97998046875,0.016330187803522023,16.809999465942383,-0.58
1532,2023-05-26,4205.4501953125,0.0032081782438648787,17.950000762939453,-0.74
1533,2023-06-02,4282.3701171875,0.01812527242041284,14.600000381469728,-0.81
1534,2023-06-09,4298.85986328125,0.003843217447347058,13.829999923706056,-0.84
1535,2023-06-16,4409.58984375,0.025431839713627724,13.539999961853027,-0.93
1536,2023-06-23,4348.330078125,-0.013989797871328591,13.4399995803833,-0.97
1537,2023-06-30,4450.3798828125,0.02319757814903589,13.59000015258789,-1.06
1538,2023-07-07,4398.9501953125,-0.011623538976568426,14.829999923706056,-0.88
1539,2023-07-14,4505.419921875,0.02391517863699022,13.34000015258789,-0.91
1540,2023-07-21,4536.33984375,0.0068393859614381824,13.600000381469728,-0.98
1541,2023-07-28,4582.22998046875,0.01006528984927435,13.329999923706056,-0.91
1542,2023-08-04,4478.02978515625,-0.023002605333680037,17.100000381469727,-0.73
1543,2023-08-11,4464.0498046875,-0.003126787615395088,14.84000015258789,-0.73
1544,2023-08-18,4369.7099609375,-0.021359745570789457,17.299999237060547,-0.66
1545,2023-08-25,4405.7099609375,0.008204781600333888,15.68000030517578,-0.78
1546,2023-09-01,4515.77001953125,0.024674301278624355,13.09000015258789,-0.69
1547,2023-09-08,4457.490234375,-0.012989839366289502,13.84000015258789,-0.72
1548,2023-09-15,4450.31982421875,-0.0016099157161608701,13.789999961853027,-0.69
1549,2023-09-22,4320.06005859375,-0.02970665959489871,17.200000762939453,-0.66
1550,2023-09-29,4288.0498046875,-0.007437266011452337,17.520000457763672,-0.44
1551,2023-10-06,4308.5,0.004757777097498916,17.450000762939453,-0.3
1552,2023-10-13,4327.77978515625,0.004464843118594075,19.31999969482422,-0.41
1553,2023-10-20,4224.16015625,-0.024234197352219766,21.709999084472656,-0.14
1554,2023-10-27,4117.3701171875,-0.02560582298725045,21.270000457763672,-0.15
1555,2023-11-03,4358.33984375,0.05687657659080436,14.90999984741211,-0.26
1556,2023-11-10,4415.240234375,0.012971030729936217,14.170000076293944,-0.43
1557,2023-11-17,4514.02001953125,0.022125867574946056,13.800000190734863,-0.44
1558,2023-11-24,4559.33984375,0.009989728565996003,12.460000038146973,-0.45
1559,2023-12-01,4594.6298828125,0.007710362814890459,12.630000114440918,-0.34
1560,2023-12-08,4604.3701171875,0.0021176732286214417,12.350000381469728,-0.48
1561,2023-12-15,4719.18994140625,0.024631284303199052,12.279999732971191,-0.53
1562,2023-12-22,4754.6298828125,0.007481693208946538,13.029999732971191,-0.41
1563,2023-12-29,4769.830078125,0.0031918257369945024,12.449999809265137,-0.35
