Date,SP500_Return,VIX,Yield_Spread
1994-01-14,0.37733861142850006,-1.044307021076964,0.6564558657475847
1994-01-21,-0.07783524164358073,-1.0516666039958753,0.6890111809021402
1994-01-28,0.28401479195584567,-1.1927266023642407,0.6456040940293996
1994-02-04,-0.8365808258019859,-0.5413976651175069,0.5587899202839177
1994-02-11,-0.0287265269912897,-0.638299698058558,0.4719757465384358
1994-02-18,-0.2808941803666188,-0.6088611324259894,0.5587899202839177
1994-02-25,-0.20479215690668745,-0.5965950049231884,0.5262346051293619
1994-03-04,-0.17947787691799666,-0.44940205978188386,0.5370863768475472
1994-03-11,0.08972730358064045,-0.5880087858583045,0.5479381485657324
1994-03-18,0.3463463558761308,-0.7781330602809509,0.49367928997480626
1994-03-25,-0.9918058067716311,-0.7352017309996093,0.5479381485657324
1994-04-01,-1.413020864165868,0.09643862545891502,0.6021970071566586
1994-04-08,0.06192972822048748,-0.3365541078785761,0.5479381485657324
1994-04-15,-0.14647759273304417,-0.4518553320738286,0.49367928997480626
1994-04-22,0.07290501504963759,-0.5794225667934207,0.330902714202028
1994-04-29,0.24066284949189848,-0.7229356034968082,0.3526062576383985
1994-05-06,-0.34568186560044944,-0.5622500116851914,0.24408854045654613
1994-05-13,-0.4025551859620756,-0.6284868428477017,0.25494031217473134
1994-05-20,0.9305622551063015,-0.8431432552974888,0.23323676873836088
1994-05-27,0.15723589709449867,-0.8799415208274303,0.15727436671106423
1994-06-03,0.19116116340035003,-0.9167397863573717,0.146422594992879
1994-06-10,-0.19272405636179768,-0.8554093828002898,0.18982968186561994
1994-06-17,-0.08112755466215969,-0.9020203865626261,0.27664385561110183
1994-06-24,-1.4977912338397368,-0.361086362884178,0.16812613842924948
1994-07-01,0.25507105774872413,-0.6505658255613589,0.15727436671106423
1994-07-08,0.2480653461116095,-0.7854926431998626,0.1789779101474347
1994-07-15,0.36067466506095675,-1.0283611021147072,0.22238499702017564
1994-07-22,-0.15701664658305511,-1.0357206850336187,0.146422594992879
1994-07-29,0.4061411881759105,-1.0467601763904473,0.13557082327469377
1994-08-05,-0.16701514094899614,-0.8983405951031703,0.10301550812013831
1994-08-12,0.37524135756577476,-1.0516666039958753,0.04875664952921213
1994-08-19,0.09420700315259789,-0.8382368276920604,0.0379048778110269
1994-08-26,0.8316690689001367,-0.9167397863573717,0.027053106092841665
1994-09-02,-0.30730270869541454,-1.0136418192984231,0.0379048778110269
1994-09-09,-0.30877488667156355,-0.8026651983080916,0.09216373640195308
1994-09-16,0.20376414880545818,-0.8419166191515164,0.10301550812013831
1994-09-23,-1.0850116366982652,-0.6297134789936741,0.04875664952921213
1994-09-30,0.21133383257375452,-0.6603786807722152,-0.005502209061714039
1994-10-07,-0.7471445257690674,-0.5818757221069043,0.04875664952921213
1994-10-14,1.1918252062145032,-0.7781330602809509,0.0379048778110269
1994-10-21,-0.43413677690850977,-0.46044155113871243,0.005349562656471195
1994-10-28,0.7212617475588136,-0.626033570555757,-0.005502209061714039
1994-11-04,-1.0766836313717412,-0.3574064544462609,-0.016353980779899274
1994-11-11,-0.055022396157661115,-0.3880716562248019,-0.0923163828071958
1994-11-18,-0.1400789845380282,-0.44940205978188386,-0.24424118686178894
1994-11-25,-0.8923193230051505,-0.27277043202954937,-0.42872130607093784
1994-12-02,0.030966635519852594,-0.38193870945186276,-0.6891638273073832
1994-12-09,-0.6438205740879356,-0.4444955151979944,-0.8085333162074206
1994-12-16,1.020042247051326,-0.8431432552974888,-0.8519404030801616
1994-12-23,0.03145975227073467,-0.9621242709521968,-0.9713098919801991
1994-12-30,-0.11168369605436172,-0.7928523430972354,-0.9279028051074582
1995-01-06,0.06549469307542112,-0.8014385621621192,-0.8410886313619764
1995-01-13,0.41092939566364795,-1.0504399678499028,-0.7651262293346798
1995-01-20,-0.16704220421931817,-0.9216462139628,-0.7434226858983093
1995-01-27,0.4349330921807662,-1.032040893574163,-0.6891638273073832
1995-02-03,0.6586600107739586,-1.0651593676446487,-0.7108673707437537
1995-02-10,0.18080668339229175,-1.0283611021147072,-0.775978001052865
1995-02-17,-0.017497481584895565,-0.975616917622509,-0.7000155990255684
1995-02-24,0.4622664667783085,-1.0823318057744162,-0.6132014252800867
1995-03-03,-0.289841704897197,-1.0075087555470223,-0.580646110125531
1995-03-10,0.29079690256502083,-0.8934341674977422,-0.6566085121528276
1995-03-17,0.438333913739255,-0.9645774262656804,-0.6240531969982719
1995-03-24,0.39111512330143966,-1.0394005934715358,-0.6023496535619015
1995-03-31,-0.08275633181036297,-0.7719999965295505,-0.6566085121528276
1995-04-07,0.4076911478480205,-0.8357835554001157,-0.5914978818437162
1995-04-14,0.16756800517673953,-1.0038289640875666,-0.5263872515346049
1995-04-21,-0.12143162163710057,-0.957217843346769,-0.47212839294367875
1995-04-28,0.4415566976896401,-0.9707104900170809,-0.580646110125531
1995-05-05,0.37115303838573793,-0.932685588341167,-0.5155354798164196
1995-05-12,0.36825374637464087,-0.9596709986602523,-0.580646110125531
1995-05-19,-0.5648406756216132,-0.840689983005544,-0.6349049687164572
1995-05-26,0.2924807201691828,-0.9155131502113993,-0.6240531969982719
1995-06-02,0.6326317687570663,-0.8198377534163206,-0.4829801646618639
1995-06-09,-0.41775557936715807,-0.8468230467569445,-0.6674602838710127
1995-06-16,0.8598357612053145,-1.0933712971312448,-0.6132014252800867
1995-06-23,0.6888160944585681,-1.0479868125364196,-0.6349049687164572
1995-06-30,-0.43615524270444395,-1.0160949746119061,-0.6349049687164572
1995-07-07,0.811648913403923,-0.9682572177251362,-0.5480907949709752
1995-07-14,0.19955539413948253,-0.9302324330276834,-0.6023496535619015
1995-07-21,-0.5270572462130148,-0.8946608036437146,-0.4612766212254935
1995-07-28,0.6284390672176408,-0.795305498410719,-0.47212839294367875
1995-08-04,-0.3554733660776266,-0.791625706951263,-0.45042484950730827
1995-08-11,-0.3456604612877361,-0.829650608627177,-0.5046837080982344
1995-08-18,0.24306514914155228,-0.9363654967790841,-0.6132014252800867
1995-08-25,0.004482258737613015,-0.8995672312491424,-0.5697943384073457
1995-09-01,0.2139665351262146,-1.0271344659687347,-0.6132014252800867
1995-09-08,0.5821077516782345,-1.0430803849309915,-0.6674602838710127
1995-09-15,0.702200681130685,-0.9915628365847654,-0.6566085121528276
1995-09-22,-0.17629963413129035,-0.883621312286886,-0.6566085121528276
1995-09-29,0.12881287729269372,-0.8492763190488892,-0.7217191424619388
1995-10-06,-0.19738522810565098,-0.6971769463021567,-0.732570914180124
1995-10-13,0.08118547619480351,-0.7352017309996093,-0.7651262293346798
1995-10-20,0.14763339239061965,-0.760960505172722,-0.7434226858983093
1995-10-27,-0.6112467402554376,-0.6174473514908732,-0.6457567404346424
1995-11-03,0.7070483649645982,-0.9081534503140265,-0.6023496535619015
1995-11-10,0.08900628492468238,-0.8210642725838316,-0.5697943384073457
1995-11-17,0.4484270385451124,-0.8799415208274303,-0.5914978818437162
1995-11-24,-0.06818057714245822,-0.9559912072007966,-0.6349049687164572
1995-12-01,0.41914277418463164,-1.0492134486823919,-0.6674602838710127
1995-12-08,0.6480465534481417,-1.0479868125364196,-0.7217191424619388
1995-12-15,-0.13770917231356858,-1.0087353916929946,-0.6674602838710127
1995-12-22,-0.3569236771196967,-1.0001490556496495,-0.6240531969982719
1995-12-29,0.20682946513571265,-0.8762616123895132,-0.6566085121528276
1996-01-05,-0.008940987044676383,-0.7462412223564374,-0.5589425666891605
1996-01-12,-1.0727948142481767,-0.6665117445236156,-0.4612766212254935
1996-01-19,0.6216548695353441,-0.8541827466543174,-0.53723902325279
1996-01-26,0.5952580316384953,-0.9400452882385398,-0.47212839294367875
1996-02-02,0.874161269593861,-0.7891725516377797,-0.2659447302981594
1996-02-09,1.2529883447321968,-0.6174473514908732,-0.21168587170723324
1996-02-16,-0.5933550317696695,-0.5266783823012225,-0.1574270131163072
1996-02-23,0.6411938464138627,-0.5990482772151331,-0.17913055655267768
1996-03-01,-0.9948219871159303,-0.361086362884178,-0.29850004545271513
1996-03-08,-0.7649198373293439,0.127103827237456,-0.3527589040436412
1996-03-15,0.453215644567304,-0.3831651116409124,-0.45042484950730827
1996-03-22,0.5270674022329769,-0.3206083058947808,-0.4612766212254935
1996-03-29,-0.38803901102173827,-0.09613903823413757,-0.49383193638004913
1996-04-05,0.5972286483416358,-0.4273230770682267,-0.5697943384073457
1996-04-12,-1.286859676007006,-0.28013024890538357,-0.4829801646618639
1996-04-19,0.4782157545151707,-0.5573435840797636,-0.4612766212254935
1996-04-26,0.47316938683990356,-0.6027280686745888,-0.4178695343527526
1996-05-03,-0.8168845067015665,-0.3635394012192,-0.3310553606072708
1996-05-10,0.6075140893102213,-0.4972398166686539,-0.3202035888890856
1996-05-17,0.991983809417453,-0.5561169479337912,-0.42872130607093784
1996-05-24,0.5280621008421225,-0.5058260357335378,-0.4178695343527526
1996-05-31,-0.6376489873132881,-0.44081584071700003,-0.4612766212254935
1996-06-07,0.1968921113947807,-0.43713593227908293,-0.5155354798164196
1996-06-14,-0.5220785482853335,-0.12557760386670577,-0.3744624474800117
1996-06-21,0.00016490111691828206,-0.4739341978090244,-0.42872130607093784
1996-06-28,0.17310952145682615,-0.733975094853637,-0.4178695343527526
1996-07-05,-0.8828318798564743,-0.4383625684250553,-0.4178695343527526
1996-07-12,-0.7751287086157609,-0.3157017613108913,-0.45042484950730827
1996-07-19,-0.5415303248568882,-0.29484941474320653,-0.4395730777891231
1996-07-26,-0.2449349514539734,-0.27154379588357697,-0.4395730777891231
1996-08-02,1.6329253684623508,-0.42609644092225435,-0.4395730777891231
1996-08-09,-0.08564051286966291,-0.47761398926848014,-0.47212839294367875
1996-08-16,0.13253066510009753,-0.595368368777216,-0.42872130607093784
1996-08-23,0.051716488074016825,-0.6726446912965549,-0.40701776263456735
1996-08-30,-1.004499674589832,-0.3255146165217475,-0.4178695343527526
1996-09-06,0.17212707076105896,-0.31447512516491893,-0.42872130607093784
1996-09-13,1.4778156390270802,-0.5475307288689073,-0.3961659909163821
1996-09-20,0.3312655945212917,-0.49233338906322605,-0.45042484950730827
1996-09-27,-0.11188481802425476,-0.43713593227908293,-0.42872130607093784
1996-10-04,0.8489868813616747,-0.5965950049231884,-0.40701776263456735
1996-10-11,-0.10848340781325004,-0.5634766478311638,-0.40701776263456735
1996-10-18,0.5341328436285733,-0.5622500116851914,-0.42872130607093784
1996-10-25,-0.6413583022006575,-0.2911695063052894,-0.3961659909163821
1996-11-01,0.10654285808430264,-0.2175732092023292,-0.45042484950730827
1996-11-08,1.498571819723981,-0.47638747010096916,-0.5155354798164196
1996-11-15,0.32175915869817595,-0.6505658255613589,-0.53723902325279
1996-11-22,0.5570080979147725,-0.5818757221069043,-0.5914978818437162
1996-11-29,0.3941243516097447,-0.3095688145379522,-0.580646110125531
1996-12-06,-1.024119102519667,-0.10349862115304904,-0.5155354798164196
1996-12-13,-0.6787526718107055,0.1749414671457647,-0.4829801646618639
1996-12-20,1.071340001941806,-0.09981871271513193,-0.5263872515346049
1996-12-27,0.3738211147604657,-0.06547383645559657,-0.5589425666891605
1997-01-03,-0.5428070236197,-0.06547383645559657,-0.47212839294367875
1997-01-10,0.5680742562620712,-0.004143432898514573,-0.47212839294367875
1997-01-17,0.8366569650669095,-0.12680424001267857,-0.4829801646618639
1997-01-24,-0.36344616146756253,-0.04094158144999467,-0.47212839294367875
1997-01-31,0.7697985237684974,-0.023769143320226994,-0.45042484950730827
1997-02-07,0.11719814492296617,-0.09368576594219283,-0.47212839294367875
1997-02-14,0.9180862526430414,-0.05934065572573472,-0.5589425666891605
1997-02-21,-0.40597089775695605,0.10870451900479322,-0.53723902325279
1997-02-28,-0.6300222428668484,0.17616810329173707,-0.580646110125531
1997-03-07,0.6721892850295283,-0.04216821759596704,-0.580646110125531
1997-03-14,-0.6720425485385993,0.017935549815142587,-0.5155354798164196
1997-03-21,-0.536949387773007,0.0032163839773196455,-0.6023496535619015
1997-03-28,-0.6038955432721554,0.10257157223185412,-0.6023496535619015
1997-04-04,-0.9242431905843993,-0.053207708952795627,-0.5697943384073457
1997-04-11,-1.1813539361360512,0.011802603042203486,-0.6023496535619015
1997-04-18,1.516806943936206,-0.11208484021793289,-0.6349049687164572
1997-04-25,-0.11366979477446784,0.18230105006467617,-0.6566085121528276
1997-05-02,2.434067536704457,-0.2641842129646655,-0.6349049687164572
1997-05-09,0.5352087134877447,0.054733932323545,-0.6240531969982719
1997-05-16,0.1871851172307247,0.23381859841090197,-0.6349049687164572
1997-05-23,0.7911822466028862,-0.19426759034269966,-0.5589425666891605
1997-05-30,-0.0002957202072573071,-0.05811401957976235,-0.6023496535619015
1997-06-06,0.4104060964144302,-0.08877922135830335,-0.6674602838710127
1997-06-13,1.604348795725603,-0.04830116436890614,-0.6566085121528276
1997-06-20,0.18936258106531725,0.06577342368037402,-0.7108673707437537
1997-06-27,-0.5892734842899134,0.19088726912956,-0.6240531969982719
1997-07-04,1.296804849392388,-0.22615942826721305,-0.6783120555891979
1997-07-11,-0.07211158476931429,-0.07406005552048041,-0.7217191424619388
1997-07-18,-0.12359467731452277,0.3209078931195582,-0.732570914180124
1997-07-25,0.9867341910447709,0.14182299307527896,-0.7542744576164945
1997-08-01,0.304949668445053,0.3221345292655306,-0.7542744576164945
1997-08-08,-0.6594581965894837,0.34298664187629263,-0.7000155990255684
1997-08-15,-1.5373441339503822,0.587081853915571,-0.6566085121528276
1997-08-22,0.9693558319393973,0.6226533663210787,-0.6566085121528276
1997-08-29,-1.1534960309423181,0.6251066386130235,-0.6891638273073832
1997-09-05,1.2769444651178246,0.5699091818288806,-0.6674602838710127
1997-09-12,-0.29073807717109845,0.6753975508132769,-0.7000155990255684
1997-09-19,1.1126348855416703,0.3773317520927507,-0.7868297727710502
1997-09-26,-0.2921074127379665,0.3184546208276135,-0.7868297727710502
1997-10-03,0.7965525777316926,0.2301389239299076,-0.775978001052865
1997-10-10,0.02219981093190408,0.010575966896231116,-0.775978001052865
1997-10-17,-1.0490146111466596,0.24853799820564765,-0.8085333162074206
1997-10-24,-0.1718182393056817,0.4300759365849489,-0.8519404030801616
1997-10-31,-1.2654102236924598,1.8921927667440608,-0.8627921747983468
1997-11-07,0.5175224557157836,2.0369325565718817,-0.8844957182347173
1997-11-14,-0.02384739617117632,1.7167877751376985,-0.9170510333892729
1997-11-21,1.4581450811061072,0.8569354891925781,-0.9387545768256433
1997-11-28,-0.3928461064554589,0.9526110029661182,-0.9821616636983843
1997-12-05,1.149785224752681,0.36629226073592214,-0.9604581202620138
1997-12-12,-1.3594588680801245,1.012714770377228,-0.9713098919801991
1997-12-19,-0.34902759218231866,1.1672674154159053,-1.025568750571125
1997-12-26,-0.5145716461437505,1.1783069067727339,-1.025568750571125
1998-01-02,1.6084225267678722,0.4607411383634899,-1.0038652071347547
1998-01-09,-2.1201428773955033,1.1071636480047957,-0.8410886313619764
1998-01-16,1.419650512712957,0.24363145362175817,-0.8844957182347173
1998-01-23,-0.230244166148969,0.44847501086068897,-0.7868297727710502
1998-01-30,0.9072686805421656,0.221552470908101,-0.8627921747983468
1998-02-06,1.2745937165416559,0.10379820837782648,-0.8302368596437911
1998-02-13,0.24922769818809595,0.021615458253059695,-0.9496063485438286
1998-02-20,0.5072661418993892,-0.08141963843939189,-0.9496063485438286
1998-02-27,0.5393860348150623,-0.1366170952235348,-1.01471697885294
1998-03-06,0.1882369684382435,-0.06424720030962376,-0.9279028051074582
1998-03-13,0.44180696600974584,-0.11699138480182236,-1.0038652071347547
1998-03-20,1.104507966106624,-0.11944442313684435,-1.0364205222893104
1998-03-27,-0.20149969163565498,0.46687408513642903,-1.0364205222893104
1998-04-03,0.9553215474436788,0.26448380018944295,-1.0364205222893104
1998-04-10,-0.5068387041832675,0.2264590154919905,-0.9930134354165695
1998-04-17,0.3850057630837504,0.13446341015636748,-1.0364205222893104
1998-04-24,-0.610853266596623,0.282882874465183,-1.025568750571125
1998-05-01,0.4248744834436996,-0.0397149453040223,-1.0038652071347547
1998-05-08,-0.5384869261742556,0.11115779129673796,-0.9821616636983843
1998-05-15,-0.039272136920881114,0.09521198931294264,-1.0364205222893104
1998-05-22,0.003569946743580175,-0.08264627458536425,-1.0798276091620513
1998-05-29,-0.799684785488677,0.20315339663236096,-1.0581240657256807
1998-06-05,0.8031800098135939,0.014255875334148226,-1.0906793808802366
1998-06-12,-0.6227838315016728,0.3822382966766402,-1.0906793808802366
1998-06-19,0.006786206782314955,0.2767499276922439,-1.1449382394711627
1998-06-26,1.144085972107417,-0.037261673012078,-1.1449382394711627
1998-07-03,0.41841616735463844,-0.24455850254295308,-1.112382924316607
1998-07-10,0.579840571217961,-0.2138933007644121,-1.0798276091620513
1998-07-17,0.7275318183053562,-0.4211901302952876,-1.0364205222893104
1998-07-24,-1.6944744425394016,0.4104502261632365,-1.1232346960347923
1998-07-31,-0.7975915746724198,0.6300129492399902,-1.0798276091620513
1998-08-07,-1.229819005472856,0.9023200907658648,-1.025568750571125
1998-08-14,-1.087513975713491,1.8001971614084378,-1.025568750571125
1998-08-21,0.6520912055387744,1.6530040992886719,-1.01471697885294
1998-08-28,-2.184224497688371,2.4453928009468484,-0.9170510333892729
1998-09-04,-2.263007841300377,2.9004647509549195,-0.9713098919801991
1998-09-11,1.4059508368137514,2.9532089354471176,-0.9061992616710877
1998-09-18,0.38835054329482205,2.3264121362275243,-0.9930134354165695
1998-09-25,0.9266327705556152,1.8259558186030893,-0.9061992616710877
1998-10-02,-1.7644676266904142,2.5521080400341396,-0.9387545768256433
1998-10-09,-0.8193730781618471,2.764311180191982,-0.4612766212254935
1998-10-16,2.8594049790047875,1.859074292673575,-0.4612766212254935
1998-10-23,0.49286758667856806,1.546289328115226,-0.5480907949709752
1998-10-30,1.0064131119307538,1.0286605723610232,-0.5263872515346049
1998-11-06,1.5026196046916789,0.740407862808276,-0.7217191424619388
1998-11-13,-0.6192534070297672,1.1488683411401652,-0.7868297727710502
1998-11-20,1.3057314440479584,0.344213278022265,-0.9170510333892729
1998-11-27,0.9492510017463897,0.2976022742599287,-0.8844957182347173
1998-12-04,-0.6056218915997009,0.6925699889430446,-0.9170510333892729
1998-12-11,-0.4241809265142246,0.988182515371626,-0.9279028051074582
1998-12-18,0.6965257378014684,0.6594517488294815,-0.9496063485438286
1998-12-25,1.248973039901771,0.22277910705407336,-1.0038652071347547
1999-01-01,0.038425153800082136,0.5834019454776539,-0.9713098919801991
1999-01-08,1.4536243414952277,0.44356870023372225,-0.9279028051074582
1999-01-15,-1.1068167420363964,1.1746269983348168,-0.9821616636983843
1999-01-22,-0.6668174623457008,1.507037907271801,-1.0364205222893104
1999-01-29,1.7370998796518804,0.8078712131382971,-1.0038652071347547
1999-02-05,-1.3827445156714653,1.2273711828270149,-0.9387545768256433
1999-02-12,-0.37178580056990024,1.2384106741838434,-0.9279028051074582
1999-02-19,0.2432066009341718,1.1819865812537282,-0.9604581202620138
1999-02-26,-0.09099973690706095,1.0078082257933385,-0.9170510333892729
1999-03-05,1.1608999783590936,0.5416972523422843,-0.8736439465165321
1999-03-12,0.5540993412190286,0.6349194938238797,-0.9170510333892729
1999-03-19,0.0885967175846544,0.5711358179748529,-0.9496063485438286
1999-03-26,-0.5895467156800408,0.5367909417153176,-0.8519404030801616
1999-04-02,0.2892911776017194,0.2939223658220116,-0.8302368596437911
1999-04-09,1.649292797511356,0.2583508534165039,-0.9061992616710877
1999-04-16,-0.9714904326436499,0.5196182696286271,-0.8627921747983468
1999-04-23,1.1088252516998036,0.37978502438469547,-0.8519404030801616
1999-04-30,-0.7271420703098258,0.6631314233104759,-0.7868297727710502
1999-05-07,0.24178352491192417,0.698703169672906,-0.7108673707437537
1999-05-14,-0.28327670792242843,0.882694380344152,-0.7434226858983093
1999-05-21,-0.294113212705863,0.5809486731857092,-0.8519404030801616
1999-05-28,-0.955387112358401,0.7023828441539012,-0.8519404030801616
1999-06-04,0.7537719353764762,0.46196777450946225,-0.8085333162074206
1999-06-11,-1.137672243270508,0.7649398838569551,-0.7434226858983093
1999-06-18,1.482492145917191,0.2558975811245591,-0.7868297727710502
1999-06-25,-0.9179971906779888,0.2571242172705315,-0.775978001052865
1999-07-02,2.259279086047652,-0.12312433157476146,-0.8302368596437911
1999-07-09,0.29569328265237976,-0.20898699013744537,-0.8410886313619764
1999-07-16,0.3930368916681679,-0.27522370432149407,-0.8953474899529026
1999-07-23,-1.9044338917057957,0.44847501086068897,-0.8085333162074206
1999-07-30,-0.9304769262729742,0.6103872388182783,-0.775978001052865
1999-08-06,-0.9558144847035752,0.850802542419639,-0.732570914180124
1999-08-13,0.8008623910774686,0.3245875676005526,-0.7976815444892355
1999-08-20,0.21595888862442805,0.40309064324432503,-0.8410886313619764
1999-08-27,0.29794406727525335,0.2657104363354153,-0.8736439465165321
1999-09-03,0.21295903447490613,0.16144870349699136,-0.8193850879256059
1999-09-10,-0.23167064586271421,0.2902426913410172,-0.8193850879256059
1999-09-17,-0.5612097954899905,0.4460217385687442,-0.8302368596437911
1999-09-24,-1.8996858986218077,0.9967689683934325,-0.8736439465165321
1999-10-01,0.11480217075583318,0.6459589851807083,-0.7976815444892355
1999-10-08,1.6196053791266487,0.10134493608588174,-0.8302368596437911
1999-10-15,-2.899533626893674,1.1145232309237072,-0.7976815444892355
1999-10-22,1.6990652772533528,0.24240481747578624,-0.8193850879256059
1999-10-29,1.8413731975533434,0.311095037908702,-0.8410886313619764
1999-11-05,0.15964165233620883,0.24485808976773055,-0.8736439465165321
1999-11-12,0.7111013012011045,0.24363145362175817,-0.9279028051074582
1999-11-19,0.7001361648338879,-0.067926874790619,-0.9279028051074582
1999-11-26,-0.21805774690769583,0.3270408398924973,-0.9496063485438286
1999-12-03,0.42284677892317873,-0.04216821759596704,-0.8953474899529026
1999-12-10,-0.5331557726225945,0.22277910705407336,-0.9279028051074582
1999-12-17,0.055004973293067624,0.20683330507027806,-0.9279028051074582
1999-12-24,1.0105928838194842,0.1786213755836818,-0.9061992616710877
1999-12-31,0.24697106272578442,0.6103872388182783,-0.8627921747983468
2000-01-07,-0.850762266488317,0.252217672686642,-0.8627921747983468
2000-01-14,0.6126188714804717,-0.00046352446059746397,-0.8193850879256059
2000-01-21,-0.7383450957323787,0.14182299307527896,-0.7542744576164945
2000-01-28,-2.459442970440623,0.7943784494895242,-1.0038652071347547
2000-02-04,1.8464651629190143,0.2301389239299076,-1.199197098062089
2000-02-11,-1.1572817976049037,0.5834019454776539,-1.112382924316607
2000-02-18,-1.303096232955308,0.7772060113597561,-1.2751595000893852
2000-02-25,-0.45427331781167696,0.679077459251194,-1.1883453263439037
2000-03-03,2.225788408561023,-0.055660981244740365,-1.210048869780274
2000-03-10,-0.4772002784984252,0.19334054142150475,-1.2643077283712
2000-03-17,1.9466181311231678,0.3319473844763868,-1.4162325324257934
2000-03-24,1.6804348448927406,0.44724837471471657,-1.5681573364803865
2000-03-31,-0.8507446979719043,0.545377160780201,-1.6007126516349421
2000-04-07,0.42625423922536587,0.5797220370397372,-1.6549715102258682
2000-04-14,-4.666711473642793,1.6959356625269364,-1.5464537930440159
2000-04-21,2.250326045144348,0.758806937084016,-1.5138984778894604
2000-04-28,0.4513023026527089,0.801738266365358,-1.5790091081985715
2000-05-05,-0.6289765564170355,0.9648771304689192,-1.448787847580349
2000-05-12,-0.3995660469214777,0.7833389581326952,-1.5247502496076455
2000-05-19,-0.47108381323550774,0.7085160248837626,-1.4704913910167194
2000-05-26,-0.9205688933514691,0.589534892250593,-1.4813431627349045
2000-06-02,2.8148349634133822,0.22277910705407336,-1.49219493445309
2000-06-09,-0.633845175316498,0.3037352210328682,-1.5573055647622012
2000-06-16,0.1513538338128232,0.10257157223185412,-1.5138984778894604
2000-06-23,-0.7154183116977965,0.3282674760384697,-1.4813431627349045
2000-06-30,0.313446243795353,-0.015182690298420405,-1.4704913910167194
2000-07-07,0.6239269149032726,-0.054434345098767996,-1.3945289889894228
2000-07-14,0.7988795028374565,-0.04216821759596704,-1.4270843041439785
2000-07-21,-0.8853922529799777,-0.08877922135830335,-1.4270843041439785
2000-07-28,-1.7814238944132128,0.14427626536722368,-1.3728254455530524
2000-08-04,1.1737559833313502,-0.1280306422017282,-1.3511219021166818
2000-08-11,0.18984255496845384,-0.1366170952235348,-1.5898608799167568
2000-08-18,0.4936002408174256,-0.3206083058947808,-1.6224161950713125
2000-08-25,0.34510522135255406,-0.3843917477868848,-1.5898608799167568
2000-09-01,0.3300044775093708,-0.2617309406727208,-1.5356020213258306
2000-09-08,-0.781959829158181,-0.14765658658036337,-1.503046706171275
2000-09-15,-0.8629634776100119,-0.14029676970452915,-1.3402701303984967
2000-09-22,-0.5463221241020624,0.13201013786442276,-1.3511219021166818
2000-09-29,-0.41133553383277344,0.11115779129673796,-1.2860112718075705
2000-10-06,-0.8612994946868827,0.3736518436548336,-1.2643077283712
2000-10-13,-1.0962048541865124,0.9734633495338031,-1.210048869780274
2000-10-20,0.6181124521165662,0.5613229627639967,-1.307714815243941
2000-10-27,-0.5781802748679841,0.834856506478921,-1.3294183586803114
2000-11-03,1.3274466067587296,0.4914063401420309,-1.210048869780274
2000-11-10,-1.8597536702054116,1.0875379375830831,-1.199197098062089
2000-11-17,-0.008636216749368014,0.6312395853859626,-1.2751595000893852
2000-11-24,-0.8535244071751981,0.7772060113597561,-1.3402701303984967
2000-12-01,-0.8875485805027084,0.9587439497390574,-1.199197098062089
2000-12-08,1.6227852286837985,0.33685369510335356,-1.2534559566530148
2000-12-15,-1.84232084620934,0.8446693616897772,-1.2860112718075705
2000-12-22,-0.2571721394662101,0.9673301688039412,-1.1774935546257184
2000-12-29,0.390065536357571,0.8814677441981801,-1.0798276091620513
2001-01-05,-0.7540244062025556,1.104710375712851,-0.6891638273073832
2001-01-12,0.5772259472440797,0.6005743836074215,-0.7108673707437537
2001-01-19,0.6844356836263111,0.43866215564983274,-0.6132014252800867
2001-01-26,0.31925975418947833,0.35647940552506596,-0.53723902325279
2001-02-02,-0.22889505805196714,0.28042983613016104,-0.5263872515346049
2001-02-09,-1.1389930427031132,0.2902426913410172,-0.7000155990255684
2001-02-16,-0.47956903417356994,0.3012821826978458,-0.7000155990255684
2001-02-23,-1.8692473273120975,0.9256254756685717,-0.47212839294367875
2001-03-02,-0.4508492601591351,0.9526110029661182,-0.580646110125531
2001-03-09,-0.08676163417545608,0.7305950075974198,-0.5697943384073457
2001-03-16,-2.9385128170125623,1.2568097484595835,-0.5263872515346049
2001-03-23,-0.44772355664930463,1.323046696600555,-0.4829801646618639
2001-03-30,0.6759420438387714,1.1010304672749343,-0.27679650201634465
2001-04-06,-1.214237332785589,1.4751460693472875,-0.20083409998904814
2001-04-13,1.9093950768207764,0.7919254111545018,-0.21168587170723324
2001-04-20,1.9667484819051662,0.7011562080079284,0.027053106092841665
2001-04-27,0.2724323198341979,0.5343376694233728,0.05960842124739737
2001-05-04,0.38387255501282147,0.5208449057745995,0.0704601929655826
2001-05-11,-0.7507491011784059,0.4754605381582356,0.15727436671106423
2001-05-18,1.447753325945748,0.19211390527553238,0.0379048778110269
2001-05-25,-0.5141651259092207,0.11483769973465506,0.22238499702017564
2001-06-01,-0.6223922007730123,0.2362718707028467,0.1789779101474347
2001-06-08,0.0792139177895706,0.031428313463915905,0.22238499702017564
2001-06-15,-1.7496725751451767,0.3859179711576346,0.27664385561110183
2001-06-22,0.3113261540375444,0.04369444096671685,0.22238499702017564
2001-06-29,-0.0940369579792431,-0.07406005552048041,0.1789779101474347
2001-07-06,-1.2187275227894114,0.24117818132981342,0.2657920838929166
2001-07-13,0.8012316916191536,0.18107441391870424,0.15727436671106423
2001-07-20,-0.2259357322510602,0.3282674760384697,0.1789779101474347
2001-07-27,-0.23345139600682302,0.2865627829031001,0.27664385561110183
2001-08-03,0.23025637668677193,0.02774840502599923,0.3091991707656575
2001-08-10,-0.8934645536952313,0.10870451900479322,0.27664385561110183
2001-08-17,-1.0526867272030094,0.5122586867097156,0.1789779101474347
2001-08-24,0.7479723628549223,0.005669422312341636,0.1789779101474347
2001-08-31,-1.8935885671820412,0.6447323490347359,0.22238499702017564
2001-09-07,-1.8430923622369548,1.3892834107846037,0.2874956273292871
2001-09-14,0.19541195714947734,1.4935451436230276,0.7541218112112517
2001-09-21,-5.160937535862951,2.8207350391651747,0.8517877566749188
2001-09-28,3.0373965206940237,1.5045846349798562,0.7975288980839926
2001-10-05,1.1308073333592186,1.6836693010672128,0.8734913001112893
2001-10-12,0.7138873368375509,1.914271749457718,0.9386019304204006
2001-10-19,-0.7554718438834567,1.7719852319218414,0.9277501587022154
2001-10-26,1.1210129133849636,1.07404517393431,0.9711572455749561
2001-11-02,-0.7183374783634704,1.3549383005681457,0.9603054738567709
2001-11-09,1.1794654942436618,0.9538376391120906,0.9603054738567709
2001-11-16,0.6102883030827675,0.6631314233104759,0.8843430718294745
2001-11-23,0.36115599038233015,0.4398887917958051,0.906046615265845
2001-11-30,-0.4546814027502123,0.5122586867097156,1.014564332447697
2001-12-07,0.617673400484401,0.4693273574283737,1.0905267344749934
2001-12-14,-1.3383637626807963,0.6091606026723054,1.1230820496295495
2001-12-21,0.7338219733582115,0.34789318646018214,1.0254161041658822
2001-12-28,0.5173345688174742,0.21296625184321716,1.0688231910386232
2002-01-04,0.3460048645833125,0.09643862545891502,1.0688231910386232
2002-01-11,-1.021556122094659,0.36015931396298306,1.2533033102477722
2002-01-18,-0.7170145164931904,0.35034645875212683,1.112230277911364
2002-01-25,0.1472607301186302,0.1651286119349085,1.0037125607295119
2002-02-01,-0.46763626566030964,0.1786213755836818,1.014564332447697
2002-02-08,-1.0300290889526023,0.4411154279417775,1.0254161041658822
2002-02-15,0.23794945358918643,0.3319473844763868,0.9603054738567709
2002-02-22,-0.6019293052258635,0.392051151887496,0.9386019304204006
2002-03-01,1.5004412183711837,0.03633462409088264,0.862639528393104
2002-03-08,1.1106905851058753,-0.04830116436890614,0.7866771263658073
2002-03-15,0.004377167265294887,-0.1525628972073301,0.7758253546476221
2002-03-22,-0.6851979658902813,-0.23229237504015215,0.678159409183955
2002-03-29,-0.10847580530117697,-0.2776769766134388,0.7541218112112517
2002-04-05,-0.959863654031827,-0.06547383645559657,0.7866771263658073
2002-04-12,-0.4952874237022306,-0.029902090093166092,0.8300842132385483
2002-04-19,0.46250501417410794,-0.16728229700207578,0.9168983869840301
2002-04-26,-1.8970374524971882,0.3037352210328682,0.9277501587022154
2002-05-03,-0.17248092668758733,0.06454678753440164,0.9820090172931414
2002-05-10,-0.777939971170566,0.33685369510335356,1.0362678758840675
2002-05-17,1.9136586615067035,-0.24087859410503598,0.9277501587022154
2002-05-24,-0.9211847248337299,-0.09368576594219283,0.9494537021385856
2002-05-31,-0.7027379997852592,0.038787896382827376,0.9277501587022154
2002-06-07,-1.6256386654860944,0.4717806297203185,1.014564332447697
2002-06-14,-0.8849041319322927,0.7722994667758666,0.9820090172931414
2002-06-21,-0.8124827702044383,0.9280787479605164,0.9820090172931414
2002-06-28,-0.03286277558260704,0.7036094802998731,1.0362678758840675
2002-07-05,-0.09430666554753689,0.913359582122693,1.0796749627568085
2002-07-12,-2.991169378451717,1.62847184428307,1.155637364784105
2002-07-19,-3.506344684316497,2.269987809340486,1.2207479950932163
2002-07-26,0.18629492404102765,1.9437100811333636,1.3292657122750686
2002-08-02,0.48789307291652834,2.6526898644346466,1.448635201175106
2002-08-09,2.010709968552545,1.9216315663335521,1.2641550819659573
2002-08-16,0.8449673047992373,1.1218828138426187,1.1230820496295495
2002-08-23,0.4736109854716985,1.184439853545673,1.1447855930659199
2002-08-30,-1.165619266504368,1.5916736957315898,1.0796749627568085
2002-09-06,-1.0735957762423363,2.044292373447716,1.0471196476022528
2002-09-13,-0.2518777879349171,1.981735099787739,0.9168983869840301
2002-09-20,-2.1792453989738014,2.369343231551943,0.9168983869840301
2002-09-27,-0.9523975815686463,2.1227952151345657,0.9386019304204006
2002-10-04,-1.4226187749068904,2.4282203628170804,0.9820090172931414
2002-10-11,1.6955550780136404,1.967015933949916,1.057971419320438
2002-10-18,2.2995890607201255,1.7008417391969806,1.1339338213477343
2002-10-25,0.5542153513862218,1.267849239816412,1.2315997668114018
2002-11-01,0.09093951530541566,1.1819865812537282,1.350969255711439
2002-11-08,-0.34780498745673355,1.1954793449025016,1.057971419320438
2002-11-15,0.6304190532382169,0.8569354891925781,1.2315997668114018
2002-11-22,0.8700242903357629,0.4288493004389765,1.1664891365022902
2002-11-29,0.19393020474354689,0.9611972220310021,1.2315997668114018
2002-12-06,-1.138857866741883,1.1304690329075024,1.2967103971205132
2002-12-13,-1.105797745518483,1.0446066083017413,1.2967103971205132
2002-12-20,0.22969329324681542,0.8642950721114896,1.3075621688386982
2002-12-27,-1.0121808153195693,1.2126517830322692,1.3292657122750686
2003-01-03,1.4777870904429125,0.6152937834021672,1.361821027429624
2003-01-10,0.7937711690179022,0.5711358179748529,1.481190516329662
2003-01-17,-1.2274958129520754,0.740407862808276,1.4594869728932913
2003-01-24,-1.955981918093441,1.4530670866336304,1.3835245708659945
2003-01-31,-0.3358695952612508,1.4113623934982609,1.3835245708659945
2003-02-07,-1.3379257536955036,1.7597188704621176,1.437783429456921
2003-02-14,0.19711636126397483,1.589220423439645,1.437783429456921
2003-02-21,0.5913950890034506,1.298514441594953,1.3726727991478096
2003-02-28,-0.40501658206406005,1.2224646382431255,1.2750068536841426
2003-03-07,-0.6685327822113125,1.4003229021414323,1.3401174839932541
2003-03-14,0.15668483555306065,1.3880567746386314,1.2533033102477722
2003-03-21,2.9309246270065943,1.104710375712851,1.4160798860205506
2003-03-28,-1.5796395911673737,0.9918624238095431,1.4703387446114764
2003-04-04,0.6674631382836791,1.1611342346860434,1.524597603202403
2003-04-11,-0.5607686624279872,0.5858552177695986,1.4594869728932913
2003-04-18,1.1256447818413446,0.2252323793460181,1.3726727991478096
2003-04-25,0.18007342144831276,0.1393697207833342,1.448635201175106
2003-05-02,1.3531300747343271,0.11851737421564942,1.4920422880478468
2003-05-09,0.08652551606167043,0.0032163839773196455,1.3401174839932541
2003-05-16,0.4184469955191834,-0.15501616949927483,1.1664891365022902
2003-05-23,-0.549437085622189,-0.06056729187170709,1.0362678758840675
2003-05-30,1.2632177470278372,-0.023769143320226994,1.1230820496295495
2003-06-06,0.9633220423608919,0.1945671775674771,1.1881926799386608
2003-06-13,-0.025711245250102915,0.12219728265356654,1.112230277911364
2003-06-20,0.23385125443777488,-0.06424720030962376,1.2750068536841426
2003-06-27,-0.8780325751740699,-0.06179392801767946,1.2967103971205132
2003-07-04,0.33840764011517793,-0.03358199853108277,1.4594869728932913
2003-07-11,0.45741158082979577,-0.146429950434391,1.481190516329662
2003-07-18,-0.2614884065018344,-0.067926874790619,1.6114117769478846
2003-07-25,0.16128619515771878,-0.23474564733209688,1.8392989830297743
2003-08-01,-0.8358770770326517,0.1332367740103951,1.7199294941297365
2003-08-08,-0.16944823576571386,-0.009049743525481303,1.6765224072569955
2003-08-15,0.4884129216909436,-0.17096197148307013,1.8392989830297743
2003-08-22,0.03837281246833051,-0.1366170952235348,1.6331153203842548
2003-08-29,0.5567047174362828,-0.12680424001267857,1.6222635486660697
2003-09-05,0.4840819152305403,-0.18322809898587109,1.7633365810024775
2003-09-12,-0.17319562571751074,-0.12067105928281673,1.741633037566107
2003-09-19,0.6500025605405934,-0.2605043045267484,1.5897082335115142
2003-09-26,-1.6664770817120753,0.3147747123896964,1.5571529183569583
2003-10-03,1.285681678043502,-0.020089234882309882,1.687374178975181
2003-10-10,0.267121665297982,-0.14888298876941297,1.774188352720663
2003-10-17,-0.011119150739651492,-0.2506914493158922,1.6331153203842548
2003-10-24,-0.47762311621505354,-0.23965219191598636,1.6005600052296993
2003-10-31,0.8058383977303718,-0.43713593227908293,1.6005600052296993
2003-11-07,0.03700382162583496,-0.33532747173260374,1.5571529183569583
2003-11-14,-0.173746546442573,-0.33410083558663134,1.4920422880478468
2003-11-21,-0.6589752917950008,-0.08387291073133663,1.4160798860205506
2003-11-28,0.8443550600734923,-0.41015063893845904,1.3835245708659945
2003-12-05,0.0674924047562794,-0.3157017613108913,1.4594869728932913
2003-12-12,0.4282891337821246,-0.39911114758163047,1.5354493749205878
2003-12-19,0.4940451362345502,-0.3978845114356581,1.437783429456921
2003-12-26,0.21247527512480105,-0.27154379588357697,1.4594869728932913
2004-01-02,0.4111462756053411,-0.17709515221293198,1.5571529183569583
2004-01-09,0.4349464473079263,-0.3574064544462609,1.5463011466387733
2004-01-16,0.5959449628116698,-0.5720628668960479,1.448635201175106
2004-01-23,0.0010808588983226312,-0.5916885773177603,1.4920422880478468
2004-01-30,-0.4405376173922491,-0.3721258542410066,1.4269316577387354
2004-02-06,0.36178094247630194,-0.44940205978188386,1.4594869728932913
2004-02-13,0.04895420120977255,-0.5009196081281094,1.4594869728932913
2004-02-20,-0.12269554266816492,-0.4444955151979944,1.4594869728932913
2004-02-27,-0.03129400649176291,-0.6272602067017294,1.437783429456921
2004-03-05,0.3670741078770792,-0.6358465427450746,1.3835245708659945
2004-03-12,-1.3794606798982765,-0.16728229700207578,1.3401174839932541
2004-03-19,-0.4614533685681789,-0.06302056416365183,1.3401174839932541
2004-03-26,-0.1254334822911642,-0.28626319567832265,1.361821027429624
2004-04-02,1.1796324368399966,-0.4935599082307368,1.39437634258418
2004-04-09,-0.15158008998422623,-0.4175102218573705,1.437783429456921
2004-04-16,-0.23261579660849657,-0.5794225667934207,1.448635201175106
2004-04-23,0.15648561084252202,-0.6934970378642396,1.2858586254023276
2004-04-30,-1.2867253732464528,-0.30343563380809035,1.3184139405568835
2004-05-07,-0.38375878172292743,-0.18813464356976056,1.2424515385295867
2004-05-14,-0.17436885659305712,-0.146429950434391,1.2967103971205132
2004-05-21,-0.14213684791365935,-0.14397667814244625,1.2533033102477722
2004-05-28,0.9518809197903518,-0.5107324633389658,1.2098962233750312
2004-06-04,0.005824997189598492,-0.35372654600834375,1.1664891365022902
2004-06-11,0.450260710652658,-0.5671564392906198,1.0796749627568085
2004-06-18,-0.11408554360651774,-0.5732895030420202,0.9820090172931414
2004-06-25,-0.082788271346945,-0.5487573650148797,0.9928607890113266
2004-07-02,-0.3925500628587984,-0.5622500116851914,1.014564332447697
2004-07-09,-0.5258380050419634,-0.47638747010096916,1.014564332447697
2004-07-16,-0.48791268234061363,-0.6530189808748423,0.906046615265845
2004-07-23,-0.6356591122708181,-0.3880716562248019,0.819232441520363
2004-07-30,0.5254770555373199,-0.5328114460526229,0.8843430718294745
2004-08-06,-1.5032634925930934,-0.0397149453040223,0.906046615265845
2004-08-13,-0.02903115746464025,-0.20653371784550062,0.8083806698021778
2004-08-20,1.2217359372597196,-0.44940205978188386,0.8409359849567335
2004-08-27,0.291914622292451,-0.607634496280017,0.8083806698021778
2004-09-03,0.15691984947743032,-0.7057631653670404,0.7432700394930665
2004-09-10,0.31911555192585755,-0.7241622396427805,0.7432700394930665
2004-09-17,0.10874147118612856,-0.6910438825507561,0.6564558657475847
2004-09-24,-0.7426475735014737,-0.6603786807722152,0.45027220310206534
2004-10-01,0.7280441609748385,-0.8480496829029168,0.6239005505930291
2004-10-08,-0.40483301175651437,-0.5659298031446474,0.5804934637202881
2004-10-15,-0.5782886022649674,-0.5671564392906198,0.5804934637202881
2004-10-22,-0.5289294666804559,-0.5377178736580511,0.482827518256621
2004-10-29,1.2193637136947504,-0.4162835857113981,0.5262346051293619
2004-11-05,1.2344888127219122,-0.7143493844319243,0.4394204313838801
2004-11-12,0.5722114648456516,-0.7769064241349785,0.36345802935658367
2004-11-19,-0.5471586282407409,-0.7560540775672939,0.2657920838929166
2004-11-26,0.3714657641550201,-0.8443698914434612,0.22238499702017564
2004-12-03,0.23560010014861754,-0.8222909087298039,0.3526062576383985
2004-12-10,-0.17149853671029422,-0.8468230467569445,0.22238499702017564
2004-12-17,0.15399548614950145,-0.9461783519899404,0.18982968186561994
2004-12-24,0.4867690770351503,-1.0344941658661075,0.22238499702017564
2004-12-31,-0.00015251783872902595,-0.7818128517404068,0.16812613842924948
2005-01-07,-0.9488154062640347,-0.7572807137132662,0.09216373640195308
2005-01-14,-0.11955076105119804,-0.887301103746342,-0.016353980779899274
2005-01-21,-0.6467581840091087,-0.6505658255613589,-0.005502209061714039
2005-01-28,0.06212345728666638,-0.7879459154918073,-0.10316815452538103
2005-02-04,1.0420727113820347,-1.036947321179591,-0.22253764342541849
2005-02-11,0.01668124017654623,-1.009961910860506,-0.2659447302981594
2005-02-18,-0.18878861404937142,-1.040627112639047,-0.20083409998904814
2005-02-25,0.27397844058544385,-1.0026023279415943,-0.29850004545271513
2005-03-04,0.3041208759763215,-0.9474049881359127,-0.27679650201634465
2005-03-11,-0.8139617981362929,-0.8419166191515164,-0.1899823282708629
2005-03-18,-0.42230369588102273,-0.8002119260161468,-0.23338941514360373
2005-03-25,-0.6999603482151093,-0.7658669327781503,-0.3093518171709004
2005-04-01,-0.008359736644654265,-0.6836841826533833,-0.3202035888890856
2005-04-08,0.22964760998445696,-0.8639956018651735,-0.29850004545271513
2005-04-15,-1.4346730928630325,-0.23597228347806926,-0.29850004545271513
2005-04-22,0.28115649722501673,-0.5254517461552501,-0.3961659909163821
2005-04-29,0.10816250649285004,-0.534037965220134,-0.49383193638004913
2005-05-06,0.45388102786348955,-0.6885906102588114,-0.49383193638004913
2005-05-13,-0.6766726907197432,-0.41015063893845904,-0.53723902325279
2005-05-20,1.1823863727940433,-0.8002119260161468,-0.6132014252800867
2005-05-27,0.267774493917319,-0.9216462139628,-0.6132014252800867
2005-06-03,-0.15661653028754743,-0.9216462139628,-0.6457567404346424
2005-06-10,0.010922839265899027,-0.944951715843968,-0.7217191424619388
2005-06-17,0.5843451577146144,-1.0038289640875666,-0.6891638273073832
2005-06-24,-0.9332943732155903,-0.9179663055248829,-0.732570914180124
2005-07-01,0.03821023011080157,-1.0136418192984231,-0.7651262293346798
2005-07-08,0.5375414500077325,-1.0075087555470223,-0.732570914180124
2005-07-15,0.48321340291695974,-1.1448888454774704,-0.7434226858983093
2005-07-22,0.132268082092744,-1.1215832266178412,-0.7542744576164945
2005-07-29,-0.04452638726176577,-0.9927894727307378,-0.8085333162074206
2005-08-05,-0.32215075646842506,-0.8811681569734026,-0.775978001052865
2005-08-12,0.07237746494781952,-0.8492763190488892,-0.8844957182347173
2005-08-19,-0.42185259021767924,-0.7658669327781503,-0.8953474899529026
2005-08-26,-0.5596775807435362,-0.7290686672482086,-0.9387545768256433
2005-09-02,0.37976419109351667,-0.7474678585024098,-0.7868297727710502
2005-09-09,0.7277341893027283,-0.9424985605304846,-0.8085333162074206
2005-09-16,-0.18038505297673538,-1.0357206850336187,-0.775978001052865
2005-09-23,-0.8240065518620907,-0.8222909087298039,-0.8410886313619764
2005-09-30,0.3962840199763874,-0.9498581434493963,-0.9170510333892729
2005-10-07,-1.1840511719167068,-0.6223537790963013,-0.9061992616710877
2005-10-14,-0.385217408145693,-0.5880087858583045,-0.8627921747983468
2005-10-21,-0.3052939757829447,-0.43345625779808855,-0.9061992616710877
2005-10-28,0.593369754373786,-0.6640584722316709,-0.8953474899529026
2005-11-04,0.6819221387321937,-0.7965321345566913,-0.8844957182347173
2005-11-11,0.42999429430566366,-0.9854297728333652,-0.9713098919801991
2005-11-18,0.3901175957071916,-1.0479868125364196,-0.9821616636983843
2005-11-25,0.595461411014306,-1.0774253781689882,-0.9821616636983843
2005-12-02,-0.16479175344015826,-1.0614794592067316,-0.9930134354165695
2005-12-09,-0.2483797727865596,-0.9780701899144537,-0.9713098919801991
2005-12-16,0.19897513067238215,-1.101957516196129,-1.0038652071347547
2005-12-23,-0.017575135380437545,-1.152248428396382,-1.0798276091620513
2005-12-30,-0.7307378502804424,-0.9314590691736558,-1.112382924316607
2006-01-06,1.1519299394985432,-1.0627060953527039,-1.068975837443866
2006-01-13,0.00815401587276716,-1.0344941658661075,-1.068975837443866
2006-01-20,-0.9088940460723608,-0.626033570555757,-1.0906793808802366
2006-01-27,0.661186027814655,-0.9437250796979956,-1.0798276091620513
2006-02-03,-0.700564025151461,-0.8222909087298039,-1.1449382394711627
2006-02-10,0.035450015087112166,-0.8333304000866326,-1.199197098062089
2006-02-17,0.594509909519157,-0.9388186520925675,-1.2209006414984593
2006-02-24,0.00902073445241553,-1.00628211940105,-1.2643077283712
2006-03-03,-0.13191276622050735,-0.944951715843968,-1.1774935546257184
2006-03-10,-0.24837980686364455,-0.9584443625142797,-1.068975837443866
2006-03-17,0.7640976284129047,-0.9253260054222555,-1.0581240657256807
2006-03-24,-0.19755326496766712,-1.0394005934715358,-1.1449382394711627
2006-03-31,-0.31855891768997496,-1.0148683384659338,-1.0472722940074957
2006-04-07,-0.04116761036965139,-0.9081534503140265,-1.0038652071347547
2006-04-14,-0.2654680531750342,-0.8934341674977422,-0.9930134354165695
2006-04-21,0.6436266692632611,-0.9903362004387933,-0.9713098919801991
2006-04-28,-0.08242413475368247,-0.9903362004387933,-0.8736439465165321
2006-05-05,0.41405636908198973,-0.9866564089793376,-0.8953474899529026
2006-05-12,-1.152440475191672,-0.6714181721290438,-0.8953474899529026
2006-05-19,-0.844092253938749,-0.3046622699540627,-0.9930134354165695
2006-05-26,0.3650993144958319,-0.6628318360856985,-0.9821616636983843
2006-06-02,0.1982927517159062,-0.6554722531667868,-1.0038652071347547
2006-06-09,-1.2308808914930423,-0.1893610457588102,-1.1232346960347923
2006-06-16,-0.08639289441417439,-0.2960760508891789,-1.1232346960347923
2006-06-23,-0.2945873520455518,-0.4628947064521958,-1.1340864677529774
2006-06-30,0.7841012688224827,-0.8075716259135195,-1.1015311525984217
2006-07-07,-0.21525638537449931,-0.6984034654696676,-1.1232346960347923
2006-07-14,-1.0294597252166926,-0.1979474987806168,-1.1015311525984217
2006-07-21,0.07532731185208205,-0.2776769766134388,-1.1232346960347923
2006-07-28,1.1952421098222707,-0.6542456170208144,-1.068975837443866
2006-08-04,-0.035093746054855775,-0.6530189808748423,-1.0906793808802366
2006-08-11,-0.47128283742482546,-0.6579254084802704,-1.0798276091620513
2006-08-18,1.08373561462859,-0.9842031366873928,-1.1232346960347923
2006-08-25,-0.29089915852285514,-0.9020203865626261,-1.166641782907533
2006-09-01,0.4440186826270398,-0.944951715843968,-1.1340864677529774
2006-09-08,-0.4444568554358766,-0.7977587707026634,-1.112382924316607
2006-09-15,0.5938724472802706,-0.9694838538711085,-1.166641782907533
2006-09-22,-0.2145091003794081,-0.8676753933246293,-1.166641782907533
2006-09-29,0.5962477354410696,-0.9424985605304846,-1.166641782907533
2006-10-06,0.36193736105672936,-0.9940159918982491,-1.1340864677529774
2006-10-13,0.42706344416539965,-1.0933712971312448,-1.155790011189348
2006-10-20,0.028866545376277548,-1.1080905799475291,-1.1774935546257184
2006-10-27,0.2019933116982025,-1.0872382333798445,-1.1774935546257184
2006-11-03,-0.45471000254864125,-1.0430803849309915,-1.199197098062089
2006-11-10,0.438902241874586,-1.0884648695258168,-1.2426041849348297
2006-11-17,0.5422790257606223,-1.1792338387154675,-1.2534559566530148
2006-11-24,-0.06866497847273963,-1.0958245694231896,-1.2860112718075705
2006-12-01,-0.18664675139026518,-0.9817499813739095,-1.1883453263439037
2006-12-08,0.3256955159436237,-0.9314590691736558,-1.2209006414984593
2006-12-15,0.4416822558968171,-1.1792338387154675,-1.2317524132166444
2006-12-22,-0.5372714846773079,-1.018548246903851,-1.1774935546257184
2006-12-29,0.15917311715675506,-0.9940159918982491,-1.210048869780274
2007-01-05,-0.3125386716659175,-0.9228727331303108,-1.210048869780274
2007-01-12,0.5508529926151982,-1.166967828191128,-1.210048869780274
2007-01-19,-0.06793384182983574,-1.136302626412587,-1.2534559566530148
2007-01-26,-0.30253266573527965,-1.0467601763904473,-1.210048869780274
2007-02-02,0.6939884558348991,-1.1755540472560115,-1.210048869780274
2007-02-09,-0.3573115333239973,-1.0504399678499028,-1.2317524132166444
2007-02-16,0.4384060657952964,-1.1829136301749232,-1.2426041849348297
2007-02-23,-0.18507610283410564,-1.1142236436989295,-1.2426041849348297
2007-03-02,-1.927300571387774,-0.129257278347701,-1.1340864677529774
2007-03-09,0.403293910930008,-0.6836841826533833,-1.166641782907533
2007-03-16,-0.5324269120043965,-0.3524999098623714,-1.1232346960347923
2007-03-23,1.3792704173652102,-0.8235175448757763,-1.068975837443866
2007-03-30,-0.5028173737643375,-0.6162207153449009,-1.01471697885294
2007-04-06,0.5999747546279104,-0.7891725516377797,-1.0798276091620513
2007-04-13,0.198292683257392,-0.9155131502113993,-1.0906793808802366
2007-04-20,0.8258457668051175,-0.9314590691736558,-1.0472722940074957
2007-04-27,0.20865937533738463,-0.8848479484328583,-1.0472722940074957
2007-05-04,0.25721054685726374,-0.8284239724812045,-1.1232346960347923
2007-05-11,-0.054968274754147804,-0.8235175448757763,-1.1340864677529774
2007-05-18,0.4002915950375648,-0.8468230467569445,-1.1015311525984217
2007-05-25,-0.25239228591728613,-0.7756797879890063,-1.0798276091620513
2007-06-01,0.49729282474212017,-0.8443698914434612,-1.112382924316607
2007-06-08,-0.8403746682274125,-0.5916885773177603,-0.9713098919801991
2007-06-15,0.6253669083222752,-0.7020833739075847,-0.9713098919801991
2007-06-22,-0.8883526289596612,-0.4800672615604249,-0.8519404030801616
2007-06-29,-0.039548213932895676,-0.4211901302952876,-0.9170510333892729
2007-07-06,0.6773475205256808,-0.6064078601340446,-0.8736439465165321
2007-07-13,0.5306075956808242,-0.5536637926203081,-0.9061992616710877
2007-07-20,-0.5543877595875458,-0.332874199440659,-0.9061992616710877
2007-07-27,-2.1385913490960253,0.5527367436991129,-0.8302368596437911
2007-08-03,-0.8018040485997436,0.6741709146673045,-0.8193850879256059
2007-08-10,0.528432525793908,1.0593257741395643,-0.7217191424619388
2007-08-17,-0.28094716348767756,1.2666226036704398,-0.5480907949709752
2007-08-24,0.8840332669971596,0.129556865572478,-0.732570914180124
2007-08-31,-0.21196701636158685,0.45583459377960045,-0.6674602838710127
2007-09-07,-0.6388196834653426,0.8054179408463523,-0.5697943384073457
2007-09-14,0.8031357963460619,0.6447323490347359,-0.6349049687164572
2007-09-21,1.0792354949091387,-0.08141963843939189,-0.4612766212254935
2007-09-28,-0.03418713850142744,-0.2040804455535559,-0.4178695343527526
2007-10-05,0.7658188875125973,-0.33778074402454844,-0.47212839294367875
2007-10-12,0.050353624602950675,-0.23719891962404163,-0.580646110125531
2007-10-19,-1.7137203963300356,0.40431704543337466,-0.42872130607093784
2007-10-26,0.8828355734108834,-0.012729651963398413,-0.3961659909163821
2007-11-02,-0.7575519946323076,0.4104502261632365,-0.38531421919819686
2007-11-09,-1.6232217329011929,1.083858029145166,-0.21168587170723324
2007-11-16,0.08185821608152502,0.7146489716567017,-0.20083409998904814
2007-11-23,-0.5759482882580867,0.729368371451447,-0.07061283937082545
2007-11-30,1.0836401869856522,0.3932777880334688,-0.08146461108901056
2007-12-07,0.5903131642244545,0.14550290151319606,-0.005502209061714039
2007-12-14,-1.0828444726354363,0.44234206408774984,-0.08146461108901056
2007-12-21,0.4012760463533987,-0.146429950434391,-0.016353980779899274
2007-12-28,-0.22794948820579994,0.13201013786442276,-0.016353980779899274
2008-01-04,-1.9751971336754288,0.5245248142125166,0.146422594992879
2008-01-11,-0.3733143834496064,0.4926329762880033,0.24408854045654613
2008-01-18,-2.3626650023450484,0.9219458011875773,0.32005094248384275
2008-01-25,0.10752632017933668,1.1550012879131044,0.40686511622932436
2008-02-01,1.9056392250717864,0.5343376694233728,0.5696416920021029
2008-02-08,-2.0070774063177947,1.0237542617340565,0.7649735829294368
2008-02-15,0.515613266701994,0.6569984765375368,0.9168983869840301
2008-02-22,0.03418899432150899,0.5392439800503396,0.8734913001112893
2008-02-29,-0.7541678845302568,0.8434429595007276,0.9494537021385856
2008-03-07,-1.2359186969146798,0.9599705858850297,1.112230277911364
2008-03-14,-0.22886471438202965,1.4101357573522886,1.0471196476022528
2008-03-21,1.2461016096663322,0.8532558147115838,0.8083806698021778
2008-03-28,-0.50822637504998,0.7416342649973257,0.862639528393104
2008-04-04,1.638494864444995,0.341760239687243,0.721566496056696
2008-04-11,-1.2109758811289835,0.4656474489904566,0.7866771263658073
2008-04-18,1.6855555114930045,0.057186970658567426,0.6239005505930291
2008-04-25,0.16151539459061529,-0.009049743525481303,0.5045310616929916
2008-05-02,0.4111809871628425,-0.1820014628398987,0.45027220310206534
2008-05-09,-0.8175766055688642,-0.031128726239138465,0.5587899202839177
2008-05-16,1.0285834208355198,-0.391751564662719,0.40686511622932436
2008-05-23,-1.5207198291462236,-0.013956288109370784,0.4177168879475096
2008-05-30,0.6671908921313278,-0.22493279212124068,0.42856865966569485
2008-06-06,-1.250713059820561,0.4779135764932576,0.5804934637202881
2008-06-13,-0.08104769154481024,0.19088726912956,0.23323676873836088
2008-06-20,-1.3617768929870833,0.3932777880334688,0.29834739904747226
2008-06-27,-1.3214232342678809,0.46319441065543465,0.36345802935658367
2008-07-04,-0.5651538265048334,0.6275599109049682,0.482827518256621
2008-07-11,-0.8351298374356722,0.9599705858850297,0.3960133445111394
2008-07-18,0.6397941173194478,0.5380173439043672,0.482827518256621
2008-07-25,-0.15719258791651017,0.3981840986604355,0.4611239748202506
2008-08-01,0.022482160463543892,0.35647940552506596,0.49367928997480626
2008-08-08,1.1038508910187423,0.12219728265356654,0.4611239748202506
2008-08-15,-0.0013480591218955383,-0.010276379671453674,0.4719757465384358
2008-08-22,-0.25287804583526363,-0.10472525729902141,0.482827518256621
2008-08-29,-0.3622758961523322,0.12097064650759416,0.5045310616929916
2008-09-05,-1.388723088529937,0.4165831729361756,0.4611239748202506
2008-09-12,0.2501434197579592,0.7355013182243866,0.5479381485657324
2008-09-19,0.050245748703792684,1.521757073109624,0.66730763746577
2008-09-26,-1.4625117801995569,1.8492616714196415,0.7975288980839926
2008-10-03,-4.14374671003957,3.12493378465864,1.112230277911364
2008-10-10,-8.36760944367423,6.168148109696187,1.3726727991478096
2008-10-17,1.7972431291552988,6.214759815329292,1.448635201175106
2008-10-24,-2.9654773489902975,7.2941743564373205,1.2858586254023276
2008-10-31,4.064708730727083,4.934180689592559,1.5680046900751439
2008-11-07,-1.70561599471503,4.469296118330554,1.6222635486660697
2008-11-14,-2.7074332964097683,5.721662846666845,1.6222635486660697
2008-11-21,-3.685044767002526,6.501785654779144,1.1990444516568457
2008-11-28,4.635335209917759,4.368714293930047,1.0037125607295119
2008-12-05,-1.0026948606897899,4.939087234176448,0.7975288980839926
2008-12-12,0.11113871877042777,4.246053486815883,0.8843430718294745
2008-12-19,0.3201050452693548,3.099175127463988,0.4177168879475096
2008-12-26,-0.7697627337057414,2.9090509700198033,0.2874956273292871
2009-01-02,2.6440428003343968,2.395101888746595,0.6239005505930291
2009-01-09,-1.9432414722149394,2.840360749586887,0.7324182677748812
2009-01-16,-1.9735793837817952,3.2439149172918094,0.678159409183955
2009-01-23,-0.9548404318945578,3.3862014348276857,0.8843430718294745
2009-01-30,-0.3641475057609852,3.0881356361071597,1.0037125607295119
2009-02-06,2.024552884567908,2.907824099916908,1.1447855930659199
2009-02-13,-2.0990752319699593,2.85385351323566,0.9928607890113266
2009-02-20,-3.0041777339315034,3.635202723537008,0.8843430718294745
2009-02-27,-1.9828994459733371,3.2733532489674553,1.101378506193179
2009-03-06,-3.0780476064207876,3.638882865931848,0.9928607890113266
2009-03-13,4.145592161006078,2.7839368906136945,0.9820090172931414
2009-03-20,0.5890336739803282,3.2169293899942626,0.819232441520363
2009-03-27,2.4139442425715893,2.6220246626561057,0.9494537021385856
2009-04-03,1.2635426479385266,2.457659162406572,1.0254161041658822
2009-04-10,0.623225890680933,2.0688241605394726,1.0796749627568085
2009-04-17,0.5635969572686138,1.7511326513972338,1.0688231910386232
2009-04-24,-0.2218745422433792,2.104395906901903,1.1230820496295495
2009-05-01,0.47427875006253156,1.917951423938712,1.39437634258418
2009-05-08,2.3067536308888186,1.5193038008176791,1.39437634258418
2009-05-15,-2.177470760744554,1.650550826996727,1.361821027429624
2009-05-22,0.13126664794569895,1.5904472935425402,1.6548188638206252
2009-05-29,1.4108054422456235,1.1353755774913918,1.6765224072569955
2009-06-05,0.8708171034533865,1.2212382360540759,1.64396709210244
2009-06-12,0.20708596926396725,1.0409266998638242,1.6331153203842548
2009-06-19,-1.1678235233148087,1.0213009894421117,1.6656706355388107
2009-06-26,-0.16602061342972954,0.7686197922948723,1.5354493749205878
2009-07-03,-1.0856630342114415,1.016394678815145,1.6548188638206252
2009-07-10,-0.8667922084503346,1.147641704994193,1.524597603202403
2009-07-17,2.7242575064232724,0.5735890902667977,1.785040124438848
2009-07-24,1.6142747126664123,0.4202630813740927,1.785040124438848
2009-07-31,0.2844311257228179,0.7673931561488999,1.5028940597660323
2009-08-07,0.8909720501103947,0.6251066386130235,1.6982259506933661
2009-08-14,-0.32365320182643686,0.5650028712019138,1.6005600052296993
2009-08-21,0.836720632231706,0.6557718403915644,1.5463011466387733
2009-08-28,0.051417771310912436,0.6251066386130235,1.5680046900751439
2009-09-04,-0.5680286872120487,0.6864370421701055,1.6331153203842548
2009-09-11,0.996467363411551,0.5502834714071682,1.5571529183569583
2009-09-18,0.9406802951721407,0.5220715419205719,1.5788564617933287
2009-09-25,-0.9978565246878675,0.729368371451447,1.4703387446114764
2009-10-02,-0.8274907218734925,1.1059370118588232,1.4703387446114764
2009-10-09,1.7648037782690353,0.4239429898120098,1.5354493749205878
2009-10-16,0.5589606817630567,0.2166461602811343,1.5788564617933287
2009-10-23,-0.3696725890729203,0.31968125697358585,1.5897082335115142
2009-10-30,-1.7586398324997685,1.3524852622331236,1.6331153203842548
2009-11-06,1.239594871429847,0.5551900159910577,1.817595439593404
2009-11-13,0.863529790403827,0.453381555444578,1.741633037566107
2009-11-20,-0.14078844935698498,0.3098684017627296,1.741633037566107
2009-11-27,-0.057117466728384414,0.6226533663210787,1.6548188638206252
2009-12-04,0.48415291363545815,0.1945671775674771,1.774188352720663
2009-12-11,-0.04520635756556688,0.2362718707028467,1.861002526466145
2009-12-18,-0.2088305879977975,0.24731136205967527,1.8718542981843298
2009-12-25,0.8297664220049302,-0.023769143320226994,1.9695202436479968
2010-01-01,-0.48122400509784496,0.24731136205967527,1.8501507547479594
2010-01-08,1.0323594014331123,-0.18813464356976056,2.0237791022389233
2010-01-15,-0.3858412954155411,-0.21511993691038447,1.9586684719298117
2010-01-22,-1.7052279376947264,0.9378916031713725,1.9261131567752559
2010-01-29,-0.7446150216013422,0.6079342004832557,1.9586684719298117
2010-02-05,-0.3581332857247267,0.790698775008529,1.9695202436479968
2010-02-12,0.29867729362423506,0.37610511594677837,2.0020755588025527
2010-02-19,1.2132596606132071,0.04369444096671685,1.9803720153661821
2010-02-26,-0.2361629829001642,-0.020089234882309882,1.9478167002116262
2010-03-05,1.2002932175079046,-0.27522370432149407,1.9261131567752559
2010-03-12,0.34675790825858066,-0.25559799389978166,1.8827060699025153
2010-03-19,0.29359400745139597,-0.330421161105637,1.817595439593404
2010-03-26,0.1765720291398582,-0.23229237504015215,1.9695202436479968
2010-04-02,0.34477254738496316,-0.269090757548555,2.0020755588025527
2010-04-09,0.505982691791924,-0.4322296216521162,1.9695202436479968
2010-04-16,-0.13892401990218756,-0.159922480126242,1.9586684719298117
2010-04-23,0.8021654423867125,-0.3733522564300562,1.8827060699025153
2010-04-30,-1.113899304519865,0.29269572967603924,1.861002526466145
2010-05-07,-2.791577393243155,2.610985171299277,1.7524848092842926
2010-05-14,0.851873354354077,1.4199486125631446,1.785040124438848
2010-05-21,-1.8469565803497792,2.5067232045039303,1.5571529183569583
2010-05-28,0.004068107200669957,1.521757073109624,1.6765224072569955
2010-06-04,-1.003189373044077,1.9400304066523693,1.6005600052296993
2010-06-11,0.9636745735868393,1.1194297755075966,1.6114117769478846
2010-06-18,0.9089222607627606,0.525751450358489,1.6222635486660697
2010-06-25,-1.5976046669656088,1.0875379375830831,1.5897082335115142
2010-07-02,-2.1965250182730243,1.2825686396111577,1.481190516329662
2010-07-09,2.120019147085974,0.6520919319536473,1.5571529183569583
2010-07-16,-0.5661975601986506,0.8078712131382971,1.4594869728932913
2010-07-23,1.3806083406404939,0.46687408513642903,1.5354493749205878
2010-07-30,-0.10106487691694577,0.47055399357434613,1.5028940597660323
2010-08-06,0.6843356203670347,0.2546709449785867,1.4703387446114764
2010-08-13,-1.6546418329640977,0.8066445769923247,1.2315997668114018
2010-08-20,-0.35201713160232073,0.7146489716567017,1.2207479950932163
2010-08-27,-0.3361976242714655,0.587081853915571,1.1881926799386608
2010-09-03,1.4612050854416383,0.20192676048638858,1.2967103971205132
2010-09-10,0.12701001454158256,0.28533614675712776,1.3292657122750686
2010-09-17,0.5323216207467124,0.28778941904907246,1.3726727991478096
2010-09-24,0.7781866088635534,0.2509910365406696,1.2641550819659573
2010-10-01,-0.14887317288980598,0.34789318646018214,1.2098962233750312
2010-10-08,0.6154563100334267,0.12833022942650563,1.1447855930659199
2010-10-15,0.32874531674839025,-0.07773973000147477,1.3184139405568835
2010-10-22,0.18028190039411962,-0.10840493178001577,1.3401174839932541
2010-10-29,-0.05499132294889068,0.18843423079453803,1.39437634258418
2010-11-05,1.4011948929681735,-0.1721886076290425,1.2967103971205132
2010-11-12,-0.9699914399733812,0.11606433588062699,1.350969255711439
2010-11-19,-0.04335463062008772,-0.1991739009696664,1.4703387446114764
2010-11-26,-0.41893292165140844,0.313548076243724,1.4703387446114764
2010-12-03,1.1486577842851677,-0.20285380940758352,1.6656706355388107
2010-12-10,0.46520259485644777,-0.25191808546186456,1.817595439593404
2010-12-17,0.05558312737851138,-0.4359092961331106,1.861002526466145
2010-12-24,0.3640978821100191,-0.391751564662719,1.8827060699025153
2010-12-31,-0.03266487101416626,-0.23474564733209688,1.8284472113115888
2011-01-07,0.3920174813113075,-0.3095688145379522,1.8827060699025153
2011-01-14,0.6398801537865434,-0.515638890944394,1.9044096133388853
2011-01-21,-0.3787881927572402,-0.146429950434391,1.9586684719298117
2011-01-28,-0.2878155622278721,0.04614771325866159,1.9695202436479968
2011-02-04,1.0427555632708723,-0.45798827884676796,2.067186189111664
2011-02-11,0.5114721249968903,-0.48742696145779774,1.9369649284934412
2011-02-18,0.36775525348499544,-0.3966578752896857,1.9586684719298117
2011-02-25,-0.7797863645224764,-0.054434345098767996,1.8392989830297743
2011-03-04,-0.021508291188514564,-0.07406005552048041,1.9586684719298117
2011-03-11,-0.5927989972035826,0.051054023885628325,1.9044096133388853
2011-03-18,-0.8639910451124558,0.5858552177695986,1.8067436678752185
2011-03-25,1.0422019567265317,-0.21511993691038447,1.8067436678752185
2011-04-01,0.52044674823472,-0.2776769766134388,1.7958918961570334
2011-04-08,-0.19310570660618034,-0.2200262475373512,1.9044096133388853
2011-04-15,-0.3265070827901946,-0.5328114460526229,1.861002526466145
2011-04-22,0.48973962465967463,-0.6100877685719617,1.8827060699025153
2011-04-29,0.7420239095694965,-0.6027280686745888,1.8501507547479594
2011-05-06,-0.7774793991261439,-0.15501616949927483,1.7524848092842926
2011-05-13,-0.13634071104255718,-0.31815503360283603,1.741633037566107
2011-05-20,-0.2006415015470283,-0.2739970681755217,1.730781265847922
2011-05-27,-0.12865545814975055,-0.4518553320738286,1.7199294941297365
2011-06-03,-1.0339647731339563,-0.21021339232649497,1.6982259506933661
2011-06-10,-1.000085162566626,-0.09859207656916,1.7090777224115516
2011-06-17,-0.044366932095038836,0.26816370862736005,1.687374178975181
2011-06-24,-0.1606141719146544,0.17616810329173707,1.6548188638206252
2011-07-01,2.198030909423185,-0.4653479787441406,1.861002526466145
2011-07-08,0.0660205923488006,-0.45553512353328435,1.7633365810024775
2011-07-15,-0.9214676427003909,-0.016409326444392774,1.6982259506933661
2011-07-22,0.836427496004206,-0.26295757681869314,1.7199294941297365
2011-07-29,-1.7156544907644002,0.6852104060241331,1.5788564617933287
2011-08-05,-3.1467632281494406,1.5131708540447402,1.405228114302365
2011-08-12,-0.7767552960407095,2.0479720479287105,1.1230820496295495
2011-08-19,-2.047729175585365,2.868572679073483,0.9386019304204006
2011-08-26,1.854577574078588,1.9535231703011426,1.0688231910386232
2011-09-02,-0.16086760017722934,1.748679379105289,0.8843430718294745
2011-09-09,-0.762629260642571,2.312919372578751,0.819232441520363
2011-09-16,2.0952086190652977,1.3880567746386314,0.9711572455749561
2011-09-23,-2.8605561025686645,2.647783319850757,0.6564558657475847
2011-09-30,-0.24401905300563081,2.8575331877166548,0.721566496056696
2011-10-07,0.8082749546926126,2.028346337506998,0.862639528393104
2011-10-14,2.341614531266355,1.0519661912206528,1.057971419320438
2011-10-21,0.39784301807211764,1.429761467774001,1.0037125607295119
2011-10-28,1.4743382724408125,0.5968947091264272,1.1447855930659199
2011-11-04,-1.0995689907801682,1.2874749502381244,0.906046615265845
2011-11-11,0.2877135903139528,1.2727557844003017,0.862639528393104
2011-11-18,-1.669452602465567,1.5131708540447402,0.7758253546476221
2011-11-25,-2.046742181376868,1.8161431973491557,0.7432700394930665
2011-12-02,2.8869190972820054,0.9636504943229468,0.862639528393104
2011-12-09,0.29976710831285874,0.8238170151220924,0.9168983869840301
2011-12-16,-1.2488821996656034,0.5674561434938586,0.66730763746577
2011-12-23,1.4590822997789918,0.13078350171845038,0.8083806698021778
2011-12-30,-0.31472139332967614,0.45828786607154515,0.6890111809021402
2012-01-06,0.5980756181066699,0.11851737421564942,0.7866771263658073
2012-01-13,0.30220558761686594,0.15286248443210754,0.6998629526203255
2012-01-20,0.7737036471049018,-0.16973533533709778,0.8517877566749188
2012-01-27,-0.03142744332953179,-0.13907013355855677,0.7649735829294368
2012-02-03,0.8267692699866007,-0.31447512516491893,0.7975288980839926
2012-02-10,-0.13084360160692665,0.13814331859428458,0.7432700394930665
2012-02-17,0.5074284759940886,-0.23106573889417978,0.7758253546476221
2012-02-24,0.07551651469518764,-0.2887164679702674,0.721566496056696
2012-03-02,0.05634787868237181,-0.2911695063052894,0.7649735829294368
2012-03-09,-0.023858424130886426,-0.3132484890189466,0.7649735829294368
2012-03-16,0.9313519183176457,-0.6370730619125856,1.014564332447697
2012-03-23,-0.26975673978357806,-0.5941418496097048,0.9494537021385856
2012-03-30,0.2736428592372278,-0.5107324633389658,0.9711572455749561
2012-04-06,-0.3675093506010219,-0.3635394012192,0.8083806698021778
2012-04-13,-0.8925617752276361,-0.013956288109370784,0.8083806698021778
2012-04-20,0.18757778770278846,-0.27277043202954937,0.7541218112112517
2012-04-27,0.6770296001398475,-0.41015063893845904,0.7541218112112517
2012-05-04,-1.083491053319774,-0.06179392801767946,0.6890111809021402
2012-05-11,-0.5386030719979963,0.02774840502599923,0.6130487788748439
2012-05-18,-1.87824482346469,0.666811331748393,0.4177168879475096
2012-05-25,0.6541442291169266,0.2571242172705315,0.482827518256621
2012-06-01,-1.3289678815367338,0.8581621253385505,0.23323676873836088
2012-06-08,1.4517215696793657,0.19211390527553238,0.3960133445111394
2012-06-15,0.47125729429911045,0.177394739437709,0.330902714202028
2012-06-22,-0.30283751841542483,-0.190587681904783,0.40686511622932436
2012-06-29,0.771070280117673,-0.3169283974568637,0.36345802935658367
2012-07-06,-0.2890211310524968,-0.31447512516491893,0.32005094248384275
2012-07-13,0.0027774791174370464,-0.35863309059223325,0.2874956273292871
2012-07-20,0.1175664282656584,-0.4162835857113981,0.2874956273292871
2012-07-27,0.6402173678472125,-0.3635394012192,0.3526062576383985
2012-08-03,0.08824547130433341,-0.4935599082307368,0.38516157279295415
2012-08-10,0.3787936402030318,-0.6039547048205612,0.40686511622932436
2012-08-17,0.2986967571440072,-0.7621871413186944,0.5587899202839177
2012-08-24,-0.2668149210130675,-0.549983884182391,0.42856865966569485
2012-08-31,-0.1948568326036781,-0.269090757548555,0.3743098010747689
2012-09-07,0.8501082291685373,-0.6481125532694142,0.45027220310206534
2012-09-14,0.7320960349973723,-0.6321666343071575,0.6564558657475847
2012-09-21,-0.2201647860089776,-0.6971769463021567,0.5370863768475472
2012-09-28,-0.6167650565361528,-0.4825205338523696,0.45027220310206534
2012-10-05,0.5162828956291954,-0.6542456170208144,0.5153828334111767
2012-10-12,-0.9871075915008561,-0.4322296216521162,0.45027220310206534
2012-10-19,0.071672559418039,-0.3193816697488084,0.5262346051293619
2012-10-26,-0.67910094586795,-0.2273860644131854,0.5153828334111767
2012-11-02,0.004861888766722013,-0.2543713577538093,0.5045310616929916
2012-11-09,-1.078255356661776,-0.129257278347701,0.36345802935658367
2012-11-16,-0.6642214796808434,-0.39911114758163047,0.36345802935658367
2012-11-23,1.4106712351755015,-0.5548903117878188,0.4394204313838801
2012-11-30,0.14453256973076703,-0.4653479787441406,0.3960133445111394
2012-12-07,-0.006129170315906654,-0.46166818728468506,0.4177168879475096
2012-12-14,-0.19244486250817164,-0.32674125266771986,0.5153828334111767
2012-12-21,0.42070132989392295,-0.2237061559752683,0.5479381485657324
2012-12-28,-0.870788256367358,0.374878479800806,0.49367928997480626
2013-01-04,1.785436890526604,-0.7155760205778965,0.7107147243385107
2013-01-11,0.09578947515033286,-0.7732266326755229,0.678159409183955
2013-01-18,0.32824726330366855,-0.883621312286886,0.6564558657475847
2013-01-25,0.40862915497995156,-0.8308771277946878,0.7541218112112517
2013-02-01,0.21872568247153465,-0.829650608627177,0.8300842132385483
2013-02-08,0.06861264273094557,-0.8149312088324311,0.7975288980839926
2013-02-15,-0.01063795984005729,-0.883621312286886,0.7758253546476221
2013-02-22,-0.17546794244099692,-0.6738713274425273,0.7541218112112517
2013-03-01,0.00960340441522859,-0.527905018447195,0.6564558657475847
2013-03-08,0.8275312894776958,-0.8676753933246293,0.8517877566749188
2013-03-15,0.19176391171370022,-1.0259078298227624,0.819232441520363
2013-03-22,-0.16237167656628798,-0.7474678585024098,0.721566496056696
2013-03-29,0.2641756261803039,-0.8541827466543174,0.66730763746577
2013-04-05,-0.4827558447931251,-0.7045365292210684,0.5153828334111767
2013-04-12,0.8751369098481482,-0.932685588341167,0.5696416920021029
2013-04-19,-0.9452871146438433,-0.5757426583555036,0.5262346051293619
2013-04-26,0.6502971006543514,-0.7425614308969819,0.5153828334111767
2013-05-03,0.7714348678290823,-0.8357835554001157,0.6021970071566586
2013-05-10,0.42970408895778905,-0.8676753933246293,0.6890111809021402
2013-05-17,0.7849140360034581,-0.8848479484328583,0.7432700394930665
2013-05-24,-0.5069086826127432,-0.6959503101561842,0.8083806698021778
2013-05-31,-0.536862747669695,-0.4126039112304038,0.9277501587022154
2013-06-07,0.25805175541020736,-0.5548903117878188,0.9168983869840301
2013-06-14,-0.4824483167375615,-0.3083421783919798,0.9168983869840301
2013-06-21,-0.9426609927736302,-0.09368576594219283,1.2315997668114018
2013-06-28,0.2968696872152537,-0.34391369079748757,1.2533033102477722
2013-07-05,0.592918173581671,-0.5855555135663598,1.437783429456921
2013-07-12,1.1450569345865451,-0.7143493844319243,1.3401174839932541
2013-07-19,0.23060537788759655,-0.8738084570760297,1.2750068536841426
2013-07-26,-0.07203975239960683,-0.8517294743623726,1.3726727991478096
2013-08-02,0.37694858996405983,-0.9424985605304846,1.437783429456921
2013-08-09,-0.505142088093933,-0.7670935689241225,1.350969255711439
2013-08-16,-0.9408165712179087,-0.6493391894153866,1.6005600052296993
2013-08-23,0.129850683217922,-0.6971769463021567,1.5354493749205878
2013-08-30,-0.8273836309419188,-0.3255146165217475,1.5028940597660323
2013-09-06,0.49719110013227,-0.4678011340576237,1.6005600052296993
2013-09-13,0.7507758833849127,-0.6750979635884995,1.5680046900751439
2013-09-20,0.47233331754191327,-0.8026651983080916,1.524597603202403
2013-09-27,-0.502879991682068,-0.515638890944394,1.405228114302365
2013-10-04,-0.09185541766382817,-0.35863309059223325,1.437783429456921
2013-10-11,0.2482604273035894,-0.48374705301988064,1.4594869728932913
2013-10-18,0.9296287089078705,-0.8124780535189478,1.3726727991478096
2013-10-25,0.29915964401872946,-0.8063449897675473,1.3075621688386982
2013-11-01,-0.017359583802311007,-0.7830394878863791,1.4269316577387354
2013-11-08,0.14877054038720808,-0.829650608627177,1.5680046900751439
2013-11-15,0.5777422728534664,-0.9167397863573717,1.5137458314842174
2013-11-22,0.08977861903891919,-0.9081534503140265,1.5571529183569583
2013-11-29,-0.03722896881149967,-0.7315219395401533,1.5897082335115142
2013-12-06,-0.07778076999822794,-0.7204824481833247,1.7090777224115516
2013-12-13,-0.7490666147643904,-0.4788406254144525,1.6656706355388107
2013-12-20,0.9285175939123628,-0.7204824481833247,1.64396709210244
2013-12-27,0.4603768209749322,-0.883621312286886,1.7524848092842926
2014-01-03,-0.28717864003070404,-0.7241622396427805,1.730781265847922
2014-01-10,0.18638833377986283,-0.9228727331303108,1.6114117769478846
2014-01-17,-0.14375433642958915,-0.8860745845788307,1.5571529183569583
2014-01-24,-1.1647750503946739,-0.18690800742378777,1.4920422880478468
2014-01-31,-0.23955229030756447,-0.15378953335330245,1.437783429456921
2014-02-07,0.2721631919969887,-0.5364912375120787,1.524597603202403
2014-02-14,0.8854499531883909,-0.7474678585024098,1.5463011466387733
2014-02-21,-0.11485609284272133,-0.6113142877394729,1.5137458314842174
2014-02-28,0.4579810720767845,-0.6947236740102118,1.437783429456921
2014-03-07,0.35014770981956456,-0.6812310273398999,1.5354493749205878
2014-03-14,-0.8822163375883582,-0.22615942826721305,1.39437634258418
2014-03-21,0.5051693259589772,-0.5720628668960479,1.405228114302365
2014-03-28,-0.25896400168189887,-0.6444327618099585,1.3835245708659945
2014-04-04,0.10469424355189405,-0.69963010161564,1.4160798860205506
2014-04-11,-1.171501113655216,-0.32306134422980276,1.361821027429624
2014-04-18,1.043608558583081,-0.7732266326755229,1.405228114302365
2014-04-25,-0.09345457095940432,-0.687363974112839,1.350969255711439
2014-05-02,0.3305939769090082,-0.8284239724812045,1.2750068536841426
2014-05-09,-0.11980966740061019,-0.8271973363352323,1.3184139405568835
2014-05-16,-0.07493787567692568,-0.8860745845788307,1.2315997668114018
2014-05-23,0.43501543561853695,-1.018548246903851,1.2641550819659573
2014-05-30,0.4370837426548914,-1.0136418192984231,1.1990444516568457
2014-06-06,0.4912351061179727,-1.0958245694231896,1.2858586254023276
2014-06-13,-0.34398969432967036,-0.9179663055248829,1.2424515385295867
2014-06-20,0.505368215037902,-1.0811051696284437,1.2207479950932163
2014-06-27,-0.1015499643713167,-1.0308142574281904,1.1773409082204753
2014-07-04,0.4518237485853635,-1.146115481623443,1.2207479950932163
2014-07-11,-0.435217995326368,-0.9302324330276834,1.1339338213477343
2014-07-18,0.16197521652145191,-0.932685588341167,1.0688231910386232
2014-07-25,-0.05877656180269018,-0.8554093828002898,1.0254161041658822
2014-08-01,-1.1884758545569427,-0.32306134422980276,1.1339338213477343
2014-08-08,0.07683461154598786,-0.47761398926848014,1.0688231910386232
2014-08-15,0.43821847980227935,-0.7989854068486361,0.9928607890113266
2014-08-22,0.6380607988633317,-1.0050554832550775,0.9386019304204006
2014-08-29,0.24892174131147324,-0.9290057968817113,0.9386019304204006
2014-09-05,0.028214001336472082,-0.9290057968817113,1.014564332447697
2014-09-12,-0.5205214761713459,-0.779359579448462,1.1230820496295495
2014-09-19,0.4533287434260535,-0.9265526415682279,1.0796749627568085
2014-09-26,-0.6319706807905555,-0.5904619411717877,1.0254161041658822
2014-10-03,-0.3742938686120151,-0.6272602067017294,0.9494537021385856
2014-10-10,-1.380287701881775,0.19334054142150475,0.9277501587022154
2014-10-17,-0.4837174832677394,0.28533614675712776,0.8951948435476597
2014-10-24,1.6103143082116749,-0.4359092961331106,0.9494537021385856
2014-10-31,1.049323626002654,-0.6910438825507561,0.9168983869840301
2014-11-07,0.22199761258629666,-0.8026651983080916,0.8734913001112893
2014-11-14,0.0992004677061922,-0.779359579448462,0.8409359849567335
2014-11-21,0.4160749545869871,-0.829650608627177,0.8409359849567335
2014-11-28,0.020010004387274048,-0.7769064241349785,0.7649735829294368
2014-12-05,0.09464894205340764,-0.9535379349088519,0.7107147243385107
2014-12-12,-1.5430761981712338,0.17371483099979232,0.5804934637202881
2014-12-19,1.3263331659397886,-0.38929829237077423,0.5370863768475472
2014-12-26,0.2990652104928964,-0.6333932704531299,0.5587899202839177
2015-01-02,-0.6710571547146178,-0.2298391027482074,0.49367928997480626
2015-01-09,-0.331226992481596,-0.25927790233769876,0.4177168879475096
2015-01-16,-0.5780398272410789,0.15776902901599701,0.36345802935658367
2015-01-23,0.59701173720535,-0.3684459458030895,0.3091991707656575
2015-01-30,-1.222969286130381,0.16022206735101902,0.22238499702017564
2015-02-06,1.1739043991685207,-0.2911695063052894,0.32005094248384275
2015-02-13,0.7658197424110932,-0.6100877685719617,0.38516157279295415
2015-02-20,0.20039628667240547,-0.6579254084802704,0.49367928997480626
2015-02-27,-0.1751131829748949,-0.7756797879890063,0.3960133445111394
2015-03-06,-0.7197439741188274,-0.5475307288689073,0.5479381485657324
2015-03-13,-0.41945808102565973,-0.44940205978188386,0.482827518256621
2015-03-20,1.0260364596497007,-0.8149312088324311,0.3526062576383985
2015-03-27,-0.9954108249285419,-0.5634766478311638,0.3960133445111394
2015-04-03,0.05773999220803071,-0.6125409238854453,0.38516157279295415
2015-04-10,0.6351466931571553,-0.8689020294706015,0.4177168879475096
2015-04-17,-0.47415966539569726,-0.7082163206805239,0.38516157279295415
2015-04-24,0.6579725078240054,-0.9044736588545708,0.4177168879475096
2015-05-01,-0.24527370894174103,-0.8541827466543174,0.5587899202839177
2015-05-08,0.091642018258931,-0.8345570362326049,0.6130487788748439
2015-05-15,0.06809094759592595,-0.8934341674977422,0.6347523223112144
2015-05-22,0.003545874811945133,-0.9240993692762832,0.6130487788748439
2015-05-29,-0.42608167266026475,-0.7143493844319243,0.5479381485657324
2015-06-05,-0.34801947694956203,-0.668964899837099,0.7324182677748812
2015-06-12,-0.035997051359774594,-0.7217090843292971,0.6998629526203255
2015-06-19,0.2511574754860882,-0.69963010161564,0.6564558657475847
2015-06-26,-0.22823229048689528,-0.6922704017182671,0.8300842132385483
2015-07-03,-0.5504719449748025,-0.3524999098623714,0.819232441520363
2015-07-10,-0.06446993341828804,-0.34759359923540467,0.8300842132385483
2015-07-17,0.9231112320968539,-0.9461783519899404,0.7107147243385107
2015-07-24,-0.9853837505367654,-0.7266155119347253,0.6130487788748439
2015-07-31,0.417013662536215,-0.9253260054222555,0.5696416920021029
2015-08-07,-0.580966872587707,-0.7695467242376058,0.482827518256621
2015-08-14,0.21588580148441253,-0.8382368276920604,0.5045310616929916
2015-08-21,-2.518614207651013,1.0262075340260013,0.4394204313838801
2015-08-28,0.3143077007059903,0.7833389581326952,0.5045310616929916
2015-09-04,-1.49254542481346,0.9979953705824822,0.45027220310206534
2015-09-11,0.7873766993232901,0.433755845022866,0.5262346051293619
2015-09-18,-0.12502633977257538,0.3209078931195582,0.4719757465384358
2015-09-25,-0.628922890957958,0.4852733933690918,0.5045310616929916
2015-10-02,0.3652241503668377,0.15654239287002464,0.4394204313838801
2015-10-09,1.263758388054252,-0.3169283974568637,0.5045310616929916
2015-10-16,0.3110243213766652,-0.5659298031446474,0.4611239748202506
2015-10-23,0.7851878722068547,-0.638299698058558,0.4611239748202506
2015-10-30,0.022540576781358474,-0.5634766478311638,0.4394204313838801
2015-11-06,0.3314582064948676,-0.6542456170208144,0.4719757465384358
2015-11-13,-1.5896838254851617,0.051054023885628325,0.45027220310206534
2015-11-20,1.2690281911497556,-0.5144122547984216,0.3526062576383985
2015-11-27,-0.04267693383252097,-0.5573435840797636,0.32005094248384275
2015-12-04,-0.03003576906887518,-0.595368368777216,0.34175448592021324
2015-12-11,-1.6601688298668058,0.5797220370397372,0.2657920838929166
2015-12-18,-0.20168748195719288,0.127103827237456,0.23323676873836088
2015-12-25,1.0664799413348736,-0.48129389770639724,0.23323676873836088
2016-01-01,-0.40485615474240744,-0.17832178835890436,0.22238499702017564
2016-01-08,-2.604719318687805,0.9010934546198924,0.20068145358380518
2016-01-15,-0.9684685195010153,0.9023200907658648,0.18982968186561994
2016-01-22,0.5190409795461695,0.3282674760384697,0.20068145358380518
2016-01-29,0.6555710498207377,0.06577342368037402,0.18982968186561994
2016-02-05,-1.3646247645159642,0.45583459377960045,0.12471905155650878
2016-02-12,-0.39857557564344975,0.7036094802998731,0.027053106092841665
2016-02-19,1.097792389682199,0.10625148066977122,-0.005502209061714039
2016-02-26,0.5864132552848416,0.017935549815142587,-0.04890929593445498
2016-03-04,1.0269907009524397,-0.34391369079748757,-0.005502209061714039
2016-03-11,0.3952654616419908,-0.3880716562248019,0.005349562656471195
2016-03-18,0.49514610337482234,-0.6922704017182671,0.0379048778110269
2016-03-25,-0.3374491990537491,-0.6039547048205612,0.01620133437465643
2016-04-01,0.6804003181873044,-0.8051183536215747,0.027053106092841665
2016-04-08,-0.5667825100026139,-0.527905018447195,0.01620133437465643
2016-04-15,0.6025350054490239,-0.7413347947510096,0.01620133437465643
2016-04-22,0.15382058074752575,-0.7903990708052906,0.04875664952921213
2016-04-29,-0.5842328205809854,-0.48620032531182533,0.05960842124739737
2016-05-06,-0.2250191673193872,-0.6064078601340446,0.04875664952921213
2016-05-13,-0.27353079673543496,-0.5671564392906198,-0.059761067652640214
2016-05-20,0.053944971203170204,-0.5475307288689073,-0.04890929593445498
2016-05-27,0.8700553542801579,-0.8026651983080916,-0.059761067652640214
2016-06-03,-0.059909465317032326,-0.7597338690267497,-0.08146461108901056
2016-06-10,-0.12161565943899051,-0.32306134422980276,-0.10316815452538103
2016-06-17,-0.5545425678304313,-0.031128726239138465,-0.0923163828071958
2016-06-24,-0.7419780426858886,0.7477674457271875,-0.08146461108901056
2016-07-01,1.2481925125620381,-0.6002747963826441,-0.14657524139812197
2016-07-08,0.465368368001262,-0.7928523430972354,-0.2659447302981594
2016-07-15,0.5524103827378232,-0.8578625381137733,-0.1248716979617515
2016-07-22,0.1922015473996171,-0.9375920159465951,-0.1574270131163072
2016-07-29,-0.08848445720282731,-0.9559912072007966,-0.23338941514360373
2016-08-05,0.11472611244861361,-1.0148683384659338,-0.14657524139812197
2016-08-12,-0.038935306904917644,-0.9952426280442214,-0.22253764342541849
2016-08-19,-0.06469264033333516,-1.0210014022173344,-0.20083409998904814
2016-08-26,-0.3430972014330699,-0.7376550032915541,-0.24424118686178894
2016-09-02,0.14678914442640947,-0.9424985605304846,-0.22253764342541849
2016-09-09,-1.0630850190331353,-0.2654108491106379,-0.13572346967993673
2016-09-16,0.15873660604738163,-0.5266783823012225,-0.08146461108901056
2016-09-23,0.429389129786609,-0.9044736588545708,-0.16827878483449243
2016-09-30,0.007059038862207437,-0.7818128517404068,-0.1899823282708629
2016-10-07,-0.3393694719713014,-0.7585073498592386,-0.11401992624356626
2016-10-14,-0.46187501040124557,-0.4346826599871382,-0.04890929593445498
2016-10-21,0.09702011448529595,-0.7756797879890063,-0.11401992624356626
2016-10-28,-0.34718060967309605,-0.42609644092225435,-0.005502209061714039
2016-11-04,-0.8710800147990203,0.3491198226061545,-0.016353980779899274
2016-11-11,1.4818439861695807,-0.6738713274425273,0.24408854045654613
2016-11-18,0.2708125294683982,-0.8357835554001157,0.2874956273292871
2016-11-25,0.5306050973728436,-0.8983405951031703,0.25494031217473134
2016-12-02,-0.46311184570684544,-0.6800043911939275,0.3091991707656575
2016-12-09,1.194576111748954,-0.9707104900170809,0.34175448592021324
2016-12-16,-0.08801696856103645,-0.9155131502113993,0.34175448592021324
2016-12-23,0.04334834063268936,-1.0087353916929946,0.3526062576383985
2016-12-30,-0.5198250713282485,-0.6898172464047838,0.2657920838929166
2017-01-06,0.6375296763286675,-1.0234546745092787,0.21153322530199042
2017-01-13,-0.10381177271153037,-1.0344941658661075,0.20068145358380518
2017-01-20,-0.12187397021607116,-0.9964692641901938,0.29834739904747226
2017-01-27,0.3622643840930927,-1.1142236436989295,0.2874956273292871
2017-02-03,-0.012110549800285805,-1.0663858868121596,0.29834739904747226
2017-02-10,0.27363779084126094,-1.0811051696284437,0.22238499702017564
2017-02-17,0.5600841557125972,-1.0026023279415943,0.22238499702017564
2017-02-24,0.22235972276139765,-1.0050554832550775,0.20068145358380518
2017-03-03,0.2134838128504795,-1.067612522958132,0.1789779101474347
2017-03-10,-0.24426158170613813,-0.9817499813739095,0.23323676873836088
2017-03-17,0.03708506097647993,-1.0283611021147072,0.1789779101474347
2017-03-24,-0.661585972277373,-0.8222909087298039,0.146422594992879
2017-03-31,0.2680583632967513,-0.8946608036437146,0.13557082327469377
2017-04-07,-0.18715828129612505,-0.8333304000866326,0.09216373640195308
2017-04-14,-0.5308074565957457,-0.454308487387312,0.027053106092841665
2017-04-21,0.2877882078043581,-0.6174473514908732,0.0379048778110269
2017-04-28,0.5593359685358802,-1.0847850780663608,0.005349562656471195
2017-05-05,0.1996558314725921,-1.1154502798449017,0.0379048778110269
2017-05-12,-0.20616599870499303,-1.136302626412587,0.0379048778110269
2017-05-19,-0.22021396007202337,-0.9351388606331118,-0.059761067652640214
2017-05-26,0.5264882442054603,-1.2086724043480361,-0.059761067652640214
2017-06-02,0.3348476980794723,-1.216032104245409,-0.14657524139812197
2017-06-09,-0.1852551162896075,-1.0995043608826454,-0.1574270131163072
2017-06-16,-0.03782345147636092,-1.1387557817260703,-0.17913055655267768
2017-06-23,0.026163930901048165,-1.1829136301749232,-0.21168587170723324
2017-06-30,-0.31462595909756286,-1.040627112639047,-0.08146461108901056
2017-07-07,-0.031088705476166503,-1.0394005934715358,-0.016353980779899274
2017-07-14,0.5160307453848997,-1.2454706698779776,-0.027205752498084507
2017-07-21,0.1612815578334877,-1.263869861132179,-0.13572346967993673
2017-07-28,-0.06864481052096873,-1.1497952730828989,-0.04890929593445498
2017-08-04,0.017772130712701076,-1.181687111007412,-0.10316815452538103
2017-08-11,-0.6585275770808042,-0.5095058271929935,-0.1248716979617515
2017-08-18,-0.32931190305301794,-0.6628318360856985,-0.1574270131163072
2017-08-25,0.23603872144728263,-1.0283611021147072,-0.20083409998904814
2017-09-01,0.5019836860045149,-1.1694209835046112,-0.21168587170723324
2017-09-08,-0.3145654113740901,-0.9253260054222555,-0.23338941514360373
2017-09-15,0.5855716431244518,-1.1645145558991834,-0.21168587170723324
2017-09-22,-0.02838018242348321,-1.2356578146671213,-0.22253764342541849
2017-09-29,0.22105298033657866,-1.2454706698779776,-0.1574270131163072
2017-10-06,0.4278058049486754,-1.22829823174821,-0.1899823282708629
2017-10-13,0.0009626848314589909,-1.2332046593536379,-0.2550929585799742
2017-10-20,0.2942060248940457,-1.1890466939263236,-0.23338941514360373
2017-10-27,0.03272246633561705,-1.2098990404940084,-0.1899823282708629
2017-11-03,0.04705389309014485,-1.2908551544728029,-0.3202035888890856
2017-11-10,-0.14992010482589804,-1.0271344659687347,-0.29850004545271513
2017-11-17,-0.11657699070038137,-1.009961910860506,-0.4178695343527526
2017-11-24,0.31500001402365624,-1.2258449594562653,-0.45042484950730827
2017-12-01,0.5664410823662006,-1.009961910860506,-0.45042484950730827
2017-12-08,0.08371975678521391,-1.2368844508130934,-0.4612766212254935
2017-12-15,0.31617840711182,-1.2565101612348064,-0.53723902325279
2017-12-22,0.05493859152747022,-1.1976330299696691,-0.47212839294367875
2017-12-29,-0.21152635732480868,-1.0577996677472759,-0.53723902325279
2018-01-05,1.0006835065232733,-1.2810422992619466,-0.53723902325279
2018-01-12,0.5833336517933765,-1.1657411920451555,-0.4829801646618639
2018-01-19,0.2943246485385951,-1.0295876212822181,-0.4612766212254935
2018-01-26,0.8494404428344603,-1.0528932401418474,-0.5155354798164196
2018-02-02,-1.6870641337491898,-0.2887164679702674,-0.34190713232545605
2018-02-09,-2.2532619149413864,1.1525480156211596,-0.24424118686178894
2018-02-16,1.680396447304485,-0.024995779466199363,-0.3744624474800117
2018-02-23,0.1663587966345397,-0.38929829237077423,-0.40701776263456735
2018-03-02,-0.9138007320317649,-0.009049743525481303,-0.42872130607093784
2018-03-09,1.3782240885224515,-0.6162207153449009,-0.40701776263456735
2018-03-16,-0.577434958688297,-0.4739341978090244,-0.5046837080982344
2018-03-23,-2.598447877708008,0.6385994022617968,-0.5046837080982344
2018-03-30,0.7709545210081883,0.03756126023685501,-0.580646110125531
2018-04-06,-0.6353098093312459,0.22400574320004574,-0.5480907949709752
2018-04-13,0.7536829674908301,-0.27645034046746647,-0.6023496535619015
2018-04-20,0.1536409011381589,-0.3414606524624656,-0.5480907949709752
2018-04-27,-0.0648475862025736,-0.5217719546957944,-0.580646110125531
2018-05-04,-0.16194125677741128,-0.6002747963826441,-0.6132014252800867
2018-05-11,0.9253244144281214,-0.860315810405718,-0.6240531969982719
2018-05-18,-0.28553557625782067,-0.7658669327781503,-0.53723902325279
2018-05-25,0.06596620974919236,-0.7903990708052906,-0.6023496535619015
2018-06-01,0.14020352481495982,-0.760960505172722,-0.6349049687164572
2018-06-08,0.6049754207528528,-0.9179663055248829,-0.6240531969982719
2018-06-15,-0.051912151429029885,-0.9424985605304846,-0.6783120555891979
2018-06-22,-0.43163939449798633,-0.7229356034968082,-0.7217191424619388
2018-06-29,-0.6130630484921701,-0.4383625684250553,-0.732570914180124
2018-07-06,0.564592172133363,-0.7719999965295505,-0.775978001052865
2018-07-13,0.555852926733388,-0.9179663055248829,-0.8302368596437911
2018-07-20,-0.053608375348306876,-0.8345570362326049,-0.775978001052865
2018-07-27,0.18875044835543364,-0.8137046896649202,-0.775978001052865
2018-08-03,0.2534084651183376,-0.9842031366873928,-0.7434226858983093
2018-08-10,-0.16436104760728523,-0.7977587707026634,-0.8085333162074206
2018-08-17,0.1839498011733205,-0.8615423295732288,-0.8085333162074206
2018-08-24,0.29358070849915946,-0.9412719243845122,-0.8844957182347173
2018-08-31,0.3229314044503808,-0.8345570362326049,-0.8302368596437911
2018-09-07,-0.48882980356075484,-0.5867821497123322,-0.8410886313619764
2018-09-14,0.4155484800300516,-0.9314590691736558,-0.8627921747983468
2018-09-21,0.2887420760503051,-0.979296709081965,-0.8085333162074206
2018-09-28,-0.28337685947727786,-0.9253260054222555,-0.8302368596437911
2018-10-05,-0.4664886430650592,-0.5941418496097048,-0.7108673707437537
2018-10-12,-1.7946930836810133,0.20192676048638858,-0.7651262293346798
2018-10-19,-0.05156904936693731,0.02774840502599923,-0.7868297727710502
2018-10-26,-1.7243932226254042,0.5515101075531406,-0.7976815444892355
2018-11-02,0.928123077053763,-0.018862598736337513,-0.7542744576164945
2018-11-09,0.809636707788231,-0.28258328724040555,-0.8193850879256059
2018-11-16,-0.7320564444925571,-0.18690800742378777,-0.7976815444892355
2018-11-23,-1.6593297940409977,0.22768565163796287,-0.8302368596437911
2018-11-30,1.8964353470509931,-0.19549422648867204,-0.8627921747983468
2018-12-07,-2.0108368880595617,0.4374355195038604,-0.9496063485438286
2018-12-14,-0.5849697201374779,0.24117818132981342,-0.9170510333892729
2018-12-21,-3.0855078759738443,1.281342003465185,-0.9170510333892729
2018-12-28,1.105042394019138,1.0642323187234537,-0.8736439465165321
2019-01-04,0.7003462704317562,0.21051297955127243,-0.9061992616710877
2019-01-11,0.9762393208005782,-0.18077482669392636,-0.9170510333892729
2019-01-18,1.1080164174535934,-0.22861270055915778,-0.9061992616710877
2019-01-25,-0.15352853668158684,-0.27522370432149407,-0.9170510333892729
2019-02-01,0.5819782475492484,-0.4322296216521162,-0.8953474899529026
2019-02-08,-0.04066326819524792,-0.48374705301988064,-0.8953474899529026
2019-02-15,0.9603084703031517,-0.5831023582528765,-0.9387545768256433
2019-02-22,0.19228846983534964,-0.7548274414213215,-0.9061992616710877
2019-03-01,0.10159613342833693,-0.7474678585024098,-0.8627921747983468
2019-03-08,-0.9653238448681688,-0.4432691130089448,-0.9061992616710877
2019-03-15,1.119008651256935,-0.8321037639406602,-0.9170510333892729
2019-03-22,-0.38152278470567225,-0.39052492851674664,-0.9496063485438286
2019-03-29,0.4332498588787508,-0.730295303394181,-0.9387545768256433
2019-04-05,0.7813475930079925,-0.8394634638380328,-0.9279028051074582
2019-04-12,0.14792532974914102,-0.9388186520925675,-0.9170510333892729
2019-04-19,-0.09515333695107844,-0.9290057968817113,-0.8844957182347173
2019-04-26,0.4319139557160724,-0.8505029551948616,-0.8410886313619764
2019-05-03,0.0196677221373723,-0.8333304000866326,-0.8627921747983468
2019-05-10,-0.9732312253819918,-0.4444955151979944,-0.8627921747983468
2019-05-17,-0.37639374714303886,-0.454308487387312,-0.8844957182347173
2019-05-24,-0.5482290278007602,-0.4678011340576237,-0.9170510333892729
2019-05-31,-1.1586812513211324,-0.11699138480182236,-0.8844957182347173
2019-06-07,1.7223138142885304,-0.4126039112304038,-0.8302368596437911
2019-06-14,0.13458085438399434,-0.5377178736580511,-0.8193850879256059
2019-06-21,0.8382652527247457,-0.522998590841767,-0.7651262293346798
2019-06-28,-0.1834179874239336,-0.5622500116851914,-0.8193850879256059
2019-07-05,0.6170934515502334,-0.7830394878863791,-0.9061992616710877
2019-07-12,0.26053801270356025,-0.8922075313517698,-0.7868297727710502
2019-07-19,-0.5744063642925525,-0.6395263342045303,-0.8193850879256059
2019-07-26,0.617418180668331,-0.9204195778168275,-0.8519404030801616
2019-08-02,-1.3638082182095155,-0.25191808546186456,-0.9387545768256433
2019-08-09,-0.2507360489081033,-0.207760353991473,-0.9713098919801991
2019-08-16,-0.4881671029819115,-0.146429950434391,-1.01471697885294
2019-08-23,-0.6607816372590382,0.025295366690976807,-1.0798276091620513
2019-08-30,1.0756169377366323,-0.08387291073133663,-1.0906793808802366
2019-09-06,0.6706274875373321,-0.5720628668960479,-1.068975837443866
2019-09-13,0.33502159461915687,-0.7266155119347253,-0.9713098919801991
2019-09-20,-0.2725059794220311,-0.5328114460526229,-1.0364205222893104
2019-09-27,-0.48196869403545745,-0.299755959327096,-1.025568750571125
2019-10-04,-0.19807949990792265,-0.3218347080838304,-0.9604581202620138
2019-10-11,0.19375431679383837,-0.5009196081281094,-0.9496063485438286
2019-10-18,0.15993257610495956,-0.6640584722316709,-0.8953474899529026
2019-10-25,0.43911881737522135,-0.860315810405718,-0.9061992616710877
2019-11-01,0.5412926263816263,-0.9032470227085984,-0.9061992616710877
2019-11-08,0.290132088155702,-0.9314590691736558,-0.8085333162074206
2019-11-15,0.3032079191001857,-0.9339122244871394,-0.8410886313619764
2019-11-22,-0.1962970109549784,-0.8983405951031703,-0.9170510333892729
2019-11-29,0.3448076385454856,-0.8639956018651735,-0.9061992616710877
2019-12-06,0.003578110839646684,-0.7413347947510096,-0.8410886313619764
2019-12-13,0.2385557309374971,-0.8627689657192011,-0.8627921747983468
2019-12-20,0.6172899294345114,-0.8774882485354855,-0.775978001052865
2019-12-27,0.17939389141435838,-0.7646402966321779,-0.775978001052865
2020-01-03,-0.12733129330800425,-0.6922704017182671,-0.7976815444892355
2020-01-10,0.32683865324158545,-0.871355184784085,-0.7976815444892355
2020-01-17,0.7448416540692417,-0.9277791607357387,-0.8085333162074206
2020-01-24,-0.4876670329388186,-0.626033570555757,-0.8627921747983468
2020-01-31,-0.9486140412103554,-0.1010453488611043,-0.8953474899529026
2020-02-07,1.2286918831938372,-0.5144122547984216,-0.8953474899529026
2020-02-14,0.5855048870941149,-0.733975094853637,-0.9061992616710877
2020-02-21,-0.5834805825073373,-0.3169283974568637,-0.9604581202620138
2020-02-28,-5.109589639692605,2.5079500746068253,-0.7976815444892355
2020-03-06,0.1920354744623169,2.732419108310546,-0.8193850879256059
2020-03-13,-3.867695964622135,4.681499726402242,-0.6023496535619015
2020-03-20,-6.772890898975745,5.688544840510205,-0.49383193638004913
2020-03-27,3.979297339751024,5.627214436953123,-0.580646110125531
2020-04-03,-0.9299068402517683,3.3285507057515984,-0.6674602838710127
2020-04-10,4.663367409527953,2.69930063424006,-0.5480907949709752
2020-04-17,1.1762639891461195,2.267535004962387,-0.6023496535619015
2020-04-24,-0.609041954104533,1.9952278634365122,-0.6783120555891979
2020-05-01,-0.149293979281616,2.149780274518267,-0.6132014252800867
2020-05-08,1.3617189532008744,1.0200743532961394,-0.5155354798164196
2020-05-15,-1.0050722031779242,1.4996780903959672,-0.5697943384073457
2020-05-22,1.2430120192745444,1.0421533360097965,-0.5589425666891605
2020-05-29,1.163891590601537,0.9624238581769745,-0.5589425666891605
2020-06-05,1.923002085317147,0.5956680729804549,-0.34190713232545605
2020-06-12,-2.0863490589664324,2.0148535738582245,-0.5263872515346049
2020-06-19,0.6990666870634149,1.895872441225055,-0.53723902325279
2020-06-26,-1.2626806209909587,1.8480348013167465,-0.580646110125531
2020-07-03,1.5687238486911366,0.9832762047446593,-0.5263872515346049
2020-07-10,0.6595367218122508,0.9354385648363506,-0.5589425666891605
2020-07-17,0.45091247651913463,0.7379545905163313,-0.5480907949709752
2020-07-24,-0.1781625345916879,0.7575803009380437,-0.6023496535619015
2020-07-31,0.6463249243797465,0.5883082561046207,-0.6132014252800867
2020-08-07,0.9399983305374056,0.31232144009775165,-0.6132014252800867
2020-08-14,0.20405981705432605,0.29269572967603924,-0.47212839294367875
2020-08-21,0.23573653892479263,0.3527997310440716,-0.5697943384073457
2020-08-28,1.2666994936128695,0.40431704543337466,-0.4395730777891231
2020-09-04,-1.0280537799912088,1.359844845152035,-0.4612766212254935
2020-09-11,-1.1123015529443576,0.8839210164901248,-0.5046837080982344
2020-09-18,-0.3282974099755141,0.7563536647920713,-0.4829801646618639
2020-09-25,-0.32388816080704896,0.8238170151220924,-0.5046837080982344
2020-10-02,0.5604514700563678,0.9771430240147975,-0.47212839294367875
2020-10-09,1.4988175312616534,0.6545452042455921,-0.40701776263456735
2020-10-16,0.017976294837976005,0.9501577306741735,-0.4178695343527526
2020-10-23,-0.2805423791962822,0.9673301688039412,-0.36361067576182643
2020-10-30,-2.462034977903523,2.251588969021669,-0.2876482737345299
2020-11-06,2.8618759066373594,0.6373727661158239,-0.36361067576182643
2020-11-13,0.8214618256076267,0.4214897175200651,-0.3093518171709004
2020-11-20,-0.38102646409781055,0.495086248579948,-0.36361067576182643
2020-11-27,0.8676666467745906,0.14427626536722368,-0.3527589040436412
2020-12-04,0.6238038091977482,0.13814331859428458,-0.21168587170723324
2020-12-11,-0.46192184477650683,0.44724837471471657,-0.23338941514360373
2020-12-18,0.45423792506383415,0.23381859841090197,-0.20083409998904814
2020-12-25,-0.13214419419066104,0.22891228778393521,-0.21168587170723324
2021-01-01,0.5265709369835518,0.3785583882387231,-0.22253764342541849
2021-01-08,0.6873673077201571,0.2325919622649296,-0.016353980779899274
2021-01-15,-0.6760403669685494,0.5735890902667977,-0.027205752498084507
2021-01-22,0.7346327963349776,0.27552329154627153,-0.03805752421626974
2021-01-29,-1.4542793433743662,1.6468711525157327,-0.005502209061714039
2021-02-05,1.8172088150304357,0.1479561738051408,0.10301550812013831
2021-02-12,0.446338382768097,0.03756126023685501,0.09216373640195308
2021-02-19,-0.3579128910825827,0.29269572967603924,0.24408854045654613
2021-02-26,-1.0855111385471419,1.016394678815145,0.32005094248384275
2021-03-05,0.2715044488883947,0.6128405111102225,0.45027220310206534
2021-03-12,1.0161296362047556,0.12587719109148365,0.5370863768475472
2021-03-19,-0.3796697974282182,0.15776902901599701,0.6239005505930291
2021-03-26,0.5830421008703428,-0.09859207656916,0.5696416920021029
2021-04-02,0.4077427655764696,-0.28626319567832265,0.5696416920021029
2021-04-09,1.044522094840595,-0.3647660373651723,0.5479381485657324
2021-04-16,0.5025250936270204,-0.41873685800334287,0.4611239748202506
2021-04-23,-0.11369287526680369,-0.28626319567832265,0.45027220310206534
2021-04-30,-0.051392434596869006,-0.129257278347701,0.5262346051293619
2021-05-07,0.4443378031446488,-0.3647660373651723,0.49367928997480626
2021-05-14,-0.6393763987795764,-0.10472525729902141,0.5045310616929916
2021-05-21,-0.239934654739308,0.059640242950512165,0.49367928997480626
2021-05-28,0.4161247625902749,-0.3561798183002885,0.4719757465384358
2021-06-04,0.19155685362367297,-0.3978845114356581,0.45027220310206534
2021-06-11,0.10995583322719994,-0.49233338906322605,0.330902714202028
2021-06-18,-0.8575191148745922,0.127103827237456,0.20068145358380518
2021-06-25,1.0575510134186978,-0.49601318052268156,0.27664385561110183
2021-07-02,0.6251407686633281,-0.5634766478311638,0.21153322530199042
2021-07-09,0.10193123375275742,-0.4273230770682267,0.146422594992879
2021-07-16,-0.46446831069601024,-0.14888298876941297,0.05960842124739737
2021-07-23,0.7397878084622558,-0.302208997662118,0.08131196468376783
2021-07-30,-0.21653969294237324,-0.17464187992098726,0.04875664952921213
2021-08-06,0.32515372406478565,-0.43100298550614385,0.10301550812013831
2021-08-13,0.2311433596511223,-0.5168655270903664,0.05960842124739737
2021-08-20,-0.30573285089121716,-0.13539045907756242,0.027053106092841665
2021-08-27,0.5643465031596497,-0.4015644198735752,0.09216373640195308
2021-09-03,0.17704091859935556,-0.39911114758163047,0.12471905155650878
2021-09-10,-0.768083788620927,0.15776902901599701,0.12471905155650878
2021-09-17,-0.29934410827066055,0.14059635692930658,0.146422594992879
2021-09-24,0.14800673229633388,-0.23474564733209688,0.18982968186561994
2021-10-01,-0.9853094132452188,0.17616810329173707,0.22238499702017564
2021-10-08,0.2630247527639748,-0.10963156792598815,0.3091991707656575
2021-10-15,0.6856683822451198,-0.4126039112304038,0.18982968186561994
2021-10-22,0.6133050516897891,-0.5193186824038499,0.18982968186561994
2021-10-29,0.4854507568524035,-0.4175102218573705,0.0704601929655826
2021-11-05,0.7580928517741332,-0.39052492851674664,0.05960842124739737
2021-11-12,-0.1907318531641142,-0.4138303134194534,0.04875664952921213
2021-11-19,0.07194865227960526,-0.21511993691038447,0.01620133437465643
2021-11-26,-0.981191195476876,1.0985774289399117,-0.027205752498084507
2021-12-03,-0.5701967071264705,1.3500319899411788,-0.27679650201634465
2021-12-10,1.4911249667496491,-0.11944442313684435,-0.21168587170723324
2021-12-17,-0.871225637835257,0.23381859841090197,-0.27679650201634465
2021-12-24,0.869341436180719,-0.20898699013744537,-0.23338941514360373
2021-12-31,0.2906928789531515,-0.299755959327096,-0.23338941514360373
2022-01-07,-0.8422124282269108,-0.11085820407196051,-0.1248716979617515
2022-01-14,-0.18686500126580236,-0.05811401957976235,-0.23338941514360373
2022-01-21,-2.480366069334444,1.126789358426508,-0.2876482737345299
2022-01-28,0.2563843492672254,0.9808229324527146,-0.40701776263456735
2022-02-04,0.5747244848287557,0.436208883357888,-0.4178695343527526
2022-02-11,-0.8207555623161341,0.944024783901234,-0.6349049687164572
2022-02-18,-0.719542658886908,0.9918624238095431,-0.6023496535619015
2022-02-25,0.27759397142177555,0.9722367133878307,-0.6349049687164572
2022-03-04,-0.5908062109080646,1.5107175817527954,-0.8302368596437911
2022-03-11,-1.2688009188641136,1.359844845152035,-0.8193850879256059
2022-03-18,2.4093804388497704,0.5159385951476329,-0.9061992616710877
2022-03-25,0.6729389176642491,0.14059635692930658,-0.8953474899529026
2022-04-01,-0.035804618012137884,-0.004143432898514573,-1.1449382394711627
2022-04-08,-0.5884973277487411,0.18352768621064852,-0.8844957182347173
2022-04-15,-0.9525805872500295,0.372425441465784,-0.7000155990255684
2022-04-22,-1.2147074548496455,1.0482862827827357,-0.8953474899529026
2022-04-29,-1.4379377815707335,1.6848961711701078,-0.8844957182347173
2022-05-06,-0.14735938713307903,1.2911548586760417,-0.6566085121528276
2022-05-13,-1.0710267783295513,1.1292426307184529,-0.7434226858983093
2022-05-20,-1.3402463841333294,1.1979326171944462,-0.8953474899529026
2022-05-27,2.576006552027371,0.742860901143298,-0.7976815444892355
2022-06-03,-0.5585881035731325,0.6287865470509406,-0.7651262293346798
2022-06-10,-2.2065749345813455,0.9918624238095431,-0.9930134354165695
2022-06-17,-2.5298645427356665,1.4064558489143715,-1.0038652071347547
2022-06-24,2.5224862903661474,0.9280787479605164,-0.9930134354165695
2022-07-01,-0.9851302755804844,0.86306866992244,-1.0472722940074957
2022-07-08,0.7316707917444807,0.6103872388182783,-1.1232346960347923
2022-07-15,-0.4472444652458252,0.5600963266180243,-1.307714815243941
2022-07-22,0.979708507369744,0.4129034984551812,-1.3185665869621261
2022-07-29,1.6630348327004933,0.20438003277833333,-1.3294183586803114
2022-08-05,0.08764566772864428,0.18230105006467617,-1.5356020213258306
2022-08-12,1.2638149827107792,-0.016409326444392774,-1.5356020213258306
2022-08-19,-0.5636018481710253,0.11483769973465506,-1.3836772172712377
2022-08-26,-1.7667478755590513,0.7232351907215856,-1.448787847580349
2022-09-02,-1.443840911715636,0.712195699364757,-1.307714815243941
2022-09-09,1.4200234903107036,0.38346493282261257,-1.3402701303984967
2022-09-16,-2.0828664835516815,0.8140041599112362,-1.5247502496076455
2022-09-23,-2.0304930322691668,1.258036384605556,-1.6441197385076831
2022-09-30,-1.2842529462150944,1.4665598502824038,-1.5138984778894604
2022-10-07,0.5573877834795279,1.4346680123578899,-1.5356020213258306
2022-10-14,-0.7093822754983412,1.5156241263366848,-1.6115644233531272
2022-10-21,1.8523243453022693,1.2298244551189597,-1.3945289889894228
2022-10-28,1.5417436570015537,0.7465408095812152,-1.5138984778894604
2022-11-04,-1.46860648643394,0.5993477474614493,-1.6224161950713125
2022-11-11,2.3087343660691886,0.35034645875212683,-1.6549715102258682
2022-11-18,-0.3480503549026644,0.4239429898120098,-1.839451629435017
2022-11-25,0.567840146892288,0.10257157223185412,-1.8937104880259432
2022-12-02,0.40430437235670597,-0.07406005552048041,-1.926265803180499
2022-12-09,-1.4801817858408113,0.3883712434495793,-1.9154140314623136
2022-12-16,-0.9325958494916196,0.3626125862549278,-1.839451629435017
2022-12-23,-0.14231339999313466,0.1479561738051408,-1.6983785970986092
2022-12-30,-0.1185524026166162,0.2460847259137029,-1.6658232819440535
2023-01-06,0.533121823612774,0.17984777777273142,-1.839451629435017
2023-01-13,1.0286177638102436,-0.16114911627221393,-1.882858716307758
2023-01-20,-0.33605080662540737,0.022842094399032065,-1.8068963142804615
2023-01-27,0.9460928530269413,-0.14152340585050152,-1.8177480859986466
2023-02-03,0.6031207555315704,-0.16360238856415868,-1.926265803180499
2023-02-10,-0.5239932590880413,0.10625148066977122,-1.9154140314623136
2023-02-17,-0.17640548351916827,0.04369444096671685,-1.9371175748986842
2023-02-24,-1.182006292826411,0.2460847259137029,-1.9913764334896102
2023-03-03,0.7188816819299246,-0.14397667814244625,-2.0564870637987216
2023-03-10,-1.9869624247935576,0.6300129492399902,-2.0673388355169067
2023-03-17,0.524146585257586,0.7171022439486465,-1.5464537930440159
2023-03-24,0.5086883764586588,0.2546709449785867,-1.503046706171275
2023-03-31,1.354815645166257,-0.11821778699087199,-1.7200821405349795
2023-04-07,-0.1044851550805733,-0.15501616949927483,-1.7200821405349795
2023-04-14,0.2660663697290655,-0.31815503360283603,-1.6983785970986092
2023-04-21,-0.10248900649680483,-0.35495318215431615,-1.7417856839713501
2023-04-28,0.29696045187399017,-0.47638747010096916,-1.7417856839713501
2023-05-05,-0.3922247418092967,-0.30343563380809035,-1.6115644233531272
2023-05-12,-0.1831518275074405,-0.32306134422980276,-1.6549715102258682
2023-05-19,0.614105737484909,-0.3500468715273494,-1.7200821405349795
2023-05-26,0.07140000839076756,-0.21021339232649497,-1.8937104880259432
2023-06-02,0.6883476210444613,-0.6211271429503287,-1.9696728900532399
2023-06-09,0.0976642335738327,-0.7155760205778965,-2.0022282052077953
2023-06-16,0.99053578147918,-0.7511476499618658,-2.099894150671463
2023-06-23,-0.6398813029134625,-0.7634137774646668,-2.143301237544203
2023-06-30,0.8981302283597277,-0.7450145862104653,-2.2409671830078706
2023-07-07,-0.5420165473005404,-0.5929152134637324,-2.045635292080536
2023-07-14,0.9278090587433703,-0.7756797879890063,-2.078190607235092
2023-07-21,0.22158106281680728,-0.7437879500644927,-2.1541530092623886
2023-07-28,0.3549993867005392,-0.7769064241349785,-2.078190607235092
2023-08-04,-1.0126368799310705,-0.31447512516491893,-1.882858716307758
2023-08-11,-0.19060424101978543,-0.5916885773177603,-1.882858716307758
2023-08-18,-0.9446907775169932,-0.2899431041162398,-1.8068963142804615
2023-08-25,0.278051684358422,-0.48865348062530894,-1.9371175748986842
2023-09-01,0.9592051802617171,-0.8063449897675473,-1.839451629435017
2023-09-08,-0.5985245879168871,-0.7143493844319243,-1.8720069445895726
2023-09-15,-0.12786879899212258,-0.7204824481833247,-1.839451629435017
2023-09-22,-1.2899060466071257,-0.302208997662118,-1.8068963142804615
2023-09-29,-0.368878865042993,-0.26295757681869314,-1.5681573364803865
2023-10-06,0.13548898590915537,-0.27154379588357697,-1.4162325324257934
2023-10-13,0.12337369610729479,-0.04216821759596704,-1.5356020213258306
2023-10-20,-1.063573593650823,0.2509910365406696,-1.2426041849348297
2023-10-27,-1.1203018780587333,0.19702044985942185,-1.2534559566530148
2023-11-03,2.291040767054528,-0.5831023582528765,-1.3728254455530524
2023-11-10,0.4751762708910935,-0.6738713274425273,-1.5573055647622012
2023-11-17,0.8538059603545075,-0.7192558120373524,-1.5681573364803865
2023-11-24,0.3518742905674809,-0.883621312286886,-1.5790091081985715
2023-12-01,0.2576032990549358,-0.8627689657192011,-1.4596396192985344
2023-12-08,0.026298431784848027,-0.8971139589571977,-1.6115644233531272
2023-12-15,0.9574260656447466,-0.9057002950005432,-1.6658232819440535
2023-12-22,0.24814588289842016,-0.8137046896649202,-1.5356020213258306
2023-12-29,0.07072369436102871,-0.8848479484328583,-1.4704913910167194
