Date,SP500_Return,VIX,Yield_Spread
1995-01-06,0.25401111977411117,-0.3947053883219559,-2.2577815634279115
1995-01-13,0.8552615443873074,-1.3466719365520226,-1.978965877955969
1995-01-20,-0.17551474950837342,-0.8260322794346271,-1.848438083386166
1995-01-27,0.8946114288815256,-1.2329911070507555,-1.6661810306672444
1995-02-03,1.268000308757709,-1.329092244938558,-1.6558640871162704
1995-02-10,0.40593497898448244,-1.1608124182280004,-1.733058020872161
1995-02-17,0.04688875708272484,-0.9400068316535396,-1.5253570175030347
1995-02-24,0.9077439759356258,-1.3234790450083358,-1.3111712671941926
1995-03-03,-0.46148289299610296,-1.016478306445156,-1.217059964084697
1995-03-10,0.5994631749089251,-0.5692808477313291,-1.3433742008450313
1995-03-17,0.8598791132656369,-0.8341460619333778,-1.2493722426911682
1995-03-24,0.762655106906828,-1.1056253772607318,-1.181544120858378
1995-03-31,-0.11708035046709728,-0.06534631602233758,-1.2663386913917167
1995-04-07,0.7914144337505993,-0.31264049911351144,-1.1136656926997552
1995-04-14,0.3375134756439773,-0.9614972202622757,-0.9664847388265394
1995-04-21,-0.2073530282443351,-0.7681792750998558,-0.8448402893990237
1995-04-28,0.8538780389045174,-0.8115326655942223,-1.049940128517075
1995-05-05,0.7116257000775607,-0.6537016839358639,-0.9048613645395437
1995-05-12,0.6985285362381413,-0.7527151473675436,-1.0226587168682681
1995-05-19,-1.0782159444963595,-0.2748195155837767,-1.115449179756289
1995-05-26,0.5623643903109335,-0.570667761601231,-1.076800134373775
1995-06-02,1.197970470137831,-0.18244145670866252,-0.7807376202383619
1995-06-09,-0.8123910208820104,-0.29015343266192123,-1.1393324966365501
1995-06-16,1.609679006842614,-1.2771476055503435,-1.0147592716861016
1995-06-23,1.261668388662998,-1.0764280157488966,-1.0443025994323822
1995-06-30,-0.8635744799796433,-0.934920310325446,-1.0302292225738523
1995-07-07,1.4774700109714693,-0.7325715880846237,-0.8441788737485065
1995-07-14,0.32077207057086726,-0.5722250324907494,-0.9432812200950913
1995-07-21,-1.0435989707075806,-0.4230045341243156,-0.6497093000695097
1995-07-28,1.1305270517101567,-0.012830242114622485,-0.6659077956986229
1995-08-04,-0.7243242836511118,0.0024379091025738286,-0.6160817378787968
1995-08-11,-0.69934435149647,-0.1554931754246563,-0.7212505342754556
1995-08-18,0.41829253269239475,-0.5991742469761404,-0.9350183507612437
1995-08-25,-0.03785218445298108,-0.440767135062873,-0.8367101055590788
1995-09-01,0.36282041152056543,-0.9704850432454829,-0.9167100786483179
1995-09-08,1.0615704497932068,-1.02579462225193,-1.0171634485208843
1995-09-15,1.274205929006049,-0.7998328013990191,-0.9834769938684681
1995-09-22,-0.41435961574809044,-0.3391520002267292,-0.9726651906541898
1995-09-29,0.17479607739828668,-0.1914116279667291,-1.0941453440441105
1995-10-06,-0.45651816464367895,0.45836826870659597,-1.1029500974941544
1995-10-13,0.08712328891367056,0.29269890771690826,-1.1553800280157254
1995-10-20,0.21639119432492807,0.18008752637236622,-1.0973099017439827
1995-10-27,-1.2638291463618139,0.7980963050992191,-0.887250582593052
1995-11-03,1.3107484151322921,-0.46742618054212887,-0.7907434623871954
1995-11-10,0.09900010958369529,-0.08537333383080858,-0.7176401274549263
1995-11-17,0.8001921901357429,-0.34271068509556313,-0.7564623776155254
1995-11-24,-0.21819849330413868,-0.6741513140005522,-0.8393212684941103
1995-12-01,0.7423954024491207,-1.0758652190996678,-0.8987921040407026
1995-12-08,1.182939945844949,-1.0590118125783832,-1.0016963401890298
1995-12-15,-0.3735319785968962,-0.8773296917307992,-0.8807662466065566
1995-12-22,-0.8036583916797309,-0.8322551895066796,-0.7839224255876225
1995-12-29,0.3195832423856425,-0.2804958323428832,-0.8448559850783289
1996-01-05,-0.11232308141980203,0.2980518491015492,-0.6360839159564422
1996-01-12,-2.1915523160033716,0.650896414841827,-0.42862842978501003
1996-01-19,1.1443639681690152,-0.19150665374611364,-0.584971637659641
1996-01-26,1.0811513902698937,-0.575502976028639,-0.4448202680978813
1996-02-02,1.6038095782742725,0.10721278684154603,-0.007282875929184595
1996-02-09,2.277546883496685,0.8811775444452346,0.10788218600645348
1996-02-16,-1.2489332890629494,1.2789260279935295,0.22300764175148916
1996-02-23,1.101527196164686,0.9422310719050002,0.1755060498935844
1996-03-01,-1.9798944212956622,1.9782770172951107,-0.08199644046352948
1996-03-08,-1.5235483432248134,3.861716866159344,-0.19881408025845346
1996-03-15,0.7540464632985588,1.6935721259342826,-0.4095360619061348
1996-03-22,0.8857550246941795,1.9135519889313544,-0.4310316860634168
1996-03-29,-0.8279148752866158,2.7300870051270976,-0.4997763364928097
1996-04-05,1.0172100131387334,1.391366703545786,-0.6629389480417078
1996-04-12,-2.4513989078495095,1.9358701914317606,-0.4688625591560609
1996-04-19,0.7914340559920724,0.8418029819676232,-0.41871180571883987
1996-04-26,0.7768892748550751,0.6594919935545979,-0.32075766827318253
1996-05-03,-1.5814403051382755,1.5782934822955155,-0.12655794818522945
1996-05-10,1.0228896770147582,1.0459321037838702,-0.10182650074048276
1996-05-17,1.7004717445631083,0.8100908589546401,-0.34431367952374126
1996-05-24,0.8503489448481344,0.998958740942641,-0.3183959192138329
1996-05-31,-1.259871043959248,1.2408288429136742,-0.41477161161574205
1996-06-07,0.2555626086128808,1.2424773455905989,-0.5353437660427427
1996-06-14,-1.047067305751274,2.391640977650611,-0.21290250564141525
1996-06-21,-0.09453382280215264,1.0502666318227554,-0.3355787070825044
1996-06-28,0.22110369470436506,0.05569981308470337,-0.3093411908572833
1996-07-05,-1.6930073293094166,1.1794623055787097,-0.3080357696848236
1996-07-12,-1.4782928604310004,1.6264698432758065,-0.3816279092986889
1996-07-19,-1.0458827036411456,1.6809748744694257,-0.3549315123851859
1996-07-26,-0.5053273719907861,1.7420553497796063,-0.3534273238396532
1996-08-02,2.813007794513927,1.1521094046779168,-0.3519420987282589
1996-08-09,-0.23000949265901205,0.9522875853796227,-0.42633367380376674
1996-08-16,0.15718185262538475,0.5085772745414489,-0.32301144674879023
1996-08-23,0.012973794407767919,0.2173200568592762,-0.2707743599965064
1996-08-30,-1.8477895378272946,1.508252395353966,-0.29527635549299536
1996-09-06,0.23908570621903727,1.5309365799643273,-0.31975830771524955
1996-09-13,2.4966687567578343,0.6570896031918994,-0.24131826503751297
1996-09-20,0.4922618216025857,0.858334415651196,-0.3694616492600334
1996-09-27,-0.2826188293396757,1.0571340826525,-0.31621365766238163
1996-10-04,1.390861598700649,0.4581119492243428,-0.26304305566993613
1996-10-11,-0.2844396334282239,0.5797542973339826,-0.2620651672544204
1996-10-18,0.8393077946363733,0.581667543153983,-0.3133940302115157
1996-10-25,-1.2169938874560406,1.5847800655031952,-0.23351631358470562
1996-11-01,0.095424567163271,1.8331125348159552,-0.3642497168881306
1996-11-08,2.4845596340503744,0.8648259569766023,-0.5210407223505937
1996-11-15,0.44725507845651724,0.21534589520054748,-0.5716240529596495
1996-11-22,0.8503270997382456,0.47007697406397875,-0.7012751011059054
1996-11-29,0.5650907812724432,1.4744401550585,-0.6713487589773276
1996-12-06,-1.8739659214846056,2.1998371988135474,-0.5088691337347268
1996-12-13,-1.2672206480995627,3.1107998015909692,-0.4268349100754243
1996-12-20,1.7232023919180872,2.0908925874623074,-0.5320594161152442
1996-12-27,0.527949213759847,2.1711660641139754,-0.6101199059106533
1997-01-03,-1.0365813934319532,2.132220366798863,-0.39281010788777565
1997-01-10,0.8626119103039338,2.2966159178498615,-0.3913648522105024
1997-01-17,1.3118823895591079,1.8525415250888888,-0.41693511163580727
1997-01-24,-0.7383034834093837,2.1055952070777377,-0.38832324779834254
1997-01-31,1.194680090498308,2.125334040056252,-0.3326191331592084
1997-02-07,0.07754826553266198,1.8678312300984798,-0.38593051235600845
1997-02-14,1.4386464004909643,1.9507726288544598,-0.6027420852188694
1997-02-21,-0.8225119058310008,2.4425983622964265,-0.5456082482216396
1997-02-28,-1.197252053344493,2.5948570302736162,-0.6528857811296013
1997-03-07,1.0235484106892174,1.8828034989447142,-0.6500651872985557
1997-03-14,-1.2651250342887295,2.03766930944084,-0.4824818916015831
1997-03-21,-1.0281454417347704,1.963092731966887,-0.7008860815202023
1997-03-28,-1.1345894501499236,2.2264009517013115,-0.6977775721914088
1997-04-04,-1.6619839709537065,1.7347459227357043,-0.6119373955780893
1997-04-11,-2.0652963633232075,1.9035664899337126,-0.6923957481079265
1997-04-18,2.416201929531368,1.5194976004657377,-0.7723832593445527
1997-04-25,-0.28161706070699116,2.3475341351418093,-0.8241419150770791
1997-05-02,3.7691928484979424,1.0338002931560832,-0.7647517157880068
1997-05-09,0.7387119540502863,1.9403951553712357,-0.7335231875138871
1997-05-16,0.18262506366685216,2.4120689996835383,-0.7580912117598875
1997-05-23,1.1419030450978822,1.1782397122421926,-0.5597396448365933
1997-05-30,-0.12354275791192773,1.5524759722955006,-0.6693476893117635
1997-06-06,0.5331887669385109,1.4522743184182405,-0.8341528020640715
1997-06-13,2.4049319156421247,1.5522133264289488,-0.8022853672832178
1997-06-20,0.16157687413900296,1.8516199081266302,-0.9382771762428571
1997-06-27,-1.0695986243488658,2.1680566703403485,-0.7097479362999526
1997-07-04,1.902282514212949,1.0033145225776579,-0.8468937251141121
1997-07-11,-0.25591037684611073,1.4143161111407512,-0.9548890693273958
1997-07-18,-0.3362915149234737,2.4604597683690606,-0.9779107357943843
1997-07-25,1.4119959781987608,1.9453941595463038,-1.0286706412707862
1997-08-01,0.3333326863458694,2.3900566240863377,-1.0229958605570562
1997-08-08,-1.186994470568538,2.4012215525935945,-0.8775319852395275
1997-08-15,-2.5253383578107282,2.9657472026221705,-0.7612206767548749
1997-08-22,1.373495956511991,2.976897632719907,-0.7580430381950811
1997-08-29,-1.905733490322178,2.907927439699751,-0.8392632570072652
1997-09-05,1.8279773165053403,2.7098153738717863,-0.7792467574532245
1997-09-12,-0.5768784299965529,2.893711822382894,-0.8604827813398243
1997-09-19,1.5672505354126294,2.1491580422961407,-1.0816035590828526
1997-09-26,-0.5829046500210012,1.984011915876287,-1.0755742092697713
1997-10-03,1.081782466253286,1.7577729891270424,-1.0415794310948119
1997-10-10,-0.10579643267839399,1.2366277926019356,-1.036055542797639
1997-10-17,-1.7352540637032492,1.7730004652126037,-1.1147631397047246
1997-10-24,-0.3920771714734893,2.1626189096844692,-1.2204226806093612
1997-10-31,-2.0417160206584537,5.130594871125986,-1.2407449049023347
1997-11-07,0.6673219982059454,5.065581844442795,-1.28863957200868
1997-11-14,-0.15672772869626023,4.211578611156675,-1.3635229727579905
1997-11-21,2.0777922589741076,2.512560175874482,-1.409323583100179
1997-11-28,-0.7216570597829901,2.640517590292542,-1.5093764107117174
1997-12-05,1.6022511004014839,1.5328559474917776,-1.4423466761790846
1997-12-12,-2.1557586187423885,2.6807762377637605,-1.459016062256311
1997-12-19,-0.6418337745098105,2.8957004438766254,-1.5846081897652249
1997-12-26,-0.8860141805832858,2.8505696283252893,-1.5712746683120564
1998-01-02,2.2623543668247543,1.5690411327410716,-1.504038758941206
1998-01-09,-3.1823412115152,2.6548818951463087,-1.084862866861997
1998-01-16,1.931191164741914,1.1500104792752255,-1.1881937672344178
1998-01-23,-0.4454769121311997,1.493620529949681,-0.9362707414101371
1998-01-30,1.1902620496666962,1.0955939018896685,-1.1229687281086758
1998-02-06,1.704311504788349,0.8883686709194726,-1.0353477225689733
1998-02-13,0.23129364534972444,0.7435810807459121,-1.329291833546291
1998-02-20,0.6007538634497396,0.563536853402472,-1.3207804227911681
1998-02-27,0.6449255508934737,0.46654129858764676,-1.4743049863069904
1998-03-06,0.1377880442179478,0.5903663376754756,-1.2481857755815569
1998-03-13,0.5031428609777915,0.4972116063193482,-1.429215442072178
1998-03-20,1.4530008772163383,0.4915388667042047,-1.4996709468269154
1998-03-27,-0.4334297825653423,1.5034636846819531,-1.488668897904714
1998-04-03,1.2345360522958542,1.145259348013583,-1.477905492841755
1998-04-10,-0.8766023277288766,1.0738962117680053,-1.3610501469919325
1998-04-17,0.41280655062609595,0.9102381067843062,-1.4585298055996676
1998-04-24,-1.0261511703443018,1.1621662092404996,-1.4219551535000843
1998-05-01,0.47385002638674,0.5998553923519708,-1.3596208231525124
1998-05-08,-0.9211715668785722,0.8590368227750075,-1.2982950998208742
1998-05-15,-0.19561902594522307,0.8281841321673818,-1.4223776703961108
1998-05-22,-0.13296142769984248,0.5168950368237014,-1.517933289678684
1998-05-29,-1.2970223987560106,1.0110937479756046,-1.454749718945974
1998-06-05,1.0328983556544524,0.6793363543923308,-1.5232124731998342
1998-06-12,-1.0390034690653742,1.3143158131016668,-1.5123358856461946
1998-06-19,-0.12206980370800918,1.1248070072844678,-1.6311820927211416
1998-06-26,1.5263619985147199,0.5758232288360532,-1.61846311095729
1998-07-03,0.4693560247901189,0.21350122894706006,-1.5288845708092345
1998-07-10,0.7023623386342975,0.2665283874424214,-1.4410281868325812
1998-07-17,0.9142522356409605,-0.09656680253969305,-1.3289731360955168
1998-07-24,-2.577809286408273,1.3558184448492592,-1.5261907906005348
1998-07-31,-1.277603725161528,1.7261216440831904,-1.413473363781607
1998-08-07,-1.8817905485092161,2.174943305120999,-1.2769995160781418
1998-08-14,-1.6647656747565283,3.618800198877011,-1.2700288958510828
1998-08-21,0.8143062480673118,3.286865193251494,-1.2376668575947893
1998-08-28,-3.16076936960235,4.398683410066172,-1.0014741035360488
1998-09-04,-3.1948004699044756,4.855428994169491,-1.125091174366972
1998-09-11,1.828598799645086,4.696226502488353,-0.9666438458935847
1998-09-18,0.43649629343606067,3.6768250515393075,-1.1671261328006617
1998-09-25,1.1678828914513346,2.9148810370486653,-0.9573803933388434
1998-10-02,-2.477511804205253,3.7962641830139043,-1.0303140526046413
1998-10-09,-1.1922031567796831,3.9434293552590236,0.10247795775908523
1998-10-16,3.672033451340518,2.7143683661118176,0.10226981508187984
1998-10-23,0.5515663764452601,2.282284645020301,-0.1043424152201079
1998-10-30,1.2232183561551035,1.6090833739462065,-0.05242882563261009
1998-11-06,1.8607590984179019,1.2356116974106404,-0.5183251431923604
1998-11-13,-0.9196791945627472,1.7413866881056064,-0.6723490924014683
1998-11-20,1.5953279270435736,0.7193593398615907,-0.9808002717539249
1998-11-27,1.1239190921045386,0.6583673448529284,-0.8995216948211138
1998-12-04,-0.9060270176878258,1.1547068350191152,-0.9738935827863462
1998-12-11,-0.6668070075889823,1.5200217453906428,-0.9960462060018556
1998-12-18,0.7981984783178908,1.0991295286513252,-1.0438645748995048
1998-12-25,1.5124367628353756,0.5451800532974143,-1.1686456279719224
1999-01-01,-0.06974482734523275,0.9982881891976438,-1.0860280556875543
1999-01-08,1.769452115320016,0.8184676621911409,-0.9783270118737812
1999-01-15,-1.559579370721983,1.732036160675497,-1.1036506155284909
1999-01-22,-0.9836156816929632,2.129131505677378,-1.2277258162149167
1999-01-29,2.120664625533157,1.2459842390909341,-1.1447777763379736
1999-02-05,-1.893433789490185,1.7579467500624546,-0.9853754886394196
1999-02-12,-0.5922566799523805,1.758049293700044,-0.9559636156473672
1999-02-19,0.19894230964621887,1.6758233854997189,-1.0298411026340053
1999-02-26,-0.23155062013366434,1.4515434042263868,-0.9228165411605308
1999-03-05,1.378108807487632,0.8724087960315822,-0.8164273508141301
1999-03-12,0.5941040020166167,0.9841054547463837,-0.917196328234022
1999-03-19,-0.006900576302438309,0.9021747052855735,-0.9915054272714308
1999-03-26,-0.8811896606436935,0.8569328325141901,-0.7554383865270415
1999-04-02,0.25555279897307903,0.5549387221079817,-0.7014999645376867
1999-04-09,1.999955335157138,0.5096712510963285,-0.8808479175588131
1999-04-16,-1.3711917344857183,0.8313885086696939,-0.7744196973600148
1999-04-23,1.2997663589558832,0.6560237171451355,-0.7462456313339335
1999-04-30,-1.056052639579282,1.004610060382989,-0.5883232522372307
1999-05-07,0.18874144796144862,1.0448776760309577,-0.4046889065341782
1999-05-14,-0.48609562037573895,1.267602795253533,-0.48207499230668804
1999-05-21,-0.49894821272973117,0.8901038964231025,-0.741887309008566
1999-05-28,-1.3457459516808645,1.0370760568920263,-0.7398418358996108
1999-06-04,0.8545989443579146,0.7364958369870518,-0.6333442819739133
1999-06-11,-1.574718680061059,1.108652290882283,-0.47476842259826324
1999-06-18,1.7819090585644735,0.4752224067864222,-0.5785777506741671
1999-06-25,-1.287438471172907,0.4757215871981972,-0.5509890324032323
1999-07-02,2.7368291415659454,0.002033765120988238,-0.681021899628327
1999-07-09,0.2525397698044481,-0.1049294790847283,-0.7055547542007463
1999-07-16,0.3751298827677249,-0.1873918084060398,-0.8351041402238223
1999-07-23,-2.5078984676129172,0.7169104730138542,-0.6222608496872184
1999-07-30,-1.2776517484936925,0.9168972590376709,-0.5417104738734847
1999-08-06,-1.3033833096130754,1.213085826704435,-0.4349057501481316
1999-08-13,0.897113446448648,0.5527501755939533,-0.5926216829628737
1999-08-20,0.16297939258006364,0.6496119649447699,-0.6970267575289883
1999-08-27,0.26552845784068535,0.47616880405441975,-0.774614527215225
1999-09-03,0.15827968181700827,0.34446678580628975,-0.6401488221270479
1999-09-10,-0.4015254743276181,0.5055153238483615,-0.638624662974259
1999-09-17,-0.8153081348150116,0.7000919000116765,-0.663648819840556
1999-09-24,-2.4760557968746943,1.3879679636463584,-0.7682486377127047
1999-10-01,0.04662832155667054,0.9431389490409602,-0.5801682039850962
1999-10-08,1.9191038058287655,0.25663289358888536,-0.6587254577584253
1999-10-15,-3.635120364881471,1.5264087906228467,-0.5772300422369683
1999-10-22,1.9726095746312644,0.4277047851005865,-0.629304974967565
1999-10-29,2.126166928269925,0.5132191558247582,-0.6812411882048873
1999-11-05,0.09128714514798353,0.4287849531830604,-0.7597159578897136
1999-11-12,0.7576268954373083,0.42640621467617673,-0.8912643878673414
1999-11-19,0.742440187395407,0.032081661962750495,-0.88865419075586
1999-11-26,-0.3712013440817079,0.5316106942238398,-0.939469246082614
1999-12-03,0.4069304764397828,0.06296772918426542,-0.8030190203957496
1999-12-10,-0.754571721861923,0.3989902603396284,-0.8811002235138559
1999-12-17,-0.0382382077657707,0.3779953001724666,-0.8785785154843747
1999-12-24,1.1232640350351168,0.34142210060071826,-0.8225635264289279
1999-12-31,0.1918915231979612,0.8899629861850956,-0.7131997140499502
2000-01-07,-1.144355102383566,0.4318220920916661,-0.7114816290319225
2000-01-14,0.6403049510739904,0.10859680822389399,-0.6023672824398002
2000-01-21,-1.0069046308409155,0.2902944434695684,-0.43966364052708634
2000-01-28,-3.0581188768997754,1.123071890266515,-1.0573937848190655
2000-02-04,2.113258914982203,0.39908113219479524,-1.5353330021218894
2000-02-11,-1.4796384829837188,0.8501933688874103,-1.3140698615644355
2000-02-18,-1.6444539209336668,1.0952593820761523,-1.7072659039832903
2000-02-25,-0.630310715769603,0.9663605635452416,-1.4850803041313327
2000-03-03,2.5403680318218793,0.023063100187615027,-1.5306185255615712
2000-03-10,-0.6585101045651217,0.3426354595734342,-1.6545752886306146
2000-03-17,2.193813946664533,0.5200762848874381,-2.0118527492319984
2000-03-24,1.8671918990227243,0.6672098131495542,-2.3589909095835204
2000-03-31,-1.0991870745471528,0.7918197384586375,-2.4122985553031544
2000-04-07,0.398067464489497,0.8339773793769751,-2.514293578960407
2000-04-14,-5.327144948655912,2.2542775576627743,-2.2342664292336445
2000-04-21,2.4217518718584743,1.0482602200368407,-2.1385603245627998
2000-04-28,0.4140911625444761,1.0996360906518836,-2.270764933525561
2000-05-05,-0.7905926184900745,1.3035327730119186,-1.9508580694437565
2000-05-12,-0.5331656897947308,1.0674538266847047,-2.1107164693779144
2000-05-19,-0.6119100374355226,0.9687602216563551,-1.9699783178873906
2000-05-26,-1.1115234685981294,0.8142833303026958,-1.980289082233099
2000-06-02,3.0231623266740475,0.34359070132751646,-1.9903370594937317
2000-06-09,-0.7879578623535948,0.44669750311711215,-2.122005106091303
2000-06-16,0.08056668878161481,0.187901016251092,-2.007784523252293
2000-06-23,-0.8774286867631022,0.4774775748936131,-1.920362007099805
2000-06-30,0.26243469601265007,0.03493142658740183,-1.883027794613713
2000-07-07,0.6057868801577967,-0.015691300502531515,-1.7020152898858094
2000-07-14,0.7982052843171449,0.00015868855177919282,-1.764386156540955
2000-07-21,-1.0703899090242972,-0.060071970393018086,-1.7538099243540044
2000-07-28,-2.050284995484042,0.24159181420753417,-1.6239588861514624
2000-08-04,1.2136006210489516,-0.11163796179827122,-1.5676560524972334
2000-08-11,0.12601344433174438,-0.1226160772952886,-2.081938438492585
2000-08-18,0.46138819204948955,-0.3614902331319916,-2.1364996682193937
2000-08-25,0.29638452681032174,-0.4438406129695764,-2.049298403411726
2000-09-01,0.27919570985011477,-0.2833658789537849,-1.917423965795841
2000-09-08,-0.9535349812046359,-0.13414155688177973,-1.8347880139183053
2000-09-15,-1.0404208580599281,-0.12433176086723657,-1.4741794490921458
2000-09-22,-0.687191044293045,0.2320686405534777,-1.4908192088102599
2000-09-29,-0.5361256101681626,0.20440885849312476,-1.3443554709105678
2000-10-06,-1.0338569580377328,0.5482247415726412,-1.2924609579175383
2000-10-13,-1.2903671152475549,1.3317024948612923,-1.17120994953478
2000-10-20,0.6143556514369123,0.7885332067046938,-1.3765675891929516
2000-10-27,-0.7152857229755403,1.1442777741211796,-1.417356267582578
2000-11-03,1.4007850876314067,0.6916657922294537,-1.1563258109159946
2000-11-10,-2.1267110512426495,1.4688055760824936,-1.1293374440678539
2000-11-17,-0.07842066985797526,0.8678012480586519,-1.288067200225951
2000-11-24,-1.0116892377155506,1.0563149331050241,-1.4220899994308491
2000-12-01,-1.0463288708089304,1.2898193513779208,-1.1155966679052562
2000-12-08,1.7250484809792672,0.4734266840674761,-1.2278080184259916
2000-12-15,-2.0873952658654122,1.136511829336117,-1.2928599634116393
2000-12-22,-0.3438685472153943,1.2927020779586087,-1.0571509691895815
2000-12-29,0.36811065030379436,1.176256308237041,-0.8458349055777542
2001-01-05,-0.8907388515971671,1.4624677709968863,-0.008234196380152107
2001-01-12,0.5759613811835584,0.8010771366080357,-0.054755629951493814
2001-01-19,0.6928705715353773,0.5880541428517393,0.15499862226208605
2001-01-26,0.2891710883998321,0.4795781418782293,0.31805002629390383
2001-02-02,-0.3164520976112069,0.37924751522381234,0.34092297597028165
2001-02-09,-1.3190673508368327,0.39152073213965627,-0.03371658272612669
2001-02-16,-0.5887157829930965,0.4053951721045706,-0.03367106033937888
2001-02-23,-2.1113045120497373,1.2229356356546035,0.45868471093483815
2001-03-02,-0.5476675702824788,1.2540784442768955,0.22330886997612023
2001-03-09,-0.1459677546468629,0.9598439480600095,0.24649464975143365
2001-03-16,-3.243862626602251,1.6432650903686223,0.3402501096534893
2001-03-23,-0.5279713668882215,1.7209805260590312,0.4339368841460942
2001-03-30,0.6966377628609611,1.4248622159022684,0.8806174855718871
2001-04-06,-1.3618949989006233,1.9017429664836212,1.043106554404916
2001-04-13,2.030739616356894,1.009856501517051,1.0167443600988537
2001-04-20,2.0783256715596927,0.8896230678403843,1.529662103556849
2001-04-27,0.24601365534335723,0.6711813832561021,1.5929551992880457
2001-05-04,0.36611190630435536,0.6523834072650884,1.6088767751240138
2001-05-11,-0.8616339695586602,0.5921691170034569,1.7868768453609125
2001-05-18,1.5153723577944926,0.2221540253791752,1.5226891620076006
2001-05-25,-0.6069817351334723,0.12103911256825778,1.9084446389141874
2001-06-01,-0.7227852789175329,0.27949527736862556,1.8052281184158185
2001-06-08,0.037625768661434245,0.011205601914017331,1.8869109284044838
2001-06-15,-1.9352936492242556,0.47531432680694835,1.9898085963958676
2001-06-22,0.29309216017401823,0.026056314553972053,1.863706544388805
2001-06-29,-0.1455987012725517,-0.1285468202414271,1.762416242145626
2001-07-06,-1.3598371275529633,0.28591461930801776,1.9339624234527049
2001-07-13,0.8257228951761841,0.20644910960421187,1.6970888953374736
2001-07-20,-0.28661224805433316,0.4000305793063754,1.7337564542376873
2001-07-27,-0.2943567340663089,0.3444659222052282,1.9266771718865248
2001-08-03,0.20887300864450042,0.002293653099452704,1.9821390821748996
2001-08-10,-1.0101858548065603,0.10931866662634177,1.9032413347067973
2001-08-17,-1.1797084539950935,0.6430398894745938,1.6925448487863866
2001-08-24,0.7752680035852082,-0.02885125520647771,1.684366236593738
2001-08-31,-2.0823411923453126,0.8181351642344326,1.764729719281042
2001-09-07,-2.0148129020278565,1.7977537581209726,1.8878080304861413
2001-09-14,0.18319186595191866,1.9244983167276433,2.812830178087238
2001-09-21,-5.386730769049242,3.6120519771658874,2.974243015721765
2001-09-28,3.107150891878099,1.8898270415015577,2.8327806339297994
2001-10-05,1.14036733261029,2.1076054429119018,2.948300946075483
2001-10-12,0.7098376654113471,2.385268298734122,3.037836972656186
2001-10-19,-0.8021264701312475,2.186965906810827,2.979691862548161
2001-10-26,1.1285292826292228,1.291433361774445,3.0252862734218198
2001-11-02,-0.7648866235216306,1.6423483533558345,2.9681475622213047
2001-11-09,1.1877146452509966,1.1284841856931307,2.933095520182579
2001-11-16,0.6003475852195458,0.7570020246191206,2.760768340830155
2001-11-23,0.34302282152103497,0.4719958796358163,2.7715030553235915
2001-11-30,-0.4982598240998404,0.5633443495929553,2.937293830380493
2001-12-07,0.6085340283763326,0.5077985322934362,3.0381445854717923
2001-12-14,-1.4086050850676823,0.6851357567012335,3.058227837193636
2001-12-21,0.7298003376911069,0.35082782151730285,2.8509907965188
2001-12-28,0.5053635167945166,0.1780224654337279,2.89504488558692
2002-01-04,0.32775275685266503,0.02876435851313633,2.8629435010121362
2002-01-11,-1.0851414990191477,0.3663883269623518,3.1437791287921937
2002-01-18,-0.768478166391807,0.35331879007033945,2.8676557725508887
2002-01-25,0.1263301336550323,0.1152127600956334,2.65574182324203
2002-02-01,-0.5103802609720158,0.13240828071014524,2.6486356639341975
2002-02-08,-1.091094067146628,0.4697697108278415,2.64164435405235
2002-02-15,0.224020047569628,0.32862085504835425,2.5104384097606935
2002-02-22,-0.6471590732177687,0.40561826121633604,2.453681426130197
2002-03-01,1.5317105067373937,-0.0537738838571876,2.310360410429191
2002-03-08,1.1243000668151557,-0.1630240600728819,2.1704130065160303
2002-03-15,-0.02323861914707141,-0.29762455526052095,2.138504409496579
2002-03-22,-0.7380300058945496,-0.40041136802330046,1.967555458893072
2002-03-29,-0.13861820662027233,-0.4586399604674073,2.0783065259505786
2002-04-05,-1.0218336551554,-0.18287729277268208,2.1175056559101995
2002-04-12,-0.5377801327362985,-0.13647436966018725,2.1730897635181985
2002-04-19,0.4586840788574144,-0.3148636262465562,2.2959410773843314
2002-04-26,-1.9884871814961442,0.2983963771658805,2.296496197708318
2002-05-03,-0.19743475453901002,-0.013528125268987726,2.364774852360622
2002-05-10,-0.8252541608610364,0.3415743034960187,2.4312140351542086
2002-05-17,1.9628652070600219,-0.41296229186905103,2.244518536753627
2002-05-24,-0.9733484062079325,-0.22013450200931747,2.2625480788392744
2002-05-31,-0.7455817533016655,-0.04658505790194085,2.2136095789365364
2002-06-07,-1.6952033927473662,0.5203823880918841,2.331234505158408
2002-06-14,-0.9266664596671871,0.9128303028646085,2.264960004910498
2002-06-21,-0.8500419093620428,1.114446176653357,2.2493453550254716
2002-06-28,-0.04279712039478548,0.8183631533070983,2.315598026554635
2002-07-05,-0.10636470195184407,1.0909781579278919,2.3639701060594125
2002-07-12,-3.0755645115269497,2.017819352392307,2.4593704122184725
2002-07-19,-3.549509402009049,2.8277454589518665,2.536065432083104
2002-07-26,0.19524357836833361,2.3863221018235015,2.6738577661283722
2002-08-02,0.5007450344586462,3.2580941659012197,2.8226849631076134
2002-08-09,2.036313959572327,2.308426242121137,2.5292662853412047
2002-08-16,0.8543160357707412,1.2886894362935146,2.305924827069677
2002-08-23,0.4775416435640916,1.3637410661677547,2.320960395708497
2002-08-30,-1.1810003566779188,1.8707561512261746,2.2117852025600855
2002-09-06,-1.0851339555741173,2.4244661377248575,2.1511806630738857
2002-09-13,-0.25239501195862024,2.329094004177791,1.9531322473883346
2002-09-20,-2.1927746059187143,2.7868860333649494,1.9428347946372109
2002-09-27,-0.9518841888908732,2.461332188920799,1.9633466039326475
2002-10-04,-1.4220331734028295,2.8107387140360713,2.014031541179241
2002-10-11,1.7160572757120993,2.230700930985047,2.1093791163212026
2002-10-18,2.3079801610569968,1.896288350237011,2.2027963723427706
2002-10-25,0.5586159567886718,1.3651146300784986,2.3242080486946164
2002-11-01,0.09404190644739975,1.2571887556333303,2.4724660023547287
2002-11-08,-0.34588810987903024,1.2699674158627903,2.0516994077165487
2002-11-15,0.6358874695842787,0.8573172381356611,2.2778533679364448
2002-11-22,0.8750816515914003,0.3370109846964489,2.1741084345545754
2002-11-29,0.1950358552279817,0.9820687827899327,2.249087951578147
2002-12-06,-1.1436540381301452,1.1847756595083432,2.3223684103914586
2002-12-13,-1.1077314864882866,1.0779306824965227,2.306565784081136
2002-12-20,0.23547914792488112,0.8572668869809014,2.3055775039091135
2002-12-27,-1.0128871030689865,1.277013199965887,2.318999293708544
2003-01-03,1.4892963035619675,0.5507825380031848,2.3464258580760635
2003-01-10,0.8000147575514367,0.49645523686942034,2.4872749672278847
2003-01-17,-1.2301584378425874,0.7012331189087829,2.4401145469148426
2003-01-24,-1.9526077689868016,1.5628006620856003,2.3234347725074183
2003-01-31,-0.32811178208502856,1.506887497743249,2.307845056301927
2003-02-07,-1.3296904450908087,1.9200458625147223,2.3625800366629313
2003-02-14,0.20910676513451062,1.7066677366444423,2.3463459618635265
2003-02-21,0.6039399691566222,1.3515913290709745,2.247178269462468
2003-02-28,-0.3962518684829481,1.2564270216626,2.1084588247957816
2003-03-07,-0.660135590617488,1.4660292255046337,2.1793127869567384
2003-03-14,0.16965184596097066,1.4465646016415252,2.056333358462256
2003-03-21,2.9329181611122843,1.103163704118224,2.2506368410842965
2003-03-28,-1.5663094810749743,0.9655021042384295,2.3046232929792185
2003-04-04,0.6735317704901324,1.1662249946687144,2.3573669261497177
2003-04-11,-0.5512360893924614,0.4739776591566323,2.260591798927956
2003-04-18,1.129991144386177,0.040018914878650315,2.138851741701444
2003-04-25,0.1859067689421233,-0.06333587977444917,2.220445714896603
2003-05-02,1.3540748548629717,-0.08838630299422752,2.2603361321778803
2003-05-09,0.08946807773459949,-0.227303961446148,2.0601486015525245
2003-05-16,0.42067152695374294,-0.41796630509403476,1.8365824781148823
2003-05-23,-0.5466898606016047,-0.3034233112659902,1.6690182350773586
2003-05-30,1.2642838000729986,-0.2586051817232687,1.768700214326649
2003-06-06,0.9624008053327389,0.0058893070248885095,1.8406295526998826
2003-06-13,-0.026987399627022908,-0.08178780405386399,1.740113639241853
2003-06-20,0.23269038214383844,-0.30777003077789633,1.9304111670809958
2003-06-27,-0.8802387828628818,-0.3044519994556102,1.9474371080450594
2003-07-04,0.3389737777170222,-0.2698497001145916,2.133862283366498
2003-07-11,0.45783386410057814,-0.40673759694624956,2.147973220590325
2003-07-18,-0.26386677741896863,-0.3107541660076286,2.2910761111267415
2003-07-25,0.16095402273489487,-0.5135211137535756,2.5464123702145733
2003-08-01,-0.8409665561194016,-0.064404389330897,2.3871402692244486
2003-08-08,-0.1700230268310216,-0.2379594253421328,2.3203979493992675
2003-08-15,0.49215448316055893,-0.4354086378095991,2.4955362418869735
2003-08-22,0.03836184091042052,-0.3929292290152755,2.238408265144796
2003-08-29,0.5607579802034782,-0.3804776943143898,2.212557202325708
2003-09-05,0.48681439442035707,-0.44910263368796727,2.362342897612054
2003-09-12,-0.17732177639502192,-0.37194290541606123,2.3221805204973673
2003-09-19,0.6545666825044896,-0.5429293402781464,2.1338832172055895
2003-09-26,-1.6838909397929824,0.16370484191259188,2.085113175135347
2003-10-03,1.2955698758337413,-0.24785231913414493,2.2222513201239806
2003-10-10,0.2668179708575349,-0.4059244656723775,2.307550148293909
2003-10-17,-0.014372722517028997,-0.5306794683555078,2.134395020345783
2003-10-24,-0.4857205295447638,-0.51642878513593,2.0862588667976123
2003-10-31,0.8123381874341108,-0.758894820730265,2.0754176872598666
2003-11-07,0.03367778187680831,-0.6323766499282711,2.016215746760681
2003-11-14,-0.17978427013588902,-0.6300039966250961,1.933699704045493
2003-11-21,-0.6711891365483297,-0.32046314744757287,1.8402462118567942
2003-11-28,0.8535910997812667,-0.7229149687450916,1.7962585040648806
2003-12-05,0.0646337097331072,-0.6052508683437349,1.8732174333335563
2003-12-12,0.4308777761369636,-0.7074906227652058,1.949098893896386
2003-12-19,0.4971707510284348,-0.7049523727518656,1.832402838851075
2003-12-26,0.21031958260980443,-0.5476965294161942,1.8486568483739036
2004-01-02,0.41229017089608516,-0.4300806169681231,1.9480813574941045
2004-01-09,0.4360625543167455,-0.6529662311824271,1.9273010148562475
2004-01-16,0.5995882595663303,-0.9178958438794633,1.8119595010415221
2004-01-23,-0.007862833299396538,-0.9405737502773439,1.8519215573534804
2004-01-30,-0.45873244834937743,-0.6669406037799124,1.7732882432034602
2004-02-06,0.3615837389008737,-0.7618272105153631,1.801694397285088
2004-02-13,0.04128386206410233,-0.8245579041620887,1.7944660967781998
2004-02-20,-0.1344817098606069,-0.7532680823848151,1.7873241026404476
2004-02-27,-0.04069360902450875,-0.9788314756366536,1.7568348865255143
2004-03-05,0.36789947338171974,-0.9876684094728113,1.6915960735440707
2004-03-12,-1.4225907890960061,-0.40424310299540583,1.6387288152453798
2004-03-19,-0.47970093032151456,-0.27414222945448946,1.6330714076496782
2004-03-26,-0.13439823402689677,-0.5516826009935949,1.650773107700171
2004-04-02,1.204683987210044,-0.8089393195611857,1.679922110672865
2004-04-09,-0.1633164999944196,-0.713062304630635,1.720364366881422
2004-04-16,-0.24643283437815586,-0.9135682042765132,1.7256149502543316
2004-04-23,0.15403562661288348,-1.0538824652265977,1.545697087412363
2004-04-30,-1.3298000541772559,-0.5663497008914322,1.5755311072764882
2004-05-07,-0.39950547311891277,-0.4218896526914698,1.4896077601477118
2004-05-14,-0.18353404249186744,-0.3693760208339921,1.5428719040632344
2004-05-21,-0.15014414616849597,-0.36592328068125834,1.491970415494334
2004-05-28,0.9776039204683271,-0.823766609775972,1.4414797451575574
2004-06-04,0.0008111091500033585,-0.6263565892640459,1.3913690877373541
2004-06-11,0.45959658118856556,-0.8922899428969284,1.2955802659652376
2004-06-18,-0.12392946755218585,-0.898482158682534,1.188843833171114
2004-06-25,-0.09144827960373456,-0.8663421257918474,1.1977263507612348
2004-07-02,-0.41194124553760775,-0.8818209253186592,1.2180657528601435
2004-07-09,-0.5494875685825305,-0.773027736737783,1.2153097865987292
2004-07-16,-0.5095538803378391,-0.9927887900011317,1.0976302127980386
2004-07-23,-0.6620791121696695,-0.6595807810794937,1.0034368327768621
2004-07-30,0.5434064364133204,-0.8399304818857931,1.0706133185191722
2004-08-06,-1.5604103381355172,-0.22070520635669966,1.0915262908380101
2004-08-13,-0.03005302144408942,-0.4298428835304854,0.985894471664945
2004-08-20,1.2664958970466889,-0.734197183932807,1.0186399063737408
2004-08-27,0.3006542621457573,-0.9316653544936669,0.9822738337312739
2004-09-03,0.16020988345296713,-1.0531125319662842,0.9115218900491053
2004-09-10,0.32859605723678653,-1.0741741791262784,0.9100247950041004
2004-09-17,0.1094933114815269,-1.0306101534528616,0.81644481345135
2004-09-24,-0.7764884997828256,-0.9902843742141874,0.5963048106696395
2004-10-01,0.7553682611230319,-1.2235790291047501,0.7800597474410063
2004-10-08,-0.4254459893152645,-0.8675600227557801,0.7328182474724051
2004-10-15,-0.6057041552135869,-0.867745894313071,0.7318164212882413
2004-10-22,-0.5535269158327393,-0.8294753350900481,0.626923508009746
2004-10-29,1.2699698216638564,-0.6758332996700799,0.6723549916149116
2004-11-05,1.282748797103981,-1.049033116039808,0.5790272353031974
2004-11-12,0.5909355013631783,-1.1255017424170504,0.49736851535363347
2004-11-19,-0.5771554037617436,-1.0971266704589475,0.39261495460161727
2004-11-26,0.3821883453693155,-1.2056147196496658,0.34585967507416304
2004-12-03,0.23991304380531042,-1.1753832547893324,0.4846825966660877
2004-12-10,-0.18590600441187283,-1.2036278338478257,0.34490005631052134
2004-12-17,0.1548407066579097,-1.3252634509733656,0.30971455991728364
2004-12-24,0.503096496433767,-1.4323275933642348,0.344292936733078
2004-12-31,-0.007613509610937749,-1.1131419907652393,0.2857854198418227
2005-01-07,-1.0017524855059141,-1.0803262504558195,0.2040023107129349
2005-01-14,-0.13109099094294577,-1.2406379730741146,0.08726009058475837
2005-01-21,-0.6841428589824285,-0.9423373822911075,0.09884997775627781
2005-01-28,0.060954495987836595,-1.1123995389549752,-0.00632480602007393
2005-02-04,1.0898632435270261,-1.4207682758989717,-0.1348710606327921
2005-02-11,0.01124527563242646,-1.3834806624504745,-0.18153604548845906
2005-02-18,-0.2048908234559572,-1.4181555697483637,-0.11113949102627224
2005-02-25,0.28245426308690247,-1.367229175783646,-0.21648324106619377
2005-03-04,0.31394318195999865,-1.2952844966449473,-0.19283879851886046
2005-03-11,-0.8647062051972273,-1.1612357391037782,-0.0987858495117974
2005-03-18,-0.45082261756716674,-1.1070673587606794,-0.14568190430474393
2005-03-25,-0.7431180080047823,-1.062271014292589,-0.22783712739763473
2005-04-01,-0.012304002083760993,-0.9581558635376413,-0.239396174071518
2005-04-08,0.23919375996248513,-1.1807388954060427,-0.2156341184431339
2005-04-15,-1.5181012016135185,-0.39694535609229137,-0.21544215983352033
2005-04-22,0.29569798381630286,-0.7572901564297089,-0.32137629284715
2005-04-29,0.11256033528909486,-0.7669778207392404,-0.4272639674371255
2005-05-06,0.4781657199009777,-0.9584839190596407,-0.4268364211169723
2005-05-13,-0.718908266824528,-0.6099277107795341,-0.4736631462744291
2005-05-20,1.249150903194579,-1.0954425509364152,-0.555908109759214
2005-05-27,0.27978945469508676,-1.2445232801992907,-0.5552955465701636
2005-06-03,-0.17009006768321017,-1.2418617344687846,-0.5901783570350815
2005-06-10,0.007708359191718828,-1.2681762057280794,-0.6723594204379909
2005-06-17,0.6160637347671603,-1.3385103656804513,-0.6360214606811838
2005-06-24,-0.9950959262555374,-1.2288441341406675,-0.6826581067258921
2005-07-01,0.037313288669408806,-1.3449450380045052,-0.7173715405119697
2005-07-08,0.5677803079294688,-1.3342031897868132,-0.6809029742408251
2005-07-15,0.5094291514366228,-1.501148059937561,-0.6919343011645285
2005-07-22,0.1356041507523415,-1.4683013966426983,-0.7029496419197018
2005-07-29,-0.052768223646858764,-1.3053520108033967,-0.7614218156213073
2005-08-05,-0.34856352786747113,-1.1644778062487127,-0.7248095098048168
2005-08-12,0.0724937256112295,-1.1227869477459735,-0.8426473180417685
2005-08-19,-0.4550254776491536,-1.0175604201651587,-0.8533339166452664
2005-08-26,-0.6016805466517133,-0.9703385703604812,-0.8996246472160907
2005-09-02,0.40270027759033394,-0.9915517502679395,-0.7319516057189387
2005-09-09,0.7741047843097837,-1.2310468073244645,-0.7548070122163848
2005-09-16,-0.19798140484780374,-1.3435919215687682,-0.7181553737346694
2005-09-23,-0.8863040319065654,-1.0770916913891213,-0.7886503309953522
2005-09-30,0.42102243925163757,-1.232671970740536,-0.870890059412634
2005-10-07,-1.2709730605274505,-0.8257535105586215,-0.8577431142002966
2005-10-14,-0.414358616685166,-0.782159849824673,-0.8089208758908344
2005-10-21,-0.3283398724960249,-0.5899090678692407,-0.8554575362627511
2005-10-28,0.6355047928936993,-0.8746890279956014,-0.8423477250429452
2005-11-04,0.7296895898875465,-1.0372892984520106,-0.8292699158371634
2005-11-11,0.458602750912373,-1.2689367871791568,-0.9234372749766369
2005-11-18,0.41534331011664727,-1.343448830148433,-0.9339673212047602
2005-11-25,0.6355048822003604,-1.3767008583780949,-0.9325580276813707
2005-12-02,-0.18251823527899327,-1.3538576679607133,-0.9430683271897404
2005-12-09,-0.2723093020667556,-1.2480745018522608,-0.9178074921364551
2005-12-16,0.20968680787570285,-1.3979748241657075,-0.9521993474780328
2005-12-23,-0.023877440715674166,-1.4564715140684743,-1.0341417998726643
2005-12-30,-0.7927173169061539,-1.1815790844586789,-1.0681604740376278
2006-01-06,1.2377558857209474,-1.3405802309176424,-1.018699980433362
2006-01-13,0.0031841100990396345,-1.3029666644286344,-1.0170459858187495
2006-01-20,-0.9858982412235435,-0.7983406161721049,-1.0392184810768628
2006-01-27,0.7093550067383362,-1.1878462609153209,-1.025593496887266
2006-02-03,-0.7613203575870944,-1.0364281286269161,-1.0953616518315155
2006-02-10,0.03432161657197254,-1.048289293929521,-1.1529560821202056
2006-02-17,0.6384609738594255,-1.176096449241448,-1.1746234148402117
2006-02-24,0.004714689864820288,-1.2566623886356723,-1.219974126473198
2006-03-03,-0.14783527023741355,-1.1788927206119713,-1.122493840484363
2006-03-10,-0.2738660202299143,-1.1932228639088103,-1.001592132330906
2006-03-17,0.8234807278972609,-1.1503499689648597,-0.9881214713517926
2006-03-24,-0.2198952711839297,-1.288033778785302,-1.0817299340281807
2006-03-31,-0.35099611005114084,-1.2553182361263784,-0.9728692002561193
2006-04-07,-0.049507483119005345,-1.1221335245014512,-0.9238031377970366
2006-04-14,-0.2932031522558827,-1.102129376780108,-0.9105669249969371
2006-04-21,0.6954109718416533,-1.2188465814295386,-0.8854645405102622
2006-04-28,-0.09503554691551877,-1.216490289009002,-0.7770699459559971
2006-05-05,0.44553237759329195,-1.2096477747690162,-0.7999268833010125
2006-05-12,-1.259907330255244,-0.8216005909565808,-0.7989087785695562
2006-05-19,-0.9225375833817069,-0.3709415603625951,-0.9051449926873001
2006-05-26,0.39505686322194794,-0.8099841324662875,-0.8919549647146037
2006-06-02,0.21295630788978495,-0.79992334392692,-0.9145536996890585
2006-06-09,-1.344009628181367,-0.22671710484122481,-1.0443282556186333
2006-06-16,-0.09555384014550922,-0.35769398396023216,-1.0426476797293807
2006-06-23,-0.32254689042695883,-0.5624932956317849,-1.0528852963244089
2006-06-30,0.8546355523601682,-0.9855513199695688,-1.0154518939539672
2006-07-07,-0.237059893080879,-0.8499563991764005,-1.0376917052977785
2006-07-14,-1.125336516907298,-0.23319066896776475,-1.0122238691507355
2006-07-21,0.08230479898690558,-0.33120969939961625,-1.0344772483383848
2006-07-28,1.304777200708045,-0.7948146667651063,-0.9732942034265851
2006-08-04,-0.040437832230376065,-0.7923160230051038,-0.9956736549116806
2006-08-11,-0.5172294936164205,-0.7973782903681332,-0.9822544506993733
2006-08-18,1.1831046547691393,-1.198043434752923,-1.0284324065391317
2006-08-25,-0.32117191369339093,-1.0947670867607169,-1.074459346840663
2006-09-01,0.48329552876655407,-1.1457403521133558,-1.036988646244146
2006-09-08,-0.4899137301695264,-0.9627115746231372,-1.0115474034817937
2006-09-15,0.647937293773485,-1.1725073236911718,-1.0695341519474748
2006-09-22,-0.23866581319278468,-1.045260588813778,-1.0678064907772227
2006-09-29,0.6506681376562613,-1.1355946894486992,-1.0660871749294936
2006-10-06,0.3929936711287466,-1.1969340065880179,-1.0286694461687766
2006-10-13,0.4641402319281667,-1.3167145150775579,-1.0508856308893928
2006-10-20,0.026261915274296065,-1.3320722066956128,-1.0730293861741362
2006-10-27,0.21660549823246766,-1.3037507947481204,-1.071303046331787
2006-11-03,-0.5060894236005621,-1.2470127343217259,-1.0933775841433135
2006-11-10,0.47807721815100074,-1.300230472059235,-1.1391582914056704
2006-11-17,0.5914503194236995,-1.4087020850879046,-1.1490983276955193
2006-11-24,-0.08235645474850573,-1.3035866454702767,-1.182769153691633
2006-12-01,-0.212420974303632,-1.1614582772336328,-1.073716789405965
2006-12-08,0.3532148973016694,-1.0979109801630957,-1.1076552342262187
2006-12-15,0.48097729039351356,-1.3990046172400532,-1.1177105689215898
2006-12-22,-0.6010837976696868,-1.199717091411206,-1.0564529975768613
2006-12-29,0.1693795467589712,-1.1675893401699335,-1.0904427279592037
2007-01-05,-0.3526355041942076,-1.0786431387235365,-1.088684029967633
2007-01-12,0.6033748858819244,-1.3749295973545141,-1.0869338140584257
2007-01-19,-0.08248622425107677,-1.334625902861871,-1.132683846542198
2007-01-26,-0.34244675814327163,-1.2227503714412002,-1.0833046814644025
2007-02-02,0.7628306191010811,-1.3774433918796631,-1.0815800159956366
2007-02-09,-0.40415172925850285,-1.2221826562671663,-1.1036007961002265
2007-02-16,0.4794953972151475,-1.3812032764248598,-1.1136791087151385
2007-02-23,-0.21344908442814564,-1.2947403159467408,-1.1118597795666472
2007-03-02,-2.142794982758815,-0.09182710616859432,-0.9913996532849506
2007-03-09,0.44266378782143667,-0.7684945762722679,-1.0255723923990092
2007-03-16,-0.5955593706587547,-0.36333835369762313,-0.9765744800019865
2007-03-23,1.5240594895613315,-0.938215642370647,-0.9158375514851096
2007-03-30,-0.5638057526216304,-0.6838948234309387,-0.8552431483976755
2007-04-06,0.6597945794905756,-0.89438635029616,-0.9254345732400101
2007-04-13,0.21351550572634836,-1.047433660885984,-0.9360704027626704
2007-04-20,0.9097698284095224,-1.0653050091889302,-0.8872901578569471
2007-04-27,0.2235807472277452,-1.006799939812605,-0.8861481820622985
2007-05-04,0.277368545238011,-0.9364835978879722,-0.9681807250299601
2007-05-11,-0.07004479397034243,-0.9292323322574615,-0.9787138721177868
2007-05-18,0.43666164140842023,-0.9564413907597664,-0.9416977055761767
2007-05-25,-0.29051054749775385,-0.8682651197677854,-0.9166590350043755
2007-06-01,0.5450348880242484,-0.9510621496903391,-0.9511065276247056
2007-06-08,-0.9462041830242165,-0.6410437334160484,-0.7952681946676335
2007-06-15,0.688614800115941,-0.7753758636898404,-0.7943425014715125
2007-06-22,-0.9996723206905572,-0.502908464664975,-0.6625164341289146
2007-06-29,-0.052144057604867435,-0.43036951873334983,-0.733275942104653
2007-07-06,0.7478405369298211,-0.6568851571392033,-0.6848361120669066
2007-07-13,0.5833169830188794,-0.591596940869973,-0.7198663980201386
2007-07-20,-0.6290098788850321,-0.32029595580400083,-0.719092536565425
2007-07-27,-2.3893793410214252,0.7667463902172761,-0.634855692819115
2007-08-03,-0.8981590624770951,0.9147734182498217,-0.622296379268546
2007-08-10,0.5842592075793921,1.3852382298306736,-0.5142518671876675
2007-08-17,-0.31822408991753665,1.6355743694547416,-0.32263862665518084
2007-08-24,0.9805883086038633,0.24059474371240586,-0.5256168541944277
2007-08-31,-0.2424462484290114,0.6404589372543901,-0.4533898573002931
2007-09-07,-0.7183946726753445,1.0681360159604778,-0.34529435781334816
2007-09-14,0.8914198930574302,0.8697638854268898,-0.4168784862413986
2007-09-21,1.19787476871394,-0.021989351136928844,-0.2247961813495793
2007-09-28,-0.04579425948782367,-0.17260708232562533,-0.17665769676063311
2007-10-05,0.8474244540428417,-0.33676552984598457,-0.23653788385071436
2007-10-12,0.047497070274702374,-0.21284166418162173,-0.35644606149244235
2007-10-19,-1.9198328273763667,0.5765521519531753,-0.18794464852164897
2007-10-26,0.9783693074118249,0.0627406373564713,-0.15173409108812783
2007-11-02,-0.8524568091548318,0.5838812156035079,-0.13959290669361785
2007-11-09,-1.813934093130867,1.4114850396410932,0.05317948236974534
2007-11-16,0.08742342296658281,0.9551749248959519,0.06519307370289279
2007-11-23,-0.6459996575450767,0.9720093020620664,0.2098483402443747
2007-11-30,1.2046641847812194,0.5572383994954726,0.19763136427598324
2007-12-07,0.6534606993843207,0.2515004250122166,0.28200395778507087
2007-12-14,-1.2124801089946948,0.6172089773726237,0.1972267250339767
2007-12-21,0.4435703525187844,-0.1095610715849578,0.26962114529167913
2007-12-28,-0.2589014710060171,0.2342404648915816,0.2694227234676188
2008-01-04,-2.202438163663351,0.7187007337805771,0.45076530495689726
2008-01-11,-0.4168632043318939,0.6785856133642534,0.5593505905724524
2008-01-18,-2.6209725730401376,1.2076203403592467,0.6436142711001291
2008-01-25,0.12233920634473569,1.4925264485308014,0.7398838140345331
2008-02-01,2.112760413491446,0.7248872212013892,0.9207508710801189
2008-02-08,-2.216356233961463,1.3272994424474547,1.1374282516053111
2008-02-15,0.5725930954261532,0.8731824551320064,1.3049019665736785
2008-02-22,0.039987564468892345,0.7269367599236707,1.2541941086965949
2008-02-29,-0.8317729781320136,1.1012531900142768,1.3365281389766368
2008-03-07,-1.3625439920125724,1.2431068285092697,1.5148942117345372
2008-03-14,-0.24796823297625417,1.79405999248456,1.439260098674957
2008-03-21,1.3825294547173812,1.1055202945546165,1.1712359725202253
2008-03-28,-0.5583336247584891,0.9666001924889096,1.229621555652609
2008-04-04,1.8130985396752426,0.4730424732614701,1.0708977226628074
2008-04-11,-1.3342425025584714,0.6253279773516218,1.1416606369576379
2008-04-18,1.8603384632861582,0.12101841877406774,0.959123887120324
2008-04-25,0.1792009016888451,0.03917156814150779,0.8252332662935318
2008-05-02,0.45439302471862286,-0.17449393353542392,0.763973224723857
2008-05-09,-0.9014311106566786,0.01211320849167727,0.8838505304230206
2008-05-16,1.1357992969154114,-0.43389682718660433,0.7138013320964401
2008-05-23,-1.6749354625703083,0.033943587483423354,0.7251614170943329
2008-05-30,0.7373281967786902,-0.22734531284252626,0.7365066111262228
2008-06-06,-1.3758949952843411,0.6435868744487265,0.904899666795183
2008-06-13,-0.08620412440083501,0.28732528369815047,0.5170133249985853
2008-06-20,-1.4960014215122415,0.5380821679248176,0.5891686812774852
2008-06-27,-1.448534886548175,0.6243317899707485,0.6612522415925642
2008-07-04,-0.6148835078256906,0.8276056454150469,0.7937535550815947
2008-07-11,-0.9113018733139859,1.2385799691812331,0.696058405027384
2008-07-18,0.713580891770136,0.713736213818799,0.7922511064076545
2008-07-25,-0.16499422002820682,0.5395257496672845,0.7671798791874783
2008-08-01,0.033204401737150786,0.4872838239811527,0.8027206136748584
2008-08-08,1.2249577163497904,0.1957586423157583,0.7655026243822741
2008-08-15,0.0052796330189382006,0.0308682680991057,0.7768269857027366
2008-08-22,-0.2722940846421976,-0.08669790581437906,0.7881345099086615
2008-08-29,-0.3928787948867474,0.19442701670425974,0.8115504570118026
2008-09-05,-1.5243827782142254,0.5625601542597073,0.7621542797601906
2008-09-12,0.28575026414826504,0.9592124871062067,0.8584209214304458
2008-09-19,0.06476312480635119,1.9341275076135664,0.9908683064413445
2008-09-26,-1.6046101009916338,2.332145893420699,1.1350623625396985
2008-10-03,-4.5033881261913775,3.875189618864413,1.48445871296845
2008-10-10,-8.650861207280407,7.3426325811219355,1.7711747315036064
2008-10-17,1.8857780051221127,7.143957830686081,1.850740945465777
2008-10-24,-3.0254503507570787,8.02050060453742,1.665015746885565
2008-10-31,4.16464609288413,5.321347726849778,1.973223838681695
2008-11-07,-1.7105407894165945,4.745467799466606,2.0268661836089
2008-11-14,-2.715257972006549,5.935302147637195,2.020210729775135
2008-11-21,-3.671283164302159,6.553579815757839,1.5478604803486382
2008-11-28,4.6246545282790885,4.337603312880268,1.3292433548278912
2008-12-05,-0.9667056625344924,4.8310044939484005,1.0995345840120287
2008-12-12,0.13810110626934896,4.099840983414543,1.1937200755101103
2008-12-19,0.3452735291883524,2.9616107917404793,0.6769709438706312
2008-12-26,-0.7364145553959919,2.7615754174035114,0.5324506626067245
2009-01-02,2.6414666432209644,2.2557014477589576,0.9037821898473759
2009-01-09,-1.892726629638611,2.671196413669896,1.0225813956173475
2009-01-16,-1.9169597259682956,3.038885961362687,0.9613325170149839
2009-01-23,-0.9111044777836744,3.152669192716115,1.1877699579340517
2009-01-30,-0.3282045216488203,2.8527116487015527,1.3175896519276253
2009-02-06,2.0228086978534017,2.6682852061170306,1.470692503872224
2009-02-13,-2.0324359967035295,2.6044759467535368,1.3005182754065872
2009-02-20,-2.904681498210284,3.312519567909623,1.1788193693921545
2009-02-27,-1.8998876347254359,2.956604967708077,1.415878934551482
2009-03-06,-2.9513287927957945,3.2714032361989336,1.2938828683577779
2009-03-13,4.025600209674223,2.4716064658565724,1.2797711338130477
2009-03-20,0.6015400379035706,2.853132007558891,1.0986835033718185
2009-03-27,2.349202614218293,2.299466632324932,1.2403215653947983
2009-04-03,1.2425533031799834,2.141866627618965,1.3217848955669889
2009-04-10,0.6273599048488538,1.783042121991886,1.3790596493212377
2009-04-17,0.5696260618535014,1.4910828445942044,1.364650330433331
2009-04-24,-0.18483944575087807,1.8072716393393677,1.4216803097922697
2009-05-01,0.483970742415318,1.6343084227469369,1.7158816880228722
2009-05-08,2.2378497593177977,1.2708386337711892,1.7116620936337217
2009-05-15,-2.05712520536331,1.3872332565543717,1.6719595284159492
2009-05-22,0.15306843650126692,1.3304961310615813,1.98698484946379
2009-05-29,1.3763063792144146,0.917501149887891,2.004440146289087
2009-06-05,0.8583890031594051,0.9940023233768803,1.9629348396430297
2009-06-12,0.22267898557199575,0.8298914248632555,1.9452981804912939
2009-06-19,-1.093170446898151,0.8112846929602431,1.974697954001294
2009-06-26,-0.13334675315840808,0.5819522760020588,1.82829831865924
2009-07-03,-1.0136380425573233,0.8056264815310977,1.9519453344995685
2009-07-10,-0.8030155306793768,0.9235098545711795,1.806160808788214
2009-07-17,2.6271344996619796,0.4029376019092262,2.080899982615916
2009-07-24,1.5634592032980672,0.2637271985157871,2.0740869847963226
2009-07-31,0.29402459586339136,0.5782105010588483,1.7657562359067895
2009-08-07,0.8723029154884189,0.44872588318404333,1.9698897019572157
2009-08-14,-0.2875986747750558,0.39386344070561685,1.8599244202121523
2009-08-21,0.8204601408491766,0.475978682449438,1.7970816583252291
2009-08-28,0.06979823610319699,0.4477729231251698,1.8155161715937904
2009-09-04,-0.5222436294602602,0.5031659390739537,1.87987771982309
2009-09-11,0.9735721044414551,0.3790138388594214,1.7941597791293435
2009-09-18,0.9191540021641699,0.35308752033870155,1.8125314213503334
2009-09-25,-0.9348837272461817,0.5414802792740222,1.6930268379555733
2009-10-02,-0.7710876287269552,0.8836728805146914,1.6890495453544243
2009-10-09,1.7063687537119512,0.26194475285487884,1.7538269951176693
2009-10-16,0.5529568957979222,0.07286629680928952,1.795239602029157
2009-10-23,-0.33510854237359283,0.16677668719865427,1.80207046233352
2009-10-30,-1.6606578715542952,1.1082168428799093,1.8430503276074148
2009-11-06,1.2040169289750544,0.38013207185190845,2.0315522551211322
2009-11-13,0.8437034887094382,0.28695879019670517,1.9458226078400178
2009-11-20,-0.11630853833204596,0.15571390046415834,1.9402162502598668
2009-11-27,-0.036253220623601846,0.4414003810249609,1.8440962405456365
2009-12-04,0.4814400321311264,0.04974581954134436,1.9635532114676915
2009-12-11,-0.025430007542776106,0.08786799029641769,2.048038069250776
2009-12-18,-0.18208871655993034,0.09791985555919112,2.0529170320701855
2009-12-25,0.8127805962463039,-0.15042464721317805,2.147531601754404
2010-01-01,-0.4439745412369517,0.09809871833888097,2.017118432156897
2010-01-08,1.006843417211408,-0.301248788586097,2.189880258608188
2010-01-15,-0.35343658103742587,-0.3258069377120597,2.115422861572941
2010-01-22,-1.6163232218102177,0.7326107357663582,2.0751360443377975
2010-01-29,-0.694574958063019,0.4291431642762382,2.1019188861645217
2010-02-05,-0.3236493438758524,0.596665840882809,2.1062426034670545
2010-02-12,0.30649834979418766,0.2152721470307351,2.1326377202019886
2010-02-19,1.1830143571062475,-0.09053139526151634,2.1035520288483993
2010-02-26,-0.20829980226550918,-0.14916406528118803,2.063742800298919
2010-03-05,1.169832926925136,-0.3839320016566048,2.035326744357701
2010-03-12,0.3499218885131883,-0.36559789433769,1.9852141109129153
2010-03-19,0.29864761552588237,-0.43428941785792147,1.913615649897251
2010-03-26,0.18603457446024957,-0.34353043858702026,2.061638548505488
2010-04-02,0.3475964161593796,-0.3772429971230918,2.0880330638983025
2010-04-09,0.5023735923468912,-0.5275086113516277,2.048758714979196
2010-04-16,-0.11848720333441397,-0.27574280108572197,2.0316276358445995
2010-04-23,0.7873914494704632,-0.4727023667877115,1.949464101675332
2010-04-30,-1.0576070849493282,0.14320547690162805,1.9222796407170748
2010-05-07,-2.6613865651349666,2.280167211125173,1.8086050211321303
2010-05-14,0.83577025414537,1.1790749565720018,1.8365726383181598
2010-05-21,-1.7515823437108096,2.17470583648368,1.6046683879081376
2010-05-28,0.023682286928458543,1.2657618650249178,1.7202694222728698
2010-06-04,-0.9418821437534906,1.6472113049044081,1.640699476177357
2010-06-11,0.94467750475799,0.8916457293061356,1.647964463970582
2010-06-18,0.8911950127081101,0.34540424253012153,1.6551839077812598
2010-06-25,-1.5118627110272425,0.861479205822035,1.6192771005122202
2010-07-02,-2.0798506997807418,1.0397110179746416,1.5082264083080825
2010-07-09,2.046162732171262,0.45917082856516384,1.580668534459449
2010-07-16,-0.5201781938246907,0.6021211426550159,1.480722403631637
2010-07-23,1.3386440082526854,0.28786649107025813,1.5531872976962715
2010-07-30,-0.07702131490650406,0.2910747668840656,1.5179267862646935
2010-08-06,0.673279487894145,0.09197179518842995,1.4828520587137224
2010-08-13,-1.5604577506796984,0.6007240141933963,1.244130958650942
2010-08-20,-0.31555029001414026,0.5154452425445488,1.2315753498950728
2010-08-27,-0.3002375812447269,0.3973991916831317,1.197609665803215
2010-09-03,1.4165854999743466,0.041594933729210984,1.3031641334238342
2010-09-10,0.14103933243909936,0.11861799347907828,1.333292291286145
2010-09-17,0.5283390606360554,0.12081632056742925,1.374005060290986
2010-09-24,0.7629178619047599,0.08671622430870089,1.2646801490482509
2010-10-01,-0.12433934471206706,0.1763277195269788,1.2092718261187012
2010-10-08,0.6071708389439989,-0.027049465418136194,1.1433377012986838
2010-10-15,0.33228205382289433,-0.21792154102142675,1.3130506459175144
2010-10-22,0.18986490848180498,-0.24621087624989932,1.332396304658973
2010-10-29,-0.035752324227657145,0.029205056110579077,1.3837205637533236
2010-11-05,1.3593819179975413,-0.30541192048454285,1.2852927002384986
2010-11-12,-0.9139303932895116,-0.03763409577791217,1.3367498662543786
2010-11-19,-0.025071216120327956,-0.33041497897812083,1.4520046240906717
2010-11-26,-0.3852853158078005,0.14627655128091852,1.4494470274714841
2010-12-03,1.118524906196847,-0.3339780402644051,1.6385767414851704
2010-12-10,0.4620301591440004,-0.3794049164436194,1.7839645852606474
2010-12-17,0.06854528960037314,-0.5503554369396888,1.8221932186955143
2010-12-24,0.364811720563023,-0.5088514801128661,1.838944656082148
2010-12-31,-0.016677280114084484,-0.3622766942928489,1.7815035882902606
2011-01-07,0.39164230861764165,-0.4317636199639733,1.8301643362311149
2011-01-14,0.6297218512988904,-0.6235332680605485,1.8467982385773938
2011-01-21,-0.3508885586890085,-0.2787835977000808,1.8949082414064187
2011-01-28,-0.26309348652684306,-0.09890253969760092,1.9005533615175063
2011-02-04,1.0181939967868412,-0.5694923458199117,1.9901489289678416
2011-02-11,0.505778036930257,-0.596553385919444,1.8588223336429586
2011-02-18,0.3669702219074793,-0.5113236239110353,1.8751447128502237
2011-02-25,-0.7394065391148051,-0.19110461600652928,1.7553370704931754
2011-03-04,-0.007716680095774252,-0.20934977244506955,1.8662972749044335
2011-03-11,-0.5588709097119574,-0.09214329082379959,1.8094700059163809
2011-03-18,-0.8200336277721495,0.4086461906696065,1.7113376684980854
2011-03-25,1.020219212733671,-0.34192376160372834,1.707602279649621
2011-04-01,0.5158431862852121,-0.4003309874645843,1.69348413754462
2011-04-08,-0.17362624781085093,-0.3460255765307253,1.7937900320053437
2011-04-15,-0.3024299743369786,-0.6391351960176269,1.748084389847685
2011-04-22,0.4868708319495015,-0.7111036257554512,1.764899908480265
2011-04-29,0.730412294113365,-0.7036077607938623,1.7298175691657054
2011-05-06,-0.7399190392409111,-0.28280323238635685,1.6328628631809168
2011-05-13,-0.11903835580201699,-0.4358670936880221,1.6192188925700408
2011-05-20,-0.18123129339180827,-0.3940884662211356,1.6056540555341425
2011-05-27,-0.11138981199284398,-0.5610212546874487,1.5921665727602075
2011-06-03,-0.9883467675016776,-0.3333797672400738,1.5684359465276418
2011-06-10,-0.9544825518968979,-0.22813637943111487,1.5757667984404997
2011-06-17,-0.027486427601467224,0.11734400825874551,1.5521510930910478
2011-06-24,-0.1402216770024461,0.030604799269833796,1.5183630240504287
2011-07-01,2.1433875634188704,-0.5740523178793604,1.711023325277103
2011-07-08,0.0772844282871855,-0.5643854820376494,1.6149105953168583
2011-07-15,-0.8793248322661088,-0.1498125137500169,1.550130008835058
2011-07-22,0.8245740741841487,-0.38241322785015813,1.5677722442890814
2011-07-29,-1.6473004508615343,0.5131016303432184,1.4315057957790984
2011-08-05,-3.01724648118013,1.2938177626438216,1.2650303177988547
2011-08-12,-0.7303531694895466,1.7949952437747536,0.9964330954018875
2011-08-19,-1.9516126298723455,2.5588446126612845,0.820771186600804
2011-08-26,1.8038354043356915,1.6943294357279948,0.9432911180960986
2011-09-02,-0.13546096500788343,1.4991453380523778,0.7676729793611555
2011-09-09,-0.7142320734772584,2.0235042823562246,0.7053369292204906
2011-09-16,2.03226161936333,1.1548103263291862,0.8486968097149488
2011-09-23,-2.7196944097949194,2.3276979598177228,0.5496635948307015
2011-09-30,-0.212817133371354,2.5138645362854666,0.6110215656600084
2011-10-07,0.7951454838707002,1.736813028622385,0.7443676764508264
2011-10-14,2.257740094109051,0.8265161613365724,0.9289764637708072
2011-10-21,0.39807494322895143,1.1769952819121876,0.8765963375387283
2011-10-28,1.425986248493339,0.40091825928162134,1.0095277542634704
2011-11-04,-1.0348077611693725,1.043320107517881,0.7820312689297121
2011-11-11,0.29190943516378576,1.028465007452088,0.7401669667746579
2011-11-18,-1.5780092674059505,1.2507737828542813,0.6571450770568639
2011-11-25,-1.9338306745392868,1.5302677866071015,0.6257248056230148
2011-12-02,2.7637590537874672,0.7360704006179193,0.7386447030763895
2011-12-09,0.30228870388472107,0.6054239872852712,0.789576263024382
2011-12-16,-1.1702551534266994,0.36641493775587775,0.5517012358856991
2011-12-23,1.404482102254475,-0.04048951350851304,0.6854464835367725
2011-12-30,-0.2824744073506756,0.2647165559990939,0.5713853969558469
2012-01-06,0.5857217356926179,-0.05220653229219692,0.6639006753731531
2012-01-13,0.3038972644658243,-0.020140339469756574,0.5807734243858299
2012-01-20,0.7523207728423679,-0.32120369917250235,0.7249850125782443
2012-01-27,-0.01464742632239293,-0.29238532428703623,0.6417398572880432
2012-02-03,0.8026129631660305,-0.4560492558974693,0.6722677923102952
2012-02-10,-0.11021607370816482,-0.032778043472478424,0.6200541013956473
2012-02-17,0.49823514316122747,-0.3779878867488304,0.650628803261755
2012-02-24,0.0860699460253543,-0.431680487784173,0.5984076148536845
2012-03-02,0.06773416620231593,-0.4337053057869591,0.6393785062249239
2012-03-09,-0.008872406310175442,-0.45410076577504116,0.6389034503701729
2012-03-16,0.9031393877149204,-0.7569737840113875,0.8765547539351772
2012-03-23,-0.24471256826973856,-0.7161569871682983,0.8136252064168146
2012-03-30,0.27475638713391803,-0.6374729180603527,0.8336240003000489
2012-04-06,-0.33844367849479,-0.49908056597356887,0.6775093992817737
2012-04-13,-0.8402485800634024,-0.17095570643849134,0.6769908255904048
2012-04-20,0.19366919920242798,-0.41368444827766726,0.6246407863197586
2012-04-27,0.6619614780297803,-0.5423495422789761,0.624186167444357
2012-05-04,-1.0236427338699627,-0.21492043000383973,0.5614863910187725
2012-05-11,-0.5012871408124052,-0.13067612650090446,0.48844530624158855
2012-05-18,-1.7813348061978034,0.4700877182515637,0.3011929032567661
2012-05-25,0.6425236795327028,0.08455975930920556,0.363368128116738
2012-06-01,-1.2548644067852692,0.6499003856750135,0.12403297094721376
2012-06-08,1.4050090181652561,0.022675982466256107,0.28000115281813065
2012-06-15,0.4665575734473557,0.008803261848326086,0.21740258701342616
2012-06-22,-0.2742820649247122,-0.3378880475231476,0.2901687165650026
2012-06-29,0.7535835398545693,-0.45675419204837403,0.24833796034877406
2012-07-06,-0.26174612829455846,-0.454155429684226,0.20651210547234056
2012-07-13,0.017897105245253713,-0.49551557771514915,0.1751174301825235
2012-07-20,0.12789767143845052,-0.5495817314335564,0.17502408478798773
2012-07-27,0.6288539917483197,-0.4994373771818849,0.23755955805749304
2012-08-03,0.09909750560768059,-0.6218558715669433,0.2687586266322815
2012-08-10,0.3778444789003089,-0.7256356857187019,0.2895053573391249
2012-08-17,0.300736468244924,-0.8744468530350067,0.4356675833363189
2012-08-24,-0.2426018371047412,-0.6732830942498094,0.30992939196765706
2012-08-31,-0.17332303608834257,-0.407350970914135,0.25744582665472593
2012-09-07,0.8311792394783343,-0.7653854969115921,0.33057194963809194
2012-09-14,0.7170796263434489,-0.7496918266826874,0.5293117386892646
2012-09-21,-0.19923356466875722,-0.8105473402334032,0.41375943752748834
2012-09-28,-0.5806965979723724,-0.6068737541374907,0.3296792680520295
2012-10-05,0.5102832827581789,-0.7688985658444879,0.39239599636767153
2012-10-12,-0.937372772298533,-0.5581957550492813,0.3292337857978527
2012-10-19,0.08281031925345947,-0.4509736584287832,0.4025000499766038
2012-10-26,-0.6405304115504956,-0.3635448574628435,0.39176430325348094
2012-11-02,0.019049274790978597,-0.3889121212999286,0.3810321766607576
2012-11-09,-1.0249318129363167,-0.27004313949185715,0.24421410330658475
2012-11-16,-0.6250172705860425,-0.5258884476695409,0.2440825823844818
2012-11-23,1.3754983037554365,-0.6733350505200336,0.3175757473256369
2012-11-30,0.15398624914426542,-0.5878713037268092,0.27530861926711314
2012-12-07,0.008567933813869246,-0.5839773377563602,0.296213543781634
2012-12-14,-0.17125998839443105,-0.4554373792956614,0.39083645865187794
2012-12-21,0.4208698011703157,-0.3572491742206327,0.42221533079320095
2012-12-28,-0.8266959056205552,0.21213231809217234,0.3692636334787338
2013-01-04,1.7375138264966827,-0.8251264195726532,0.5799226673214706
2013-01-11,0.10576513984161336,-0.8792237353619644,0.5478950895821185
2013-01-18,0.33017736698143846,-0.9833574484627038,0.5264366654082808
2013-01-25,0.40763651643552967,-0.9322600397978581,0.6210759275599759
2013-02-01,0.2238773713499902,-0.9302189899747839,0.6945262275978943
2013-02-08,0.07860562551523276,-0.9153565457100866,0.6623384263886934
2013-02-15,0.001892679119948682,-0.9798083505926053,0.6407394525349636
2013-02-22,-0.15765642705629954,-0.7794226392091456,0.6191584012954147
2013-03-01,0.021653281769167417,-0.6399311028721568,0.5236130544150157
2013-03-08,0.8138848201329056,-0.9627447629978796,0.7135654171715327
2013-03-15,0.19735804238942067,-1.1122734168236814,0.6813102261577535
2013-03-22,-0.14609347223607916,-0.8462645547195695,0.5856228049487984
2013-03-29,0.26773394988115107,-0.9470545372453051,0.5323231203413957
2013-04-05,-0.4572344102101225,-0.803792192592586,0.38376604156178806
2013-04-12,0.8610039359820234,-1.0202035092429877,0.4365074994353299
2013-04-19,-0.9066646624265797,-0.6795142792679668,0.3938639069575122
2013-04-26,0.6430853263353142,-0.8378394456280183,0.38303685593258346
2013-05-03,0.7602161857530799,-0.9258703135574393,0.46766006025769236
2013-05-10,0.4277878935062285,-0.9553737098922985,0.5522416894146135
2013-05-17,0.772595896153013,-0.9708142672308472,0.6049374309253956
2013-05-24,-0.48357624357267925,-0.7900441869702916,0.6682051726626418
2013-05-31,-0.512401624584946,-0.5194657727886509,0.7844784752071382
2013-06-07,0.26119448871720213,-0.6547634924971252,0.7732385969071576
2013-06-14,-0.45963184255620265,-0.4192145522890286,0.7726294673153279
2013-06-21,-0.9071469558719463,-0.21415261106845268,1.0798476379969963
2013-06-28,0.30032498481107917,-0.4529109383567924,1.0999148169300106
2013-07-05,0.5884944122951568,-0.6833333257322641,1.2789904153757479
2013-07-12,1.1255833683061691,-0.805788971225609,1.1819425758489441
2013-07-19,0.23397454906420456,-0.9573345612326429,1.116951960199925
2013-07-26,-0.06117730352493371,-0.9353647549604198,1.2111082670942417
2013-08-02,0.3767422551241744,-1.0211282132163435,1.2732051836361318
2013-08-09,-0.4840860691750291,-0.852701526951206,1.186850990750573
2013-08-16,-0.9087507055896552,-0.7395414019428058,1.42891313762472
2013-08-23,0.13687606299035338,-0.7846756740039026,1.3633366093357955
2013-08-30,-0.7978421952226223,-0.42888752834156174,1.329716055984054
2013-09-06,0.49638581120500386,-0.5646928123442734,1.4230417919184706
2013-09-13,0.743746632555309,-0.762554493726529,1.3892622769810608
2013-09-20,0.4711804076815691,-0.8839352387865822,1.3450486983178696
2013-09-27,-0.48254167756566585,-0.6086682383776698,1.2270748575611645
2013-10-04,-0.08026389642599947,-0.4580016096010531,1.2572554892155567
2013-10-11,0.2526118775200391,-0.577521665799874,1.2767901874121124
2013-10-18,0.9192174343257481,-0.8918622617204521,1.1907530371334283
2013-10-25,0.30144151174498673,-0.8852173896468744,1.1260479384451794
2013-11-01,-0.00875760479309328,-0.862144789877141,1.2408620532568304
2013-11-08,0.15406006716274237,-0.9060421777719467,1.3763911230707946
2013-11-15,0.5745048305263352,-0.9886144790950226,1.3217897268254446
2013-11-22,0.09561948016116648,-0.9794536221481244,1.3621714362838298
2013-11-29,-0.029058647484064542,-0.8094157329423629,1.3918805441626365
2013-12-06,-0.06885701749162719,-0.7981973772385685,1.5056250602601766
2013-12-13,-0.7280021954644817,-0.5660213542483346,1.4612189851985677
2013-12-20,0.9201366920498856,-0.7972863902474855,1.4380076073930117
2013-12-27,0.4596836146934992,-0.9529965513153047,1.5408910826287259
2014-01-03,-0.27530479392812834,-0.799309108774773,1.517420015217102
2014-01-10,0.19050296782453516,-0.9891382125055608,1.3996585029971678
2014-01-17,-0.13438091220096532,-0.9529394146163864,1.3452461905068
2014-01-24,-1.1385612053954937,-0.28153859591194036,1.2805316244812885
2014-01-31,-0.22747981587940883,-0.24960150518152283,1.226498572435123
2014-02-07,0.27643745524885016,-0.6169452989258596,1.3088824095401217
2014-02-14,0.8800694495897544,-0.8190864281544116,1.3281423917219766
2014-02-21,-0.1057595095145931,-0.6877099654506785,1.2949802016346776
2014-02-28,0.4588179339588856,-0.7673364952725964,1.2200377958577988
2014-03-07,0.35226132840766405,-0.7537968444622802,1.312807293165549
2014-03-14,-0.863149152588024,-0.3158556656917776,1.1750639964193705
2014-03-21,0.5058203219996751,-0.648317736918537,1.1842035083256321
2014-03-28,-0.24847722052280738,-0.7174704434444822,1.1619284788099853
2014-04-04,0.11066631209790291,-0.7700380356478438,1.1920225966245073
2014-04-11,-1.1491980467463905,-0.4071486557684522,1.1383567093143334
2014-04-18,1.0384039103570306,-0.840185452600204,1.178959026993336
2014-04-25,-0.08498064016801943,-0.7568862693523613,1.1253423940722878
2014-05-02,0.33400305179274137,-0.8920811713065452,1.0509321783328163
2014-05-09,-0.11134063891150407,-0.8901460230054864,1.091723778095517
2014-05-16,-0.06691531879247617,-0.9460568279340069,1.0069332746784974
2014-05-23,0.43759527680572613,-1.0726772056249056,1.0373564551655006
2014-05-30,0.4393967269087632,-1.0668740374268257,0.9735909710990684
2014-06-06,0.4927491776538529,-1.1448449473999083,1.0563728004605206
2014-06-13,-0.33471116782720783,-0.9725459568152648,1.013493674266725
2014-06-20,0.5069804307302721,-1.128569914744837,0.991614032659494
2014-06-27,-0.09483801514080349,-1.079012342928569,0.9488548948878659
2014-07-04,0.45392525888983626,-1.1887692022860328,0.9898527936660411
2014-07-11,-0.4262283194136771,-0.9798921541561125,0.9052498157559405
2014-07-18,0.16663283987398955,-0.9813549166795297,0.8416981403329392
2014-07-25,-0.05262209842995655,-0.9061350156879091,0.7991612534399283
2014-08-01,-1.174006399153046,-0.39300726300191746,0.9032271424020141
2014-08-08,0.08318895923324841,-0.5416506597030517,0.8396558010201449
2014-08-15,0.4421862657220485,-0.8508322847190993,0.7656921176078902
2014-08-22,0.6404991489238558,-1.0485250645104014,0.7127548119173275
2014-08-29,0.2532888471932713,-0.9743094664150491,0.7122558715764508
2014-09-05,0.03363498780095712,-0.9734289525999262,0.7851124079251837
2014-09-12,-0.5123945462959257,-0.8284741171609964,0.8893147129257997
2014-09-19,0.4572611816271245,-0.9695637511893879,0.8466604013245331
2014-09-26,-0.6236441683646498,-0.6449863909560016,0.7935789401808946
2014-10-03,-0.3666504661059777,-0.6800273310986633,0.7195855359120298
2014-10-10,-1.3678110655676339,0.11178813562819553,0.6981043709326024
2014-10-17,-0.47402191750688316,0.20050678241815745,0.6661509115833463
2014-10-24,1.6109594750779876,-0.49582564095690795,0.7181778671704205
2014-10-31,1.0510688668948023,-0.7418038846242478,0.6861881996307283
2014-11-07,0.2267998628906107,-0.8490007008609715,0.6437260607588295
2014-11-14,0.10437082255116185,-0.8258364184597309,0.611798609410849
2014-11-21,0.4200867661431599,-0.8737421631289802,0.6114125810882347
2014-11-28,0.025025147980561373,-0.822118515723949,0.537457261694114
2014-12-05,0.09946092735557555,-0.9920007255284158,0.4845675863120567
2014-12-12,-1.5332016871490217,0.0979050596194085,0.358061637113671
2014-12-19,1.3280098116084296,-0.44647938787123453,0.31577889355531125
2014-12-26,0.3032822463094825,-0.6822333060056887,0.3366780072614137
2015-01-02,-0.6642622070437967,-0.29147302603712283,0.2733064742721447
2015-01-09,-0.32493126504734654,-0.31981895061753246,0.19940376242688335
2015-01-16,-0.5710175419066904,0.08415260173183045,0.14659231206621823
2015-01-23,0.6022060243226752,-0.42561484667754457,0.09378251006860046
2015-01-30,-1.2146803819438892,0.08691043166015744,0.009313431225318825
2015-02-06,1.1781216094524891,-0.3507506175063295,0.10433165893162807
2015-02-13,0.7700266511762516,-0.6597874505342469,0.16765930481920008
2015-02-20,0.20516017050390778,-0.7057391735373736,0.2732492789264662
2015-02-27,-0.16999871055862106,-0.8194377151150497,0.17797503723636765
2015-03-06,-0.7139871227643441,-0.5975419616438525,0.3259514588557197
2015-03-13,-0.4135000458714865,-0.5019486475898228,0.2623102854600166
2015-03-20,1.0314861203591152,-0.856421782003914,0.13516601862173488
2015-03-27,-0.9896526704859876,-0.6117012172697907,0.17746276191711294
2015-04-03,0.06377947569514085,-0.6589639649274298,0.16678584222508147
2015-04-10,0.6412076866380214,-0.907459321187204,0.1985052357014817
2015-04-17,-0.46896135207576034,-0.7506939608071983,0.16660178372908113
2015-04-24,0.6642815808611169,-0.9407550511938445,0.19834915752751878
2015-05-01,-0.24030800579348227,-0.891124899007572,0.33621473014345343
2015-05-08,0.09725039941828105,-0.8713467012464204,0.38912446722132216
2015-05-15,0.07360757209184716,-0.9278431689473454,0.41016180477679615
2015-05-22,0.008869239148769062,-0.9568514337666113,0.3887004987114392
2015-05-29,-0.42198863225685457,-0.7522696360940739,0.3247337234058655
2015-06-05,-0.34346152168193966,-0.7076332968673071,0.5053052060142734
2015-06-12,-0.03013109538777141,-0.7584316015805712,0.4731196895027696
2015-06-19,0.2582205287093526,-0.736431154927834,0.4303083844690396
2015-06-26,-0.2234694884017767,-0.7287668737435828,0.600338491357693
2015-07-03,-0.5471458673183773,-0.39768069770698883,0.5893312864788774
2015-07-10,-0.0583194638135896,-0.39269882039090515,0.5996235021079944
2015-07-17,0.9346088289869485,-0.975212602331812,0.482111107206801
2015-07-24,-0.9849711248825038,-0.7606941594565813,0.3859510161817905
2015-07-31,0.4260012190369255,-0.9535814157504606,0.3431142062205652
2015-08-07,-0.578263330961057,-0.8011413040815389,0.2576261784081459
2015-08-14,0.2240134503508923,-0.8674366272608492,0.278843093999913
2015-08-21,-2.52234755261148,0.9497311274650618,0.2146662417453584
2015-08-28,0.3244686314821787,0.7124301770986209,0.2786375216702279
2015-09-04,-1.489940309564579,0.921036350085172,0.22509067345451741
2015-09-11,0.8003783586741949,0.37049468648179285,0.2997965528919888
2015-09-18,-0.11651119906306377,0.26025875767790035,0.24619501847911218
2015-09-25,-0.6227533901868534,0.4204884250313189,0.27816766345373245
2015-10-02,0.3768547657887149,0.09943106369391286,0.21383285188399012
2015-10-09,1.279349930792478,-0.3629444765181029,0.2779640402575405
2015-10-16,0.3209514040533542,-0.6059342045794319,0.23499526621772637
2015-10-23,0.7974705375458083,-0.6762488386769019,0.23488619943265263
2015-10-30,0.029974800448558162,-0.6027234159673348,0.21334052322342703
2015-11-06,0.3408204355912026,-0.691056028894724,0.24541113564296493
2015-11-13,-1.5916296323387382,-0.001042588430575319,0.22384250377879594
2015-11-20,1.2841531405670885,-0.5541780495041453,0.12715098574750996
2015-11-27,-0.03567763573005715,-0.5958562590058599,0.09488352486857554
2015-12-04,-0.022942398109732982,-0.6327071116041428,0.11632492132837813
2015-12-11,-1.661889567602796,0.5181076957678761,0.04104893754599202
2015-12-18,-0.19411749042114904,0.07455458877954184,0.008777590584044957
2015-12-25,1.0815630730171417,-0.5215833645882019,0.008773759789003082
2016-01-01,-0.3993669340398043,-0.2243749731659097,-0.0019906060688188424
2016-01-08,-2.6058016490393263,0.8339612347154679,-0.02352020971210416
2016-01-15,-0.961415588494458,0.8345479989712846,-0.03427988635449305
2016-01-22,0.532508130511886,0.27110218699078853,-0.02349035339905298
2016-01-29,0.6692755969768486,0.013406498341530895,-0.03425943831174288
2016-02-05,-1.3594708684224033,0.39629598496214924,-0.09894810354056177
2016-02-12,-0.38869198264757615,0.6393399266341232,-0.1959996314633508
2016-02-19,1.114171473839009,0.052271987429787475,-0.22828895338380883
2016-02-26,0.5999027828225663,-0.03454180302671698,-0.27137176650722705
2016-03-04,1.0418468797560598,-0.3902571061297279,-0.2280415650421243
2016-03-11,0.4066315667348745,-0.43348350557086424,-0.21713221456751552
2016-03-18,0.5067925978221208,-0.7324177087160799,-0.18460329483433408
2016-03-25,-0.330544913771514,-0.6450773711332762,-0.20615050543849955
2016-04-01,0.6932462887344235,-0.8425491110744578,-0.19523861846666338
2016-04-08,-0.5617220234984558,-0.5692077940099354,-0.20597504342127151
2016-04-15,0.615175364254299,-0.778928492948051,-0.2058826363574514
2016-04-22,0.16321915341013393,-0.8266732740040382,-0.17329217042761694
2016-04-29,-0.5800257905322326,-0.5266120646973478,-0.16237811977335864
2016-05-06,-0.21792197059098176,-0.6447150483766247,-0.17314847999622013
2016-05-13,-0.2667080851720694,-0.6056578013705912,-0.28153279656521507
2016-05-20,0.06355234074947887,-0.5859640233797725,-0.2705525505188722
2016-05-27,0.8863437925299749,-0.8370559928546808,-0.2812825917425616
2016-06-03,-0.05207064921696757,-0.7941423542775417,-0.3028697755814082
2016-06-10,-0.11431604039567868,-0.36304570310057477,-0.32445356947984366
2016-06-17,-0.5512506715616003,-0.07481916103759859,-0.31343375144765334
2016-06-24,-0.7401213597613227,0.6939907853735016,-0.30241591270281776
2016-07-01,1.2694546979647723,-0.6372671773380094,-0.3675248166397107
2016-07-08,0.47839699519221485,-0.8269560616909336,-0.4870047261045753
2016-07-15,0.5660372180767588,-0.8905199238103311,-0.34528713731987526
2016-07-22,0.20184086092967485,-0.9685177338366451,-0.37778179032900855
2016-07-29,-0.0819634157208566,-0.9858752664449738,-0.45382636394935855
2016-08-05,0.12356359122483614,-1.0431401004264578,-0.36644639588789624
2016-08-12,-0.031941181610414406,-1.0228551913471313,-0.44255282812373076
2016-08-19,-0.05799615769360769,-1.0473802347964558,-0.42052666014939505
2016-08-26,-0.33984305600530884,-0.7668494567080338,-0.4639356302600107
2016-09-02,0.15650116797114874,-0.9685246675564767,-0.44188086433334
2016-09-09,-1.0690263702537919,-0.2991266656293332,-0.35435771554565626
2016-09-16,0.16943329248040098,-0.5571646407647677,-0.2996030212992897
2016-09-23,0.443676092387599,-0.9301121537410596,-0.386835600900128
2016-09-30,0.015242160702939125,-0.8082165972840281,-0.408497434630112
2016-10-07,-0.3361784206807453,-0.7846257378280606,-0.33179501025372654
2016-10-14,-0.4603165616215613,-0.4639738641529048,-0.26603856887607497
2016-10-21,0.10724144155963447,-0.8009378682955505,-0.3315458635836227
2016-10-28,-0.34390661396834693,-0.45463900271825547,-0.22197003624882866
2016-11-04,-0.8757375364964978,0.3128938237833375,-0.23281909490310326
2016-11-11,1.5138679098605425,-0.7000944107111122,0.030124666760688916
2016-11-18,0.2834190406830119,-0.8598995057791635,0.0739379372436094
2016-11-25,0.5471533428996918,-0.9211777328621819,0.04102366751270825
2016-12-02,-0.46284170102304634,-0.7043581114528511,0.0958345293378969
2016-12-09,1.2216727670236178,-0.9916947087675709,0.1287042615875952
2016-12-16,-0.08235897929664805,-0.9362457091611447,0.1286495990148145
2016-12-23,0.05123965565035352,-1.0277736055696127,0.13957402283546153
2016-12-30,-0.521561897722711,-0.7111909690631976,0.05164563726667966
2017-01-06,0.6561145036478394,-1.0410804940434022,-0.0033175801699936477
2017-01-13,-0.09863225887048784,-1.0511032653075945,-0.014309121382362731
2017-01-20,-0.11698030550122859,-1.0125512438189883,0.08467413512491465
2017-01-27,0.3761667689839267,-1.1282244290799641,0.07363671411484955
2017-02-03,-0.005446465229759599,-1.079831325424485,0.08461248523892051
2017-02-10,0.28582102468796794,-1.0934236961804369,0.007499290764538666
2017-02-17,0.5777203487614825,-1.0147623730234123,0.007496180786276242
2017-02-24,0.2329928197842719,-1.016336744523977,-0.014547529404837839
2017-03-03,0.22383463154931818,-1.0773722386884985,-0.0365912336998192
2017-03-10,-0.24352479108126265,-0.9914654073686524,0.018571086405150365
2017-03-17,0.04389025363947318,-1.0367688759076714,-0.03660658776798659
2017-03-24,-0.6697892593759888,-0.831969388035302,-0.06970702176560417
2017-03-31,0.28045015774780796,-0.9030207028085672,-0.08072114744439136
2017-04-07,-0.18501043852641502,-0.8416360390871342,-0.12487761743235663
2017-04-14,-0.5363078369155114,-0.46566669026173807,-0.19113606246647383
2017-04-21,0.30129492161754906,-0.6270834820681604,-0.17999846777016923
2017-04-28,0.5789785889506783,-1.0896532688528333,-0.21310324340273404
2017-05-05,0.2105586343860489,-1.1190307486792193,-0.17981745237964342
2017-05-12,-0.20509767962874872,-1.1386354370678753,-0.17974123474941914
2017-05-19,-0.21940038921986169,-0.9384374766066381,-0.27932531961004997
2017-05-26,0.545867894060852,-1.2084650811791409,-0.2792018907983352
2017-06-02,0.3491707152494024,-1.2145290482006756,-0.367726930355138
2017-06-09,-0.18433373748494145,-1.09802710325253,-0.37864060915808306
2017-06-16,-0.03300770084009739,-1.135867285187521,-0.4006400504640176
2017-06-23,0.03267749068908762,-1.17847873930994,-0.4337253134645872
2017-06-30,-0.317226223749088,-1.0366077187240839,-0.3003636890213987
2017-07-07,-0.025870085671992192,-1.0345178418974073,-0.23362445604745385
2017-07-14,0.5362641359632384,-1.237422761459834,-0.24462946886452047
2017-07-21,0.17141907773157627,-1.2543331900549908,-0.35561617028886666
2017-07-28,-0.06507109896634738,-1.1402855002801304,-0.26654836984074687
2017-08-04,0.023849150187941866,-1.1707373562621912,-0.32201955564835094
2017-08-11,-0.6720037895530685,-0.5049360703752326,-0.3441175398053785
2017-08-18,-0.33285111098487935,-0.656412472068719,-0.37733605385486857
2017-08-25,0.24940883357196011,-1.0176843042155583,-0.42167478753203247
2017-09-01,0.5231926429829659,-1.1563271950584484,-0.43260533103810034
2017-09-08,-0.3183599538874045,-0.9138705699300373,-0.454667947586994
2017-09-15,0.6094960555023263,-1.1497219597690622,-0.43216825211576865
2017-09-22,-0.023744117932035277,-1.2189584141268055,-0.44310352980139533
2017-09-29,0.23353378725787063,-1.2274310558862611,-0.37601011950763785
2017-10-06,0.4467366343742326,-1.2092263105432572,-0.40928873322386283
2017-10-13,0.005985786912712164,-1.2128726571796093,-0.47601879795834356
2017-10-20,0.3087679567820544,-1.1680566804033485,-0.4534695079104053
2017-10-27,0.03854303319126584,-1.1875365683887664,-0.4086054027402315
2017-11-03,0.05333713336487711,-1.2663028438834165,-0.5423838224917523
2017-11-10,-0.15031174906786332,-1.0046400435555891,-0.5197684244232055
2017-11-17,-0.11576756836519354,-0.9868711952109502,-0.6423639095951371
2017-11-24,0.3307749042379502,-1.1992309295025618,-0.6755113145549265
2017-12-01,0.5907940818748642,-0.9849548402279592,-0.6751168939671185
2017-12-08,0.09082313217391068,-1.2081796719646731,-0.6858981756577387
2017-12-15,0.3315191278204932,-1.2263539942982644,-0.7637302913242956
2017-12-22,0.06073554487362017,-1.167045252907062,-0.6961767416120561
2017-12-29,-0.21545913168201264,-1.0279832676736391,-0.7628475443114553
2018-01-05,1.0410355852363593,-1.247363368732001,-0.7623656766160335
2018-01-12,0.6078225440534847,-1.1323912443442867,-0.7059631636388414
2018-01-19,0.30784879665027287,-0.9970671443699403,-0.6831667945039847
2018-01-26,0.883347679316889,-1.0192659921316214,-0.7387145965024218
2018-02-02,-1.7465666357750431,-0.2640974952039492,-0.5591796988742014
2018-02-09,-2.3277985204893694,1.1594098336403498,-0.4581075960140235
2018-02-16,1.741770181777663,-0.004348785638215599,-0.5923002584979264
2018-02-23,0.17554231106232962,-0.3643662014502431,-0.6255906996206719
2018-03-02,-0.9415246728224418,0.011705790046265518,-0.6476552755550856
2018-03-09,1.428692878040157,-0.5887273953179827,-0.6248756125588064
2018-03-16,-0.5940000853293554,-0.4476965475729165,-0.7254178431735786
2018-03-23,-2.6764606438048313,0.6533325415818204,-0.7249795895994195
2018-03-30,0.8008251288190542,0.05815196654590927,-0.80302707277734
2018-04-06,-0.6505225182656061,0.24274340715147508,-0.7688652728788704
2018-04-13,0.7831890338723352,-0.2530896887582874,-0.8244565047202279
2018-04-20,0.16345193385903306,-0.31739915221728715,-0.7678285821954601
2018-04-27,-0.062245877884653064,-0.49596885979222444,-0.8010025160592825
2018-05-04,-0.1625278967121759,-0.5735422270954237,-0.8341423167892504
2018-05-11,0.9608806399636624,-0.8310145020222218,-0.8448056747642577
2018-05-18,-0.29095519562118666,-0.7368384604688362,-0.7544580927872074
2018-05-25,0.0725798134700944,-0.7607153314877317,-0.8213393893586305
2018-06-01,0.14933465333303308,-0.7310502525895798,-0.8544736908038728
2018-06-08,0.6300824940029246,-0.8863189054411664,-0.8426678588287584
2018-06-15,-0.050014677309248544,-0.9100258074007778,-0.8982356436032375
2018-06-22,-0.4431160837615406,-0.6915887315207474,-0.9425048059347014
2018-06-29,-0.6307425811901468,-0.4087499444741879,-0.9530342492896914
2018-07-06,0.5893959337986703,-0.7397948540102204,-0.9972260876578217
2018-07-13,0.5800335253513699,-0.8842321372963974,-1.0525713666333671
2018-07-20,-0.051879592742761306,-0.8008232730868908,-0.9955847617887644
2018-07-27,0.19943248896502422,-0.7796069053542971,-0.9948112900892384
2018-08-03,0.2664145193778824,-0.9484002623087866,-0.9603634418913164
2018-08-10,-0.16718055553094877,-0.762573637106092,-1.0269961694780336
2018-08-17,0.19443897547981304,-0.8254542724630266,-1.026174790089397
2018-08-24,0.3081948260275795,-0.9041012541698171,-1.1039159716468823
2018-08-31,0.33854897257558864,-0.7974635169076733,-1.046855653397757
2018-09-07,-0.5050694518066892,-0.5507326827614526,-1.0572255758656508
2018-09-14,0.4351464637599766,-0.8930380378094083,-1.07879885134854
2018-09-21,0.3031169595122017,-0.9399493525397797,-1.021789832262095
2018-09-28,-0.29207450851664507,-0.8856325477636068,-1.0434228307467548
2018-10-05,-0.4824472920913435,-0.555777632601234,-0.9191364958602126
2018-10-12,-1.8621744390633086,0.2365335304811989,-0.9745985749203284
2018-10-19,-0.048914370572488305,0.06306825896161886,-0.9963097449872456
2018-10-26,-1.7867977501165877,0.5845097570581154,-1.0067654317431243
2018-11-02,0.9704085386194617,0.016182672023714883,-0.9610914063209512
2018-11-09,0.8466491164505272,-0.24658980711152007,-1.0277162125453772
2018-11-16,-0.7560672545741581,-0.15112769216077165,-1.004457545316662
2018-11-23,-1.717858323677151,0.2623316162382476,-1.0373466132554696
2018-11-30,1.9738028300772217,-0.15988907568655283,-1.0701804780386313
2018-12-07,-2.0780973698062897,0.4717155859186773,-1.1590457691371132
2018-12-14,-0.5994759551473107,0.27562764717575733,-1.124353827399241
2018-12-21,-3.178972370851048,1.3132819282255925,-1.123376728273357
2018-12-28,1.1504935393332092,1.0955431719955757,-1.0775414432011405
2019-01-04,0.7319034361289315,0.2429590523160597,-1.1102930281925023
2019-01-11,1.0162327000172546,-0.14784633027636893,-1.1205567905813194
2019-01-18,1.151389425390421,-0.19557243901962493,-1.1083775991305767
2019-01-25,-0.1521145890701671,-0.2420694026327026,-1.118644244393808
2019-02-01,0.6078556375150252,-0.39890128474122555,-1.0952616306239595
2019-02-08,-0.03590635906156909,-0.45022923515913593,-1.0943418672081788
2019-02-15,0.9986740315739253,-0.5493753899483078,-1.1382574197468494
2019-02-22,0.20420040117900132,-0.7208388038464266,-1.1036407994510333
2019-03-01,0.11031696815941239,-0.713060895662458,-1.0578800741284036
2019-03-08,-0.9933062254027499,-0.4082906491369229,-1.1018531866543357
2019-03-15,1.1631668478863153,-0.7972507306362578,-1.1121302877914734
2019-03-22,-0.3896698806807017,-0.35475217919704943,-1.1447948832047756
2019-03-29,0.4536608032001543,-0.6948347013104387,-1.132588740134274
2019-04-05,0.8136432361225785,-0.8037477890095268,-1.120406831529036
2019-04-12,0.15751429144220766,-0.9027195854016322,-1.1082485822990926
2019-04-19,-0.09431175708493714,-0.8922743079927942,-1.07371341732096
2019-04-26,0.4517998125898516,-0.8130591697494088,-1.0280370224631854
2019-05-03,0.02435868820762467,-0.7953486743014349,-1.0496377860900155
2019-05-10,-1.0047402143361837,-0.4052392079389328,-1.0488037829714631
2019-05-17,-0.38551812677296554,-0.4148990357504725,-1.0703697741787137
2019-05-24,-0.5635267105685189,-0.42824671787439006,-1.103095818448257
2019-05-31,-1.195971639065926,-0.07608921818165086,-1.068583171921544
2019-06-07,1.790666139545542,-0.3727642793400898,-1.0117334540201148
2019-06-14,0.14446211005268347,-0.4982020787031984,-0.9997641145533551
2019-06-21,0.8737249254264475,-0.48318836889155076,-0.9430162970474352
2019-06-28,-0.18596064728098416,-0.522387159389126,-0.9983441291712608
2019-07-05,0.6443418846533995,-0.7439146892543419,-1.0871771391304605
2019-07-12,0.2741722430015906,-0.8531267941892818,-0.963114348490476
2019-07-19,-0.5923935679941342,-0.5987291818051831,-0.9960145333502749
2019-07-26,0.6449562200280263,-0.8806717277503195,-1.0288650662893788
2019-08-02,-1.4113841576700228,-0.20813775206252777,-1.1176420934206106
2019-08-09,-0.2555504130601326,-0.16364013327261318,-1.1502819241511342
2019-08-16,-0.5019322471604863,-0.10186406752527453,-1.1940469805948168
2019-08-23,-0.6809023860087667,0.07103853622535346,-1.2600907760091604
2019-08-30,1.1225944318082628,-0.038921495417003356,-1.2700571488392627
2019-09-06,0.70138390631465,-0.5306467524723002,-1.2464552773506647
2019-09-13,0.3524459456663581,-0.6860640664549975,-1.1446360627460006
2019-09-20,-0.27904229702648636,-0.49043765439060405,-1.2107343750600406
2019-09-27,-0.4966489004635405,-0.2552957782170138,-1.1984448438772157
2019-10-04,-0.20124835456864726,-0.2774590211216233,-1.1302948523529999
2019-10-11,0.20643173849375168,-0.4579880441573657,-1.1181603682154746
2019-10-18,0.17115721520385296,-0.6223575403449831,-1.0613394743886309
2019-10-25,0.46169146695096147,-0.8200169833635748,-1.0716787900506055
2019-11-01,0.5678466631452475,-0.8628124802185185,-1.0708245017163263
2019-11-08,0.3060234492250585,-0.8907124522666071,-0.9693765597160181
2019-11-15,0.31952191218001397,-0.8925952166196718,-1.0022151429817663
2019-11-22,-0.20121260305324207,-0.8561138092371539,-1.0797105226822754
2019-11-29,0.363022168599785,-0.8209089961640996,-1.0676699962703116
2019-12-06,0.006993448776279746,-0.6965974723122083,-0.9997696633372389
2019-12-13,0.25215186119837546,-0.8188041710668853,-1.021384303204377
2019-12-20,0.647252629151234,-0.8331585053699724,-0.9311961152474804
2019-12-27,0.18987023110300216,-0.7186932318972556,-0.9305547324700748
2020-01-03,-0.13051836719305973,-0.6451940298559653,-0.9522730426859891
2020-01-10,0.34398583576278163,-0.8257657012594509,-0.9516041989485992
2020-01-17,0.7805134746920769,-0.8822479720376037,-0.9621163759771899
2020-01-24,-0.5079311172111615,-0.5767904332297483,-1.0173306266538888
2020-01-31,-0.989296777438242,-0.045689201166526736,-1.0501035199724997
2020-02-07,1.286621071701991,-0.46380244697072825,-1.0492926693141862
2020-02-14,0.6137842658983736,-0.6856901068613747,-1.0596602468963978
2020-02-21,-0.6084987995480997,-0.26333857324650417,-1.1147113541410272
2020-02-28,-5.286249285848068,2.590396741924827,-0.946160534056653
2020-03-06,0.20455041674835317,2.8080815679895834,-0.967859733711987
2020-03-13,-3.9768721427201834,4.731976608238708,-0.7435659607821428
2020-03-20,-6.847265454245072,5.669227672657374,-0.6312890928023925
2020-03-27,4.018745312682683,5.543169936091243,-0.7204714031289169
2020-04-03,-0.9257552678061564,3.2811006032608208,-0.8095798866970024
2020-04-10,4.669390780683125,2.66007959623448,-0.6859981026190728
2020-04-17,1.182363957077054,2.2353944872472042,-0.7415954149478072
2020-04-24,-0.6018137904015627,1.967531193991377,-0.8195321862157128
2020-05-01,-0.14211968827887414,2.1131977142673533,-0.7518639249694826
2020-05-08,1.3676510178418573,1.0182372348818005,-0.6506517259199155
2020-05-15,-0.9979588363959571,1.481040193261764,-0.7063198183540799
2020-05-22,1.2485322879973118,1.037308575526402,-0.69473250503726
2020-05-29,1.1684383254545598,0.959451608045434,-0.6943585167592142
2020-06-05,1.9238577082808306,0.6040808521250025,-0.46981155101589245
2020-06-12,-2.0754340218632095,1.9748513624488522,-0.6602094238182158
2020-06-19,0.7020529840023854,1.8567564224873019,-0.6710789062908677
2020-06-26,-1.2535685745854004,1.8077223113218632,-0.7155853940616197
2020-07-03,1.5681292617569804,0.9719501008494982,-0.6591099593935683
2020-07-10,0.6615632235726709,0.9251315672083362,-0.6924260622193799
2020-07-17,0.45337951485247735,0.7340014624414447,-0.6808347630988011
2020-07-24,-0.17388668101038446,0.7525324236774699,-0.7365902731932936
2020-07-31,0.6482704903925536,0.5887175704419447,-0.7474047389158134
2020-08-07,0.940653756932889,0.3219039617665632,-0.7469848493788597
2020-08-14,0.20623716508648396,0.3028143933938363,-0.6005878898139283
2020-08-21,0.2377654723846733,0.36078368864726723,-0.7013819878093844
2020-08-28,1.2660055405460304,0.4104401370891996,-0.56619339408193
2020-09-04,-1.0240758527109726,1.3335975228965047,-0.5884005303018628
2020-09-11,-1.107291869355548,0.8727086078798496,-0.6330764698477549
2020-09-18,-0.3245748727679498,0.7488889359499243,-0.6102734148909457
2020-09-25,-0.32004554585319944,0.813673055827585,-0.6324628515035231
2020-10-02,0.562998948702179,0.9613675547062851,-0.598403181876855
2020-10-09,1.498756800472438,0.6488830166735817,-0.5306075754623019
2020-10-16,0.019931497607271777,0.9343576889562801,-0.5416182304741166
2020-10-23,-0.2781788095410357,0.9503308692370269,-0.48508179936468077
2020-10-30,-2.45202190575003,2.1888255005387753,-0.40604031301241655
2020-11-06,2.8493946364632503,0.628228178984999,-0.4847222705948055
2020-11-13,0.8187285760682622,0.41933672453094084,-0.42817172262809927
2020-11-20,-0.3777136182749828,0.4902936329106525,-0.48434437235679845
2020-11-27,0.8647020237516725,0.15088436055748455,-0.47285775278553743
2020-12-04,0.6216309156289912,0.14489690499181948,-0.3260448788918462
2020-12-11,-0.4592404816909704,0.44392739736064024,-0.34847972884428263
2020-12-18,0.4530522162435002,0.23717501073682754,-0.3144851563275483
2020-12-25,-0.13109688692112625,0.23233558353047282,-0.32565123691481285
2021-01-01,0.5251542793998213,0.3771816575698842,-0.33681572474776345
2021-01-08,0.6850910281890354,0.23561650148301094,-0.12204700598065718
2021-01-15,-0.673967191705314,0.5659710422961152,-0.13330412379248932
2021-01-22,0.7324387248135346,0.276800813231725,-0.1445609930578392
2021-01-29,-1.4492361492877175,1.6051342862087694,-0.11058197370842103
2021-02-05,1.8097987706967578,0.15176739431193995,0.002587905785916062
2021-02-12,0.44391157862108716,0.04467827980940091,-0.00873009162239333
2021-02-19,-0.3573909342193022,0.29211137173282453,0.14976704946264552
2021-02-26,-1.0818439101838049,0.9938118177399248,0.22898494389806764
2021-03-05,0.27066925662613495,0.6018441413928579,0.3648325620727586
2021-03-12,1.0123993233567912,0.12905873914255836,0.4553287268571969
2021-03-19,-0.3791641702378458,0.15997191479966397,0.5457944357939094
2021-03-26,0.5807476528997816,-0.08904112065699646,0.4888698095953328
2021-04-02,0.40570119266750454,-0.27131734172967925,0.4886566720867324
2021-04-09,1.0403818751798066,-0.34749425435721537,0.46576060337015573
2021-04-16,0.49931853846420476,-0.3998133860282394,0.37479873735311064
2021-04-23,-0.11570959532750127,-0.2708534975111203,0.3632993739884652
2021-04-30,-0.053484900241141546,-0.1180413761171964,0.44262190391493045
2021-05-07,0.44148097541835846,-0.34713927817705725,0.4083700979727937
2021-05-14,-0.6409554736254485,-0.0939151637219433,0.4195619709255998
2021-05-21,-0.24169580306148364,0.06615302489570764,0.40802706788324794
2021-05-28,0.4139638556507187,-0.3388633722650685,0.38512929612009894
2021-06-04,0.189340943753551,-0.37935854422469867,0.36223621946467094
2021-06-11,0.10767926772142342,-0.4712382662085319,0.2369872498585502
2021-06-18,-0.8598750241954838,0.1327868208371575,0.10036700225590435
2021-06-25,1.05578109628715,-0.4748793365555251,0.1800041638003655
2021-07-02,0.622778305433139,-0.5404661076392043,0.11162562793580344
2021-07-09,0.0990700728268667,-0.40740988630639713,0.04324787055439589
2021-07-16,-0.4678285990203194,-0.13551562539359754,-0.04791731799527304
2021-07-23,0.7378423950359839,-0.28515447450110043,-0.025105169621513324
2021-07-30,-0.21999536601269679,-0.16046865071621128,-0.05930147166443408
2021-08-06,0.3226547261783412,-0.4108423161775646,-0.0022525776101413536
2021-08-13,0.22834403479899557,-0.4945657913714642,-0.04789025686785855
2021-08-20,-0.30982992783584645,-0.12150346344360292,-0.0821141916796204
2021-08-27,0.5625604624904227,-0.38171486502659907,-0.013580589334231258
2021-09-03,0.17395753803314212,-0.37916408098715837,0.020688565177844287
2021-09-10,-0.7740711510985492,0.16582300439516,0.02068139724148102
2021-09-17,-0.3034984551595155,0.14895688621447978,0.04353301850675005
2021-09-24,0.14558192239837964,-0.21857779377755057,0.08925113991315684
2021-10-01,-0.9919506945628417,0.18394229549621752,0.12353148999286306
2021-10-08,0.26168772902809617,-0.09612513571358365,0.21501482310845274
2021-10-15,0.685948172789994,-0.3930013261206264,0.0890459053770686
2021-10-22,0.6129441199869708,-0.49744047358188825,0.08901495121244035
2021-10-29,0.4842380947420374,-0.39741415632604626,-0.03699646144035185
2021-11-05,0.7579179713621104,-0.37079028689332555,-0.04844042168383458
2021-11-12,-0.1960191771689494,-0.3935083497296269,-0.05988435784055967
2021-11-19,0.06815997929170013,-0.19834386947662405,-0.09425732258686244
2021-11-26,-0.9907700928815302,1.0910463782624278,-0.14009809499550752
2021-12-03,-0.576985560787393,1.3367083798270403,-0.4038924634357305
2021-12-10,1.4958145180916798,-0.10597569216358559,-0.33488674899256576
2021-12-17,-0.880050698544207,0.24088557622027393,-0.4036245102139679
2021-12-24,0.870479159657881,-0.19407670524694318,-0.35754049628432893
2021-12-31,0.28818880271760594,-0.283176671428652,-0.3574023834941309
2022-01-07,-0.8514921607476816,-0.09744193795785025,-0.2423814752549968
2022-01-14,-0.19180416138106923,-0.045557133151778235,-0.35721371819101366
2022-01-21,-2.494835905415191,1.1192244967194216,-0.4145497900843043
2022-01-28,0.2556399203775239,0.9749928359588113,-0.5408515344164992
2022-02-04,0.5754280077191394,0.4390894588087768,-0.5521119721047141
2022-02-11,-0.82739061775509,0.9381519735989076,-0.7818660710568597
2022-02-18,-0.7252225290564811,0.9845621372899048,-0.7469369456726601
2022-02-25,0.2776656988789522,0.9646155842757087,-0.7810456837602913
2022-03-04,-0.5958319898336953,1.492849218937146,-0.9876328569761123
2022-03-11,-1.2770267551864385,1.3431664764603921,-0.9754706157341351
2022-03-18,2.4182778954038673,0.5130995241846846,-1.0668086762275728
2022-03-25,0.6736388454138699,0.14386825232982467,-1.054537595686708
2022-04-01,-0.03843372862565622,0.0014563485113832707,-1.3181167608020417
2022-04-08,-0.5936484657210164,0.1861058253538949,-1.0411303711026132
2022-04-15,-0.9590283163393032,0.3719452698785833,-0.8449678150248997
2022-04-22,-1.2215130512705084,1.0368423969318776,-1.0514184320915725
2022-04-29,-1.444378527408294,1.6616766402990724,-1.0391752137909822
2022-05-06,-0.14759847708349863,1.2730090642329883,-0.797014365031616
2022-05-13,-1.0751905901036978,1.1128383888276672,-0.8885713071421253
2022-05-20,-1.3444913304489923,1.179472435307501,-1.049003849136704
2022-05-27,2.5837216156036042,0.7313813995505354,-0.9447888829312501
2022-06-03,-0.5595281306945116,0.6188454289135268,-0.9096893254905923
2022-06-10,-2.208191007808888,0.9755371039912268,-1.1505678586067052
2022-06-17,-2.5257459672128983,1.3822232890754784,-1.1611601741093611
2022-06-24,2.520036733458212,0.910986588789314,-1.1487511578964802
2022-07-01,-0.9803847018884897,0.8465301884347605,-1.205302818564148
2022-07-08,0.7328546457536323,0.5976063265911196,-1.2847106808620896
2022-07-15,-0.4438795856160073,0.5478673835504247,-1.4787138813195435
2022-07-22,0.9803879505584199,0.4027997039675469,-1.4886043726219298
2022-07-29,1.6606485044297878,0.19738307929693605,-1.4984657209921934
2022-08-05,0.08839035027841395,0.17557260766153612,-1.714527469826462
2022-08-12,1.261493586273586,-0.020231525298220105,-1.7122668380404442
2022-08-19,-0.562253315244109,0.10910677909867914,-1.5498314837617813
2022-08-26,-1.7609994738361543,0.708669845465626,-1.6166973986133832
2022-09-02,-1.4373742824551972,0.6974353992114479,-1.4661111238982807
2022-09-09,1.4173193462627984,0.3730336276309029,-1.4988625561521853
2022-09-16,-2.071249664439659,0.7974032435682349,-1.6914185753691235
2022-09-23,-2.015678002757054,1.2345340768409743,-1.8147430989047546
2022-09-30,-1.272175096312765,1.438793838655739,-1.6753382086407078
2022-10-07,0.5593410469920287,1.4059425698192551,-1.6960075684096696
2022-10-14,-0.7005738076598431,1.4841756735525107,-1.773531165508083
2022-10-21,1.845692882657384,1.2015246109185689,-1.5434463034217984
2022-10-28,1.5351860116463745,0.7249223985231452,-1.6668784841874265
2022-11-04,-1.4549406296079093,0.5795959479818759,-1.7784638278604283
2022-11-11,2.292741339546399,0.33401048293338254,-1.810077593721083
2022-11-18,-0.3426775263585918,0.4064250403316382,-2.0003492420329776
2022-11-25,0.5659095253010579,0.08941017836495328,-2.053669621954587
2022-12-02,0.4034412825199847,-0.08483958704184542,-2.0840618859800535
2022-12-09,-1.465937382337518,0.3714402119943046,-2.0690795889423788
2022-12-16,-0.9219382960979272,0.34588083599904623,-1.9864397936114784
2022-12-23,-0.13756299427513638,0.13384739161948758,-1.8365034703199767
2022-12-30,-0.11393515442768135,0.23070736711556256,-1.8000149077346463
2023-01-06,0.5330247219394139,0.16519583688541525,-1.9777791258654687
2023-01-13,1.0245304701928544,-0.17182756275696215,-2.0195851644196154
2023-01-20,-0.33091669138553326,0.010106196597463805,-1.9375152925970496
2023-01-27,0.9424640830477814,-0.15242648982803142,-1.945715511143024
2023-02-03,0.601396300224172,-0.17421403235753885,-2.0548524086208726
2023-02-10,-0.5185907153299617,0.0928557833244305,-2.0401184274755133
2023-02-17,-0.17299204439008256,0.030906566081962655,-2.0590470833763757
2023-02-24,-1.1720715391582481,0.23128314614294992,-2.1114087524750325
2023-03-03,0.7176304243209511,-0.15511994451079478,-2.1746201846636763
2023-03-10,-1.9700621597057042,0.6116840631846634,-2.1816862816136937
2023-03-17,0.5245523288271885,0.6976728897073954,-1.6424682335685084
2023-03-24,0.5089802719514679,0.23911519488756902,-1.5958645930720334
2023-03-31,1.3487798082143876,-0.13065390410406544,-1.8169000825338433
2023-04-07,-0.10133679986867354,-0.16710418576995115,-1.8143432876985899
2023-04-14,0.2669169552459474,-0.3288816188007097,-1.7895490696209009
2023-04-21,-0.09952475947422963,-0.36527472925852517,-1.831554565766374
2023-04-28,0.29769223907619513,-0.48565750833454335,-1.828950290147942
2023-05-05,-0.3878826321872597,-0.3137679425712868,-1.6931500184915191
2023-05-12,-0.17974228555761873,-0.33314512839483257,-1.7353969430889378
2023-05-19,0.6137028905230992,-0.35983029716096876,-1.799645664015378
2023-05-26,0.07327051430203682,-0.22075045662491147,-1.9743364623661759
2023-06-02,0.6874756238688804,-0.6290679850200425,-2.0485943455678877
2023-06-09,0.0989681172077945,-0.722645862629854,-2.078265049621828
2023-06-16,0.9881520784883514,-0.7576415119215487,-2.1739363335212265
2023-06-23,-0.6364144079500913,-0.7694458695571696,-2.213946318804801
2023-06-30,0.8961236650283001,-0.7507567610435302,-2.308667513774714
2023-07-07,-0.539255662154255,-0.5991318353332132,-2.1062447347464786
2023-07-14,0.925714258941168,-0.7806379036132322,-2.1354576622096153
2023-07-21,0.2214429227280004,-0.7485111892890025,-2.2083283958436066
2023-07-28,0.35438900636097653,-0.7810763668397755,-2.1275093323062078
2023-08-04,-1.0094588940483267,-0.3204996631675414,-1.9267962017079991
2023-08-11,-0.18924766051377706,-0.5963509737053666,-1.9238605682223475
2023-08-18,-0.9412650759320234,-0.2956362122504391,-1.844454187222074
2023-08-25,0.2790022527661146,-0.49345919793085097,-1.9728339959000696
2023-09-01,0.95843908868583,-0.8096933146961274,-1.8715653005275668
2023-09-08,-0.5965045386711841,-0.7176325448535462,-1.9015436227622262
2023-09-15,-0.12647229580897218,-0.7233915260177162,-1.866046058675734
2023-09-22,-1.2861337446854402,-0.3061820429812364,-1.8307052608661758
2023-09-29,-0.36617637166183287,-0.266936929094191,-1.588798598720716
2023-10-06,0.13762775036726532,-0.2754086514949234,-1.4346682475201116
2023-10-13,0.125480033450002,-0.046457213278703946,-1.552908916669755
2023-10-20,-1.060272575350261,0.2461507962151702,-1.2575765021928087
2023-10-27,-1.1161692536292318,0.1921858168479624,-1.2674104725753887
2023-11-03,2.2888146398472715,-0.5869168962776193,-1.3859564143887446
2023-11-10,0.4761746833757907,-0.6772983031484668,-1.5693739286475734
2023-11-17,0.8537127013535322,-0.7223026384142041,-1.5784891475208584
2023-11-24,0.352429080047695,-0.8860872770891755,-1.5875753938054762
2023-12-01,0.25818891765641,-0.8647579324512683,-1.4664516148890434
2023-12-08,0.027098555417637196,-0.8985721150902675,-1.6167905587111078
2023-12-15,0.957038106402682,-0.9066272190382024,-1.669098049809422
2023-12-22,0.24811217090415255,-0.8142144111710229,-1.5371151692544225
2023-12-29,0.07072369436102874,-0.884847948432858,-1.470491391016719
