Date,SP500_Return,VIX,Yield_Spread
1995-01-06,0.2515568484998735,-0.39089172025416863,-2.2359667372126166
1995-01-13,0.8592123230198192,-1.3691904328326765,-1.9484615096625477
1995-01-20,-0.15674810918383808,-0.88263033573082,-1.8095716109205806
1995-01-27,0.8956357885544523,-1.3623511092190317,-1.6146586428526273
1995-02-03,1.2410960676889773,-1.4315148098385686,-1.5898732159952287
1995-02-10,0.3923216898027824,-1.2362194820057621,-1.6522228898599
1995-02-17,0.0349750223842542,-0.9927264983176242,-1.427136048743101
1995-02-24,0.8515222002715901,-1.3506643230612914,-1.1925075455264489
1995-03-03,-0.4597284655206888,-1.0233839275569971,-1.0810842054016012
1995-03-10,0.5463648175564942,-0.5624245033996581,-1.2021337736356341
1995-03-17,0.7985271491643897,-0.8168415540302728,-1.0898103599582243
1995-03-24,0.6868852151151683,-1.0679995159525608,-1.0057839603525616
1995-03-31,-0.21718881687265465,0.00560423955449578,-1.0915296702723853
1995-04-07,0.701795268775915,-0.23226318302942955,-0.9113073371052829
1995-04-14,0.2349042067636667,-0.9358587759118983,-0.7301266468565748
1995-04-21,-0.3064145272515323,-0.6990591567875579,-0.5730254871776864
1995-04-28,0.7509955404077141,-0.7349596303256467,-0.801331011808457
1995-05-05,0.5931078866072408,-0.5388302728657169,-0.6140390141452526
1995-05-12,0.5620781297781164,-0.6332169356242868,-0.7429229557890532
1995-05-19,-1.1726509058923318,-0.09762421117787645,-0.8443741598706732
1995-05-26,0.47322582655839207,-0.4310247790308581,-0.7849261360318994
1995-06-02,1.0984485501873218,-0.009036923773492416,-0.4023197417284572
1995-06-09,-0.8854312961772847,-0.1314190522302666,-0.8413002573494325
1995-06-16,1.4642473505114106,-1.2098301058671639,-0.6710961377405344
1995-06-23,1.1571808238291563,-0.9820713025747608,-0.6980119031273935
1995-06-30,-1.0569955375183298,-0.8035582957203142,-0.667947102066408
1995-07-07,1.368219962084338,-0.5656566389974266,-0.40208620735316913
1995-07-14,0.18397208189294778,-0.4018865729737354,-0.5241971391912809
1995-07-21,-1.203881260069871,-0.25197065095888715,-0.08750985756591623
1995-07-28,1.0064369786491922,0.18945555390317437,-0.08752851715161752
1995-08-04,-0.8646308577501418,0.1971896876241355,0.01109255361092215
1995-08-11,-0.8163447060222465,-0.001455691817449565,-0.12847322308128387
1995-08-18,0.2943386415777262,-0.4977798226562986,-0.44716003925569886
1995-08-25,-0.13013225211389917,-0.3253041728337033,-0.27421863070336716
1995-09-01,0.25664941512073486,-0.9273766034134989,-0.3905210067085975
1995-09-08,0.9355459094362207,-0.9718278845339751,-0.5511630290375362
1995-09-15,1.1350927664113712,-0.713169213557741,-0.48262770586996856
1995-09-22,-0.6084466670656413,-0.18866238520434883,-0.452636320976447
1995-09-29,0.008819864183499348,-0.009957234709233384,-0.6886927448606757
1995-10-06,-0.6874895267470692,0.7297354030716712,-0.7157166330897378
1995-10-13,-0.07059105090890001,0.5425171331954558,-0.8528491392593903
1995-10-20,0.05030006747122393,0.4621726376025324,-0.7382164277918707
1995-10-27,-1.5561365002419065,1.1704783127214025,-0.1804261517632764
1995-11-03,1.3249835501366696,-0.22859487829731537,0.15983982582666478
1995-11-10,-0.10940780714367507,0.2930905032232283,0.5094903181505451
1995-11-17,0.6956859981613616,0.008609266164236849,0.43409296931063823
1995-11-24,-0.5677557770170304,-0.4282617541551786,0.09842477165193489
1995-12-01,0.6068491532944621,-1.1302822614695058,-0.19520675040190522
1995-12-08,1.137358013046564,-1.1876843904971124,-0.7050120695659444
1995-12-15,-0.813078335089816,-0.7958941004435233,-0.254765214658288
1995-12-22,-1.3432892201043893,-0.7076467821565696,0.10034845284494355
1995-12-29,0.08953719907989936,0.4470213297701919,-0.32670258026363036
1996-01-05,-0.46316789449213225,1.6201785306620937,0.7877605874773935
1996-01-12,-2.873203096504082,2.198558491377811,1.9050177537245478
1996-01-19,1.090707404654447,0.5320330176837507,0.9427042605727338
1996-01-26,1.015201371246092,-0.2403616994185596,1.665996368706817
1996-02-02,1.6341166938065776,1.0593263869682106,3.5696599792105346
1996-02-09,2.3226816769454195,2.4020841439539544,3.5998495933321872
1996-02-16,-1.6277783870310347,2.849934730625389,3.522655602385064
1996-02-23,0.9775542407792598,2.154893481631433,2.971316599796958
1996-03-01,-2.3297190939260384,3.4215648390348776,1.946582848363086
1996-03-08,-1.7697409153776509,4.816392795736797,1.4813678032829753
1996-03-15,0.6020833794467731,2.1464115992098485,0.7551540200679498
1996-03-22,0.7384490308950972,2.270718035558364,0.656210609595983
1996-03-29,-1.017643333324817,2.9343279315360027,0.40385813194655723
1996-04-05,0.8672426379892574,1.5087548215718158,-0.14166758597557413
1996-04-12,-2.512166179214619,1.9742041496418727,0.47180326422530056
1996-04-19,0.625747933821356,0.8681198292220181,0.6245458864788336
1996-04-26,0.6152463977602347,0.666246216631536,0.9045160063585829
1996-05-03,-1.6070102827363955,1.517350842195548,1.4616919993906405
1996-05-10,0.8614250490434697,0.9734855756939581,1.470351326203106
1996-05-17,1.4638578370473923,0.727700062891394,0.7078613532467639
1996-05-24,0.6563531288735461,0.8834247361948768,0.7530467614259008
1996-05-31,-1.2853810618076709,1.0871515166256565,0.4563997754026699
1996-06-07,0.11067658888472776,1.0613119884346218,0.07105262037169237
1996-06-14,-1.0774952046821595,2.077949886533109,0.9940028917496748
1996-06-21,-0.15981145067793634,0.8030069017286554,0.6014564551032722
1996-06-28,0.12070765144000539,-0.1536747250261207,0.648147062839544
1996-07-05,-1.6477787760769584,0.8883322850729527,0.6289798570286275
1996-07-12,-1.4017725489725539,1.2823087116643148,0.38960756370904237
1996-07-19,-1.005281336315576,1.3022120322817285,0.4599297757076311
1996-07-26,-0.47836410326971746,1.3288033582635623,0.45500050342016957
1996-08-02,2.4977437130103164,0.7563215128308347,0.4533148294009245
1996-08-09,-0.2646200070333174,0.5520822970651916,0.2286564796461124
1996-08-16,0.08973275622693051,0.1156033821898292,0.49963612089735004
1996-08-23,-0.04178538717735052,-0.17677731296313767,0.624469295266189
1996-08-30,-1.6573535273896838,1.033433811086061,0.527254569188933
1996-09-06,0.1981504216777806,1.037576451755262,0.42746702143716886
1996-09-13,2.1493535925704443,0.15022744820728037,0.6225462716547746
1996-09-20,0.39474673685114187,0.33358075739093185,0.22163714192861544
1996-09-27,-0.2702855481179419,0.5177734556857656,0.3441900229634103
1996-10-04,1.142484596666629,-0.10222240068568254,0.471367837562108
1996-10-11,-0.28651779647393355,0.01257889113272523,0.44106896005953067
1996-10-18,0.6616282823583963,0.002566718582504119,0.23452924147547294
1996-10-25,-1.0888793444319524,1.0213018883637976,0.47451072887828977
1996-11-01,0.042587394868527015,1.2565939423065091,-0.008965231315028922
1996-11-08,2.006816436705586,0.23532544141706302,-0.5816621537096527
1996-11-15,0.31574832402206066,-0.46863194433328753,-0.7858961059627972
1996-11-22,0.6355475259924173,-0.23141655929827024,-1.2812025671997238
1996-11-29,0.4022145273140343,0.8548619878700429,-1.2295858809741715
1996-12-06,-1.5608481103368648,1.6951044495948275,-0.7193587553089943
1996-12-13,-1.0482440029973026,2.7321200915783797,-0.461640322676297
1996-12-20,1.337788581808985,1.5386215548726878,-0.945067666327976
1996-12-27,0.37294878061117903,1.633288521908143,-1.3520308595219768
1997-01-03,-0.8666213844645508,1.5658185527499433,-0.4414749967205938
1997-01-10,0.6197882087971398,1.7428822346213824,-0.43879796337992305
1997-01-17,0.9838576087173972,1.1848728672193678,-0.5748583851751369
1997-01-24,-0.6565000188550595,1.5393268727047988,-0.45480763807029007
1997-01-31,0.921926409802412,1.5669759187488206,-0.1815576943538392
1997-02-07,0.04506431051171101,1.198711215502232,-0.3989410393069247
1997-02-14,1.1435252246865608,1.3005967045575202,-1.5311558036871926
1997-02-21,-0.712888614070276,1.9491419195773485,-1.3104455899228187
1997-02-28,-1.056015376764617,2.1023196211495683,-1.9569454859678723
1997-03-07,0.7912396348091366,1.2218093020480174,-1.8753785236301204
1997-03-14,-1.1242275422537023,1.419170133865087,-0.803671331570189
1997-03-21,-0.8959524754365041,1.3076808975310843,-2.054996311188641
1997-03-28,-0.9811422489374713,1.6698023885264397,-1.947892118354169
1997-04-04,-1.3776263325157978,0.9988262281310009,-1.468600051377434
1997-04-11,-1.7519598887879986,1.220204992713387,-1.84824974175679
1997-04-18,1.967321604058806,0.6975528902570877,-2.156341853746201
1997-04-25,-0.24372840135260865,1.78549716715914,-2.275127143010759
1997-05-02,2.918449565557293,0.02036310434158343,-1.9201200978975335
1997-05-09,0.5187090728662604,1.2268360593975012,-1.7340075890765987
1997-05-16,0.09880435213574666,1.8296181392541928,-1.7780941002498702
1997-05-23,0.8624450496966221,0.16755619660520477,-0.774692321091185
1997-05-30,-0.16440040390135488,0.6672870343607981,-1.278964911713504
1997-06-06,0.35859032738228275,0.5243443141941725,-1.9840855230265193
1997-06-13,1.7936696758431931,0.6740131374150073,-1.7738165391107965
1997-06-20,0.01668596215216378,1.0741929234300411,-2.261077618064203
1997-06-27,-0.9325109601281812,1.5184853234962101,-1.2099796891572927
1997-07-04,1.3562056773360518,-0.14498176287728476,-1.7465526228010082
1997-07-11,-0.36326163435609393,0.44261525200523655,-2.0958128782407908
1997-07-18,-0.44126806669818347,1.9007564101853849,-2.077601292792888
1997-07-25,0.9299908999506917,1.1668499206191034,-2.1570938918303404
1997-08-01,0.10651079700803208,1.7581071736567253,-2.0292196587395686
1997-08-08,-1.1202150966997704,1.7477829103219946,-1.432556625588243
1997-08-15,-2.1073923000488084,2.4671126730727497,-0.9762573448804216
1997-08-22,0.9390764944700105,2.447422053943863,-0.9412463435652253
1997-08-29,-1.631251170775592,2.280457158491975,-1.2153433445441046
1997-09-05,1.2632460492882933,1.9748804249096437,-0.9650633158743877
1997-09-12,-0.5739171895545488,2.1807566523846975,-1.2494464388649165
1997-09-19,1.098870038652812,1.2131737008868801,-2.0084728555710294
1997-09-26,-0.581475718899428,0.9922473146537013,-1.9128116163226956
1997-10-03,0.7241551010192615,0.6865183156292276,-1.7407146914250726
1997-10-10,-0.20724497300441505,-0.06365951632959371,-1.6819019983609216
1997-10-17,-1.4282606111109306,0.7098772853932275,-1.9134573867460571
1997-10-24,-0.4094759328220469,1.2910291512788024,-2.2332379126730775
1997-10-31,-1.6298858341272486,4.702048734754173,-2.207834815302465
1997-11-07,0.45949326911882465,4.121641292748747,-2.2485627593552038
1997-11-14,-0.17177124831157892,3.0858141224550777,-2.3532484151893303
1997-11-21,1.52500495654501,1.298559913370878,-2.3458242097565645
1997-11-28,-0.5956794373665547,1.4313851768036296,-2.475514268697811
1997-12-05,1.139948034431097,0.22753725192966484,-2.162865442938026
1997-12-12,-1.7155334304174352,1.4760484408465149,-2.1122968259120505
1997-12-19,-0.5424344641121599,1.6936644411396087,-2.3214886616960015
1997-12-26,-0.7092202961297209,1.631646982882952,-2.167463648276379
1998-01-02,1.6260283705498282,0.2514888440400775,-1.9256536615558233
1998-01-09,-2.3381200176770367,1.4199517403867619,-0.8499188167304043
1998-01-16,1.3639873394763506,-0.2150120127297086,-1.093280541019687
1998-01-23,-0.3561610697126711,0.1552594824118805,-0.42197133138187265
1998-01-30,0.8245294440007114,-0.28635680453247675,-0.9046195362113348
1998-02-06,1.1670777811797175,-0.5211960596077964,-0.6502511475447974
1998-02-13,0.12961163674511136,-0.6835282236943521,-1.4413846868272473
1998-02-20,0.37835742881971285,-0.8704131123262414,-1.3891137509621991
1998-02-27,0.39020642942749134,-0.9570664400224087,-1.7637740002881999
1998-03-06,0.035270826142164036,-0.8182437151572021,-1.1135482205574108
1998-03-13,0.2789086862005574,-0.9098556420566759,-1.5925298295683066
1998-03-20,0.9375786078128687,-0.9067558266173029,-1.7371970928190439
1998-03-27,-0.43769055523132494,0.18513420905578157,-1.6599062594438203
1998-04-03,0.7463692425505626,-0.20975932623800758,-1.5959575471949412
1998-04-10,-0.8310863383283936,-0.290960303008739,-1.2502894040284163
1998-04-17,0.1564982759206494,-0.4785377698380019,-1.4859103500003106
1998-04-24,-0.9197849482479687,-0.19760993426239648,-1.3546449115363064
1998-05-01,0.2670751653940768,-0.8330859175602318,-1.1626115269906363
1998-05-08,-0.8203402787491801,-0.5434200135272,-0.9780447676957136
1998-05-15,-0.2400787252511077,-0.5678882592701505,-1.304683482273071
1998-05-22,-0.17415543822235183,-0.9204668131950067,-1.5632206038832146
1998-05-29,-1.0734650283315974,-0.37671912808920993,-1.3680615017166438
1998-06-05,0.7479492995383753,-0.7528306681131134,-1.5381917271677878
1998-06-12,-0.8445729811451977,-0.04682040656317718,-1.482421929277947
1998-06-19,-0.10832968617001142,-0.2646214755671454,-1.7807423601259578
1998-06-26,1.166911284646136,-0.8746175236182836,-1.72130737061589
1998-07-03,0.35469554175838036,-1.2821883883873113,-1.4380414422538057
1998-07-10,0.5283200113100028,-1.209317978889522,-1.1624823455562856
1998-07-17,0.6796219860772794,-1.549805715530353,-0.8188799557046005
1998-07-24,-2.019895179686238,0.032680978876367235,-1.3897695893495197
1998-07-31,-0.9740418453298766,0.44185877497289483,-1.0374858190345588
1998-08-07,-1.425546684106582,0.934702736579288,-0.6149856893668278
1998-08-14,-1.2973696975811888,2.4389583586002512,-0.5875382382971168
1998-08-21,0.6627778040510433,2.0512522499680954,-0.4739172767734881
1998-08-28,-2.4076862909532797,3.0268379890182127,0.3809979359802362
1998-09-04,-2.3262579440813775,3.2518621434497335,-0.03849057699981303
1998-09-11,1.4228464499458144,2.964651398277861,0.6359260937449265
1998-09-18,0.4051843362335665,2.045866516430443,-0.18181756833399682
1998-09-25,0.9281111693168428,1.3874662540787397,0.7444963902430534
1998-10-02,-1.7286232458179374,2.0938903933746076,0.4564690297209934
1998-10-09,-0.7655779822868827,2.1752255445843245,4.537717003322676
1998-10-16,2.631343037331039,1.1562671734134526,3.8432705357014716
1998-10-23,0.41949264064611486,0.7967229841958957,2.888690586326446
1998-10-30,0.8619215569370692,0.270019337167129,2.7691879895923495
1998-11-06,1.2883703591343767,-0.012494346392178265,1.4593378945638082
1998-11-13,-0.6522760835952153,0.449641977516108,1.0211424900528254
1998-11-20,1.1193288809654145,-0.4256945754035581,0.2025860869285459
1998-11-27,0.7646172180456903,-0.46240828580660703,0.3942682861049574
1998-12-04,-0.6325782096116503,-0.035403233054383546,0.18533290125942023
1998-12-11,-0.4895603835778071,0.2904355139595048,0.11225634868397835
1998-12-18,0.539410099388116,-0.06073173302723119,-0.032713716178258204
1998-12-25,1.016862037416453,-0.5220966258322345,-0.3759974802109096
1999-01-01,-0.07991949143516204,-0.12700533673228798,-0.17574716103667543
1999-01-08,1.23130754649661,-0.26758760420140815,0.10798095779350998
1999-01-15,-1.2189670740356124,0.5202808620020758,-0.22276067868608207
1999-01-22,-0.7779669173510351,0.8592644065644071,-0.5391325079814911
1999-01-29,1.5126782616774395,0.07991081151922139,-0.3154127218738187
1999-02-05,-1.4015589786767473,0.5189525037798194,0.11382375162137259
1999-02-12,-0.433654652024932,0.5073638029543973,0.18072339642600763
1999-02-19,0.15185187200648276,0.42107947366787435,-0.026774105583104935
1999-02-26,-0.1528296903030939,0.2043778302842467,0.2398275032801539
1999-03-05,1.0045246948983673,-0.3374459792070868,0.5106227541622901
1999-03-12,0.4334291767780615,-0.25063892586014397,0.2220166522165494
1999-03-19,0.015916418125771,-0.34325728002457506,0.0026828182745062064
1999-03-26,-0.6159826070533406,-0.3850694140437304,0.6072891043097906
1999-04-02,0.2255182229046414,-0.6689862478262173,0.7198999115171884
1999-04-09,1.4486910846368897,-0.7115404124519875,0.22224863188845792
1999-04-16,-0.9583230501667038,-0.41783784568142485,0.48000963946959685
1999-04-23,0.926736632215303,-0.5848500261356945,0.5284958082268432
1999-04-30,-0.7360155747766011,-0.2709150885459206,0.914287803743372
1999-05-07,0.13665371103317028,-0.24405077402769515,1.342744755960136
1999-05-14,-0.34025214081244737,-0.04232792832455104,1.0951028372171778
1999-05-21,-0.3445467506727935,-0.4278906506046247,0.3948477139025108
1999-05-28,-0.9446786227472814,-0.2930694487790211,0.37244652829668734
1999-06-04,0.6169057636026095,-0.6058356069269997,0.618538131896492
1999-06-11,-1.0930636182852715,-0.23893773855124673,0.9959603305547508
1999-06-18,1.2363417777668804,-0.8744710659615603,0.6875227189247819
1999-06-25,-0.871201353076982,-0.8868226737013684,0.7286413563813302
1999-07-02,1.8686588219252809,-1.3745928162960592,0.33620362369438017
1999-07-09,0.18009570580856754,-1.483582758566154,0.23468550738863975
1999-07-16,0.27035981098005446,-1.5804641311261713,-0.16533774910332197
1999-07-23,-1.705296049547066,-0.6607396369695292,0.41868847340351684
1999-07-30,-0.8631860759284966,-0.4539537479285504,0.6266005557617658
1999-08-06,-0.8936389230706215,-0.146550686475977,0.9144084097351577
1999-08-13,0.5953824865737465,-0.7844343893446328,0.3990119254688531
1999-08-20,0.09457804584065045,-0.6559120351669584,0.0436120974527552
1999-08-27,0.12965233982247598,-0.8053512785400022,-0.2153691927660537
1999-09-03,0.00979321536761885,-0.9370192933170418,0.18467728459386656
1999-09-10,-0.38920798970927306,-0.7495075877395434,0.17197411707928886
1999-09-17,-0.6869636414066365,-0.4766157026209646,0.06313701967681187
1999-09-24,-1.8645402410238803,0.48471784522128886,-0.2880470914828041
1999-10-01,-0.019187337776077354,-0.06357145581523654,0.29805812520689884
1999-10-08,1.3695815254757209,-1.215023890983377,0.10351715723146564
1999-10-15,-2.787682183034267,1.2435287097224013,0.5096697680572131
1999-10-22,1.4754151152193793,-0.9010653352692449,0.37979886011927316
1999-10-29,1.5631456688762728,-0.692066064684704,0.24004787851169374
1999-11-05,0.06910971610287497,-0.8367222085189279,-0.1476881246397013
1999-11-12,0.552211855800421,-0.8082631978339919,-0.8386940695676889
1999-11-19,0.5578837558679388,-1.5794667188781826,-0.8340825238093599
1999-11-26,-0.27388588433253497,-0.5546981314762969,-1.0948165637112
1999-12-03,0.3059655058453901,-1.4494543137700198,-0.3844581948854305
1999-12-10,-0.58523733633553,-0.7424429551686041,-0.8159364567712375
1999-12-17,-0.024496237322216417,-0.7577904816291918,-0.8259645383756683
1999-12-24,0.8788799174458191,-0.8264632720141112,-0.5798037635757298
1999-12-31,0.15653316519320948,0.2761611098768747,-0.0117395159274985
2000-01-07,-0.8426888879937582,-0.6276416237741204,-0.029604167252365653
2000-01-14,0.5209107614937528,-1.2320893383314837,0.5568514689943923
2000-01-21,-0.772316705718277,-0.8534438575139979,1.5003555369650772
2000-01-28,-2.2776796254797866,0.9561579597350809,-2.325711034911751
2000-02-04,1.6537063753497145,-0.5810640664111396,-4.260712947762154
2000-02-11,-1.085092004856763,0.5080738149188885,-2.8848974705759365
2000-02-18,-1.1746860926895297,1.1773521524607844,-3.939641365341791
2000-02-25,-0.405233303157945,0.9097057197792039,-2.807683816902851
2000-03-03,1.9264573054884413,-1.4509238492075596,-2.717051978128375
2000-03-10,-0.41498783356271607,-0.618187879109492,-2.846925791643379
2000-03-17,1.6251867699501952,-0.15366347050340584,-3.4348709356342844
2000-03-24,1.3409879347800597,0.22817432753302855,-3.7034134797769815
2000-03-31,-0.7541943212384931,0.5317308715477967,-3.354334803111469
2000-04-07,0.3335190175819437,0.6221139585283928,-3.1739974364132557
2000-04-14,-3.4449089867083607,3.6020766059213485,-2.4724214314536983
2000-04-21,1.6531529480137739,0.9460391348284576,-2.1772924180944004
2000-04-28,0.3254548038765135,1.051037637757211,-2.260797465362918
2000-05-05,-0.4504689030395393,1.4636503224333364,-1.6850634869039987
2000-05-12,-0.2814765847687551,0.9814532822471785,-1.8586716467650761
2000-05-19,-0.3308909681394893,0.7671495547582295,-1.5847284278140237
2000-05-26,-0.6589392168716701,0.45087921965918304,-1.5473958860276948
2000-06-02,1.9599579569070515,-0.5368142214802831,-1.5127818601551868
2000-06-09,-0.47053430252807166,-0.29450686232870527,-1.6507089589633588
2000-06-16,0.10240726479129732,-0.8344201801974593,-1.441413125310754
2000-06-23,-0.5190148931501308,-0.221921058114541,-1.2811773788860445
2000-06-30,0.24856757590512663,-1.1758535132591281,-1.1968204967841662
2000-07-07,0.4706154709942723,-1.3087281639300075,-0.9157133229263916
2000-07-14,0.5913258048782257,-1.3142025243430644,-0.9829279869960166
2000-07-21,-0.6614800233375722,-1.3900491246425593,-0.9458105777990857
2000-07-28,-1.2969106758525204,-0.7123195618597419,-0.7402788222214065
2000-08-04,0.8330735814812938,-1.4132997286142657,-0.6403321086120044
2000-08-11,0.12383334147407199,-1.3854831572731297,-1.3677394991153449
2000-08-18,0.3419822182008003,-1.7888243687579484,-1.412882093026192
2000-08-25,0.23267305221889245,-1.8575486656051579,-1.2556417453576427
2000-09-01,0.21991793404213095,-1.4935789559841344,-1.0409008174858556
2000-09-08,-0.5835106344267437,-1.1719421283131604,-0.9005128413165496
2000-09-15,-0.6368665170365826,-1.1130114460613518,-0.34258294353032076
2000-09-22,-0.4331896461983758,-0.4217553878384977,-0.3528446032575068
2000-09-29,-0.3254349949554963,-0.4505550870115621,-0.10481352674960184
2000-10-06,-0.629211822382808,0.19508428061079575,-0.0014675474369236434
2000-10-13,-0.8653782604114751,1.7320480675835646,0.2231660963689359
2000-10-20,0.4923849363249878,0.6640584034723072,-0.09840521843190438
2000-10-27,-0.42439481792993505,1.309115875858027,-0.14809696226725727
2000-11-03,1.0808846676092518,0.4407033247198535,0.3403614318532712
2000-11-10,-1.3960673292621457,1.820448573494681,0.41118825555734273
2000-11-17,0.06577136689580274,0.6939411483379447,0.1379268730834055
2000-11-24,-0.5873146832024203,1.0149864336535959,-0.09920508491999354
2000-12-01,-0.5931542736283459,1.3880404919599791,0.5285468358929671
2000-12-08,1.3169785738988544,-0.0880232291165358,0.3317963811959846
2000-12-15,-1.2997367211571773,1.074408955001023,0.22549407857360923
2000-12-22,-0.08240803464735146,1.306634523750806,0.7696732264622653
2000-12-29,0.4085697920378806,1.0858637617444393,1.296396567351306
2001-01-05,-0.4646550987185099,1.5242018968741242,3.0530298877702617
2001-01-12,0.5507968970271911,0.3739167591413655,2.865850881474321
2001-01-19,0.6106468825411905,-0.003790300900801603,3.181248504481445
2001-01-26,0.3014629128489552,-0.17177678592506448,3.1746596705905117
2001-02-02,-0.10023335605694665,-0.34746682944326246,2.896322164113898
2001-02-09,-0.832564105077578,-0.3123154464689873,2.13699563365253
2001-02-16,-0.3175542267625263,-0.2678036953597195,2.011639905971243
2001-02-23,-1.3959009149854424,1.1416886550517757,2.553473291612888
2001-03-02,-0.23425508737850265,1.1570569561325432,2.0783040670807127
2001-03-09,0.05979494963808281,0.6298231310675482,1.9873261442678882
2001-03-16,-2.1748247105847183,1.7287794604477975,1.9847356342469593
2001-03-23,-0.12755868862881575,1.7783682957983913,1.9820683684586073
2001-03-30,0.7780435424045685,1.2628457464251854,2.3533797250726756
2001-04-06,-0.7573401003179181,1.934033083132394,2.3673136489824764
2001-04-13,1.9192494478129296,0.6268996969122408,2.185416146876333
2001-04-20,1.9989444095156403,0.43638075962157336,2.521626289761643
2001-04-27,0.42171453568955264,0.09186535524966047,2.400258730287982
2001-05-04,0.5072667875015655,0.08209666331356855,2.2523525105754985
2001-05-11,-0.5447987598610569,-0.0033324538737335096,2.258971081305938
2001-05-18,1.4395330940759705,-0.5970103756497801,1.914447816749157
2001-05-25,-0.3600853473110126,-0.7414018096432956,2.1150663997059014
2001-06-01,-0.4303246985801195,-0.47968915609601775,1.9227856256380786
2001-06-08,0.250496397757405,-0.9046679924252787,1.891499620999527
2001-06-15,-1.4921156816951802,-0.15641927714421244,1.8775543712165121
2001-06-22,0.48640042712541065,-0.876959837139832,1.7007472457007815
2001-06-29,0.1013137124112296,-1.1239128961322713,1.557116377231518
2001-07-06,-0.9542631562297841,-0.4667970884129911,1.61709924123648
2001-07-13,1.0026343181737383,-0.6106435944786481,1.3860060359494624
2001-07-20,-0.004771203972380155,-0.3120951309081601,1.3623977347932141
2001-07-27,-0.04201449366389928,-0.41152334096632864,1.4500500194098491
2001-08-03,0.44527039163093196,-0.9987218255594326,1.4368971646190483
2001-08-10,-0.669762254519558,-0.8386105173398496,1.3372492411028443
2001-08-17,-0.7996732876101983,0.03733754934899655,1.1483009113977012
2001-08-24,1.002535984873578,-1.1977899341939822,1.1105100884044825
2001-08-31,-1.5678130516130169,0.3073787733103282,1.1397403920796452
2001-09-07,-1.4689549952528351,2.054180597751379,1.2025284665550062
2001-09-14,0.4718540323993332,2.1867909261182463,1.8596011529700178
2001-09-21,-3.855329737811507,4.246130488607842,1.9165210602526184
2001-09-28,2.5285492055930496,1.6121304778498553,1.749897809276888
2001-10-05,1.052617052042451,1.8456207847152475,1.7822103078415232
2001-10-12,0.7143780437512072,2.139833506486477,1.7940892826401948
2001-10-19,-0.36238813379313134,1.7882262108910518,1.705834494232411
2001-10-26,1.0062993806635998,0.5839241057746962,1.7027544535312225
2001-11-02,-0.3305740105406777,1.0256845379452058,1.6207472856797045
2001-11-09,1.051724024026903,0.3524188770345687,1.5608870102470402
2001-11-16,0.6125559700470977,-0.14129648963797478,1.4029285977825856
2001-11-23,0.4086205519464938,-0.5073940883889708,1.3982990987021608
2001-11-30,-0.20994360129223677,-0.3705236993004475,1.518114534630907
2001-12-07,0.6197556120038062,-0.448511042285647,1.592846052224414
2001-12-14,-0.8870240483212052,-0.2038340519211256,1.608337758087342
2001-12-21,0.6887584383168055,-0.624978034859428,1.4186129147767945
2001-12-28,0.5207012701996612,-0.82631735735889,1.4573201693837876
2002-01-04,0.3737357184360686,-0.9843840575304363,1.4058367139412193
2002-01-11,-0.6485152027037775,-0.5343616445953874,1.6581782244559489
2002-01-18,-0.3962199484569388,-0.547139849866857,1.366130762183791
2002-01-25,0.26897931210777815,-0.8457458819292955,1.1378602752344176
2002-02-01,-0.19912095508287134,-0.8181372748649929,1.117812869599559
2002-02-08,-0.6326797625769964,-0.3897980704733092,1.1062805864763723
2002-02-15,0.3298989332478524,-0.5721119437183871,0.9618489305249736
2002-02-22,-0.338393437100615,-0.4552124618183214,0.890219952695411
2002-03-01,1.2512954426198413,-1.0077895461715767,0.7177763050771235
2002-03-08,0.9264957853052306,-1.1087060130336805,0.5382345269152954
2002-03-15,0.04387284347673286,-1.2279897652535798,0.4864408868029511
2002-03-22,-0.5024785722840817,-1.3037215963594373,0.23662123098898535
2002-03-29,-0.030624547336946382,-1.320118403738602,0.38042872850529846
2002-04-05,-0.7181630677267243,-0.9469879458941178,0.42802141418484946
2002-04-12,-0.31579528688468805,-0.8592502289417444,0.506578603162916
2002-04-19,0.5100854066247162,-1.042637106256735,0.7011045366592947
2002-04-26,-1.4227058507270345,-0.28625077474516836,0.6996104287810935
2002-05-03,0.01698164728169335,-0.649687312412376,0.8146830801145503
2002-05-10,-0.48590845353075485,-0.2144356094660781,0.9292388693404565
2002-05-17,1.7239531453966948,-1.1036347855807445,0.598166185565708
2002-05-24,-0.5972013352283484,-0.8630295995000736,0.6309176222964615
2002-05-31,-0.41674856054844167,-0.6487009795532781,0.5381762561446329
2002-06-07,-1.1314929700712013,0.010970181217486113,0.7673873675623222
2002-06-14,-0.5526300192517172,0.46741209001527284,0.638226812758973
2002-06-21,-0.4754245799264745,0.6833898817162876,0.6089702669252065
2002-06-28,0.16168001053002307,0.3126948482019135,0.7550276609421982
2002-07-05,0.09431206241074164,0.6199112008363079,0.8687882017070198
2002-07-12,-2.1417858930474356,1.6526565261219544,1.1063645592872116
2002-07-19,-2.3564097917192792,2.4212403442080546,1.318362884105241
2002-07-26,0.3892828271508757,1.8447348696435275,1.6767402201629236
2002-08-02,0.6088830939202011,2.5847140913438555,2.0528114631601033
2002-08-09,1.654336701375018,1.5580611304149141,1.338855248475775
2002-08-16,0.7822100465574808,0.5224406068105292,0.7778266105971355
2002-08-23,0.5193919386171268,0.5759335253237601,0.8861684710940732
2002-08-30,-0.6825785586308832,1.0611632708988288,0.5687880789676036
2002-09-06,-0.6325093343575888,1.5864028748417702,0.364622136922896
2002-09-13,-0.020184125682239294,1.476326481121675,-0.526255084117268
2002-09-20,-1.6831222821186231,2.009888810356741,-0.538183460141629
2002-09-27,-0.637834467969512,1.6535635654640253,-0.41622688122213614
2002-10-04,-1.0220577064076708,1.9571893050110427,-0.13203078054935274
2002-10-11,1.7418057931604694,1.4020645962513207,0.3802987210649642
2002-10-18,2.125080022857729,1.0879773422969075,0.8767011530736777
2002-10-25,0.6651158647508819,0.5644703334057889,1.4850634774264462
2002-11-01,0.2573534679325726,0.4670260488469772,2.139966056704242
2002-11-08,-0.09319133860242526,0.47670229718005397,0.2348452346747764
2002-11-15,0.7527093995377732,0.06800970394003898,1.3024195003769485
2002-11-22,0.9455296137757162,-0.4429712687035142,0.8521559996023288
2002-11-29,0.35332168534176067,0.18261079000430253,1.2236154252147966
2002-12-06,-0.761831092483389,0.36983432121822407,1.570690012337568
2002-12-13,-0.7397166886480873,0.25716458266423275,1.5178517547615589
2002-12-20,0.4208949884271124,0.02982241732568081,1.5147732138618666
2002-12-27,-0.6291515162889916,0.426258358672466,1.5728482573069218
2003-01-03,1.4799182131822295,-0.3073696437453803,1.6781478120402502
2003-01-10,0.8661670946820478,-0.3667729707582826,2.227158228645299
2003-01-17,-0.8325685616220874,-0.17065723494497642,1.992391856562082
2003-01-24,-1.3861630343716567,0.6712645698379863,1.5291807873640944
2003-01-31,-0.04874507180008835,0.5937837315023977,1.4627736176212207
2003-02-07,-0.8692994973858706,0.9850077838585571,1.6458768542916806
2003-02-14,0.39620688214338334,0.7471559909796874,1.568465607976153
2003-02-21,0.6992766757591219,0.37176399455385206,1.2129757450769552
2003-02-28,-0.09027475114615836,0.25380034897944015,0.7279636545683815
2003-03-07,-0.286279557673958,0.44746736848798624,0.9981308581677352
2003-03-14,0.41190848698033805,0.40323809233923424,0.5556483007639849
2003-03-21,2.53063376643544,0.004079940400179851,1.3280258722921363
2003-03-28,-1.0147027429310198,-0.18481113537913219,1.560421378855166
2003-04-04,0.7233814818336195,0.016264231374066122,1.779935862641621
2003-04-11,-0.23762511782949197,-0.8328682946730318,1.3992491562627545
2003-04-18,1.0642005981391318,-1.3912742673719367,0.907933627335442
2003-04-25,0.303551640001647,-1.503260580530819,1.2671448708235031
2003-05-02,1.1888464055039207,-1.5390766540158956,1.4394520539704825
2003-05-09,0.1910696958490749,-1.6756109271040265,0.6009749446349542
2003-05-16,0.48380233251276644,-1.9163199107581157,-0.36572920686643723
2003-05-23,-0.29554301288118134,-1.7828748744558072,-1.10645018595938
2003-05-30,1.1132804244664989,-1.7223199183233844,-0.6597250947920114
2003-06-06,0.8420832573089434,-1.3842747696539748,-0.310806301641641
2003-06-13,0.04038801073698025,-1.4438948822916706,-0.7806222781004694
2003-06-20,0.23277157345857993,-1.6363705716471948,0.15314942998609452
2003-06-27,-0.6443023552591358,-1.5774146729138974,0.25860599875521584
2003-07-04,0.3214227304436162,-1.4823110077175385,1.2132923388051562
2003-07-11,0.38459873166762903,-1.5549780112269245,1.2917324622395416
2003-07-18,-0.30343244357129523,-1.4026147273583902,1.9583836904006842
2003-07-25,0.09023648125125615,-1.549544383541687,2.9412762770861045
2003-08-01,-0.8094879004873615,-1.053371523794008,2.184392239307506
2003-08-08,-0.15929198910717574,-1.1980091674499185,1.8559760952538658
2003-08-15,0.47934867831802686,-1.357301326348537,2.4466158495483437
2003-08-22,0.05466239227952932,-1.2604853497184698,1.4243477073727362
2003-08-29,0.5273734504276771,-1.1990455551913521,1.3199253066984502
2003-09-05,0.4316197409647298,-1.230106306230768,1.8641313359573166
2003-09-12,-0.21567193553454253,-1.1107195501701133,1.7100438864934508
2003-09-19,0.5659029821193933,-1.2710035527083225,0.9986525192549968
2003-09-26,-1.7697408703579698,-0.45338474098153186,0.8211066116655884
2003-10-03,1.1688844686882573,-0.9177844907588658,1.4106050030217225
2003-10-10,0.16270048902778905,-1.0872447454776726,1.7644273726271351
2003-10-17,-0.0864457482518996,-1.21063997628255,1.034591866299219
2003-10-24,-0.579788757884817,-1.1485468445334006,0.8402826964039968
2003-10-31,0.8172490945549468,-1.4040996451556795,0.8123798959885056
2003-11-07,-0.034527846494680416,-1.1955848120951535,0.5694692850787433
2003-11-14,-0.25003103202618115,-1.1475354759335235,0.2149487948015762
2003-11-21,-0.7546419155707954,-0.7344736297723313,-0.2053251932363807
2003-11-28,0.8869840108191261,-1.19605084813912,-0.39689156835639783
2003-12-05,0.00920139219230964,-1.010297456786,-0.008960316456696201
2003-12-12,0.38493804455210734,-1.0975651250169278,0.3765059717857018
2003-12-19,0.45290688315137223,-1.0540370335179248,-0.16574938796241165
2003-12-26,0.10932430556760822,-0.8250288492042175,-0.06165558300395156
2004-01-02,0.3699803793673368,-0.6511889343785116,0.45282400483958535
2004-01-09,0.4082016198612458,-0.902629090572085,0.38593059049723266
2004-01-16,0.5694108631793006,-1.1907952033135165,-0.14727277547315532
2004-01-23,-0.20898362130613551,-1.1903509939540522,0.07896924740051614
2004-01-30,-0.7760515125509121,-0.8130153737206983,-0.2832155329644361
2004-02-06,0.22592564787842112,-0.9347039381758439,-0.1066770006850009
2004-02-13,-0.18978874047134198,-1.0215489853917226,-0.10901384257233145
2004-02-20,-0.4020455971367183,-0.8968750111851373,-0.11858563211462975
2004-02-27,-0.29051534786910965,-1.2504879180928563,-0.25878337678360697
2004-03-05,0.22314053986499297,-1.2893405081791338,-0.5683809511798541
2004-03-12,-2.034658998706945,-0.1694519767524559,-0.8294211576388146
2004-03-19,-0.8623162868296531,0.17743836619267472,-0.8169572016725901
2004-03-26,-0.42462303136777696,-0.4451357094531636,-0.6798374749224118
2004-04-02,1.6373411121044186,-1.248454403767724,-0.4823940523910441
2004-04-09,-0.490750975629727,-0.9538542658298809,-0.23700873745826553
2004-04-16,-0.5911662694779303,-1.6114236700743254,-0.1850767551938231
2004-04-23,0.04629038683918407,-2.0115259366164664,-1.0691177442048188
2004-04-30,-2.211135887390263,-0.28401164978203675,-0.8634308194103192
2004-05-07,-0.7289741289518645,0.24895180871803407,-1.2582700263979323
2004-05-14,-0.37367561651240544,0.43600645107717406,-0.994632907454465
2004-05-21,-0.33713581534590353,0.45643680412699705,-1.3179005764190077
2004-05-28,1.480073886960005,-1.1572068974097895,-1.6094078870705506
2004-06-04,-0.05866597172322356,-0.4182398783469472,-1.855640258970658
2004-06-11,0.6764564422091585,-1.3791912257246326,-2.3439098697892877
2004-06-18,-0.265069214568813,-1.3507903540283572,-2.7025858419782907
2004-06-25,-0.24387036925357525,-1.1871748274385345,-2.4702888763703537
2004-07-02,-0.7529252517050556,-1.2040637921429052,-2.1987448543559576
2004-07-09,-0.9464146649344952,-0.7684789687752798,-2.0611874427673658
2004-07-16,-0.8692840315214685,-1.5333569970710155,-2.3766867507496903
2004-07-23,-1.083235776592444,-0.28170474327405076,-2.5770719192443687
2004-07-30,0.8454512663251789,-0.9355187416324482,-2.1582336708245147
2004-08-06,-2.4298948612582474,1.4747187838694946,-1.9536690134801336
2004-08-13,-0.04071804724990474,0.6638934318840046,-2.230003930512102
2004-08-20,1.878393937791293,-0.5013109990665494,-1.980184960874177
2004-08-27,0.43660487912216656,-1.2333322510655902,-1.9851621736959544
2004-09-03,0.2357341104714509,-1.634023397503489,-2.112592612372963
2004-09-10,0.4759638721601071,-1.6445796538399613,-2.0075370616739243
2004-09-17,0.16256590973175664,-1.4223688929669356,-2.1720573078313095
2004-09-24,-1.2944755504447565,-1.3212920327364324,-2.6376278899394503
2004-10-01,1.2447916335399851,-2.1936396603275012,-1.9643528136112944
2004-10-08,-0.7043450321937675,-0.7110735652502512,-2.0061401239159427
2004-10-15,-0.977232691742032,-0.6884845462602068,-1.903940387139984
2004-10-22,-0.8893168939517351,-0.5080993812716064,-2.0784636624965844
2004-10-29,2.050854369358813,0.1319616546945125,-1.8507693713496083
2004-11-05,1.9580400917370966,-1.3827658619271062,-1.9896814241115248
2004-11-12,0.8617680568861178,-1.6251273281828087,-2.073780290498775
2004-11-19,-0.9376571411381367,-1.4755304722206475,-2.1876209271145144
2004-11-26,0.5611937433453744,-1.825716062353139,-2.1508365834421963
2004-12-03,0.33412137143715454,-1.6327456018212199,-1.728311105953801
2004-12-10,-0.310914917497508,-1.6655648640990721,-1.9436140900269576
2004-12-17,0.23271558816641155,-2.006642513676015,-1.9114780511339384
2004-12-24,0.7669032660641912,-2.2480042616640667,-1.7441336736264774
2004-12-31,-0.016127514755565484,-1.1010642831412027,-1.783451605303935
2005-01-07,-1.501971066574187,-0.9552368156455219,-1.862865644570298
2005-01-14,-0.1445990733600666,-1.4706603198808794,-1.9908404695156046
2005-01-21,-0.9729788493613907,-0.44116374583597806,-1.869194164817682
2005-01-28,0.15472161706726573,-0.9957012189560313,-1.9669499404847692
2005-02-04,1.677152853609719,-1.944249718599833,-2.091391347865476
2005-02-11,0.05952855091355201,-1.7382470152615614,-2.05911452843839
2005-02-18,-0.2627184690247899,-1.76314657918153,-1.8369511252567083
2005-02-25,0.45729601476633636,-1.548393779586421,-1.9266942929864892
2005-03-04,0.50721478971223,-1.293394986266146,-1.7950479167863396
2005-03-11,-1.312271228312795,-0.8665000856509533,-1.5609495136039233
2005-03-18,-0.6773713555628824,-0.6809484275668842,-1.5738416204996184
2005-03-25,-1.098120858484487,-0.5157241470821871,-1.6436323053449906
2005-04-01,0.05271241060720457,-0.16858883415682532,-1.5985104193813748
2005-04-08,0.4374898782426858,-0.867049148936644,-1.504169016840126
2005-04-15,-2.1900507836887573,1.617325291056136,-1.4560078656135322
2005-04-22,0.5302668080340971,0.456799241628374,-1.5762836105432392
2005-04-29,0.22200598993851564,0.447540659865337,-1.6914712728664685
2005-05-06,0.763713181308063,-0.13979731244334945,-1.625525997654782
2005-05-13,-1.0686246041856282,1.0773756740792229,-1.645457360555411
2005-05-20,1.8494037892649764,-0.577189585519629,-1.7203363965343834
2005-05-27,0.4419135273270712,-1.0840128524952455,-1.6571164881963205
2005-06-03,-0.23374462897559406,-1.0463588406706947,-1.6547320398718064
2005-06-10,0.04868325164061289,-1.1089943675721314,-1.7244445785960203
2005-06-17,0.9431643263627512,-1.3177412406067943,-1.5965919389465368
2005-06-24,-1.42629201788641,-0.9020337802288257,-1.611848241074384
2005-07-01,0.08187313276709557,-1.2718466985201442,-1.6103260193346514
2005-07-08,0.833621065636294,-1.1970179827494427,-1.4975291873244458
2005-07-15,0.7196296300441521,-1.7052434990527137,-1.4636102423874433
2005-07-22,0.14656841791558123,-1.5445976061318867,-1.4291833348434997
2005-07-29,-0.11747473084770442,-0.9618063355287356,-1.4788951853336958
2005-08-05,-0.6340104482392992,-0.4664083360672945,-1.3738401011604784
2005-08-12,0.0317144012234804,-0.27994057118921645,-1.5271667836771026
2005-08-19,-0.7795434062770819,0.1788415922859641,-1.499541237617554
2005-08-26,-0.9853415203089884,0.3866755853080289,-1.53449440621669
2005-09-02,0.6422507788844563,0.2944331083847324,-1.198554448989983
2005-09-09,1.2180572400824599,-0.7107951034806717,-1.2080217824044865
2005-09-16,-0.33029520343040564,-1.1551676996358275,-1.1077050761299725
2005-09-23,-1.4257144485346231,-0.02684814690486376,-1.200732070371429
2005-09-30,0.6766179223375118,-0.6826578586943934,-1.3237846065916088
2005-10-07,-1.9563605059329083,1.0403281282107613,-1.265370030225399
2005-10-14,-0.6338508591483025,1.2263887184044424,-1.1411156634247825
2005-10-21,-0.5097301270864256,1.9931908847650703,-1.2060274202013936
2005-10-28,1.0583371526474705,0.8563574377968317,-1.1551658540632952
2005-11-04,1.2724983365601619,0.15327643037082495,-1.1019609773112182
2005-11-11,0.8280845677859637,-0.8383337992715192,-1.2830699984799065
2005-11-18,0.7260031252963471,-1.1304600754828833,-1.2733737869770168
2005-11-25,1.083098810989634,-1.2430393601350036,-1.2370160506197168
2005-12-02,-0.2730597378598202,-1.1216062897686168,-1.2443962314624024
2005-12-09,-0.4207591700012999,-0.6760026981431722,-1.158144355559255
2005-12-16,0.3836053196814117,-1.2777014280438121,-1.2227687947076782
2005-12-23,0.011154212844632336,-1.499116754243863,-1.4221621335891335
2005-12-30,-1.2388881219914722,-0.3843142619825625,-1.497156512258423
2006-01-06,2.023222998936796,-1.0011534483032047,-1.3389159091480858
2006-01-13,0.005401276690243461,-0.8418111660270353,-1.3082966916240244
2006-01-20,-1.5812830296721794,1.1581999476924199,-1.3552194201665404
2006-01-27,1.116111367530398,-0.3827437362455164,-1.2868735299620473
2006-02-03,-1.1871930326567872,0.19289436997671577,-1.4665926969130885
2006-02-10,0.09977272046533542,0.12237545009804136,-1.5986225742024618
2006-02-17,1.0408454438770105,-0.41271458527276683,-1.6262818991517174
2006-02-24,0.0358232321132041,-0.7486402748703188,-1.7146545883015443
2006-03-03,-0.19477174191022492,-0.4431157356753724,-1.3615861719728597
2006-03-10,-0.4238227833965765,-0.49801115335705076,-0.9436806388468333
2006-03-17,1.3132294622022325,-0.3212271439624797,-0.8808264919193118
2006-03-24,-0.3921566192088319,-0.8579749152812571,-1.202346224853898
2006-03-31,-0.5942888793521924,-0.7073196576889758,-0.7748687770336247
2006-04-07,-0.09449422004183647,-0.1733559315293235,-0.5618977974873491
2006-04-14,-0.5685589082045223,-0.04200605371907316,-0.48577262562019474
2006-04-21,1.1282533551596337,-0.5508446828533403,-0.34459066165202035
2006-04-28,-0.22555992048463736,-0.521972139041037,0.22166529767401486
2006-05-05,0.7068167447789745,-0.47227375388851356,0.15241271436401171
2006-05-12,-2.148332408043255,1.6010069253930048,0.2035838903451906
2006-05-19,-1.5493549241601328,3.4671591401150654,-0.3719153921792646
2006-05-26,0.6942586951841443,1.3443397697021373,-0.26769059074153123
2006-06-02,0.37183415044633183,1.3329354128273676,-0.3828659708712341
2006-06-09,-2.130398574460507,3.3827960572098053,-1.1819057696357582
2006-06-16,-0.08479132069567301,2.6065129586784734,-1.150147211414955
2006-06-23,-0.4908222256901091,1.749255319940442,-1.191044474700137
2006-06-30,1.429474486603422,0.20589162814156622,-0.916555406679016
2006-07-07,-0.3410863896764412,0.6652735834123943,-1.0488120216575
2006-07-14,-1.7240303747429455,2.652683430866885,-0.8530368801882873
2006-07-21,0.23453563412584932,2.173747969936928,-0.9960678561028234
2006-07-28,2.0803972098411916,0.6204695824537028,-0.5242028490227537
2006-08-04,-0.012597295861274576,0.6059437440314278,-0.6772683918685315
2006-08-11,-0.7315896989042936,0.5695037165403107,-0.5562724191319944
2006-08-18,1.7931337183599476,-0.7279448604454534,-0.8989240670248397
2006-08-25,-0.4735262564598866,-0.38403450569619213,-1.227334423502263
2006-09-01,0.736389171714857,-0.5399533065050722,-0.9202700319612191
2006-09-08,-0.6976413007473857,0.03886580820925719,-0.6985197966328685
2006-09-15,0.9964437805188474,-0.6590721167069513,-1.1893812671716335
2006-09-22,-0.36195811856024757,-0.24458873909496448,-1.1597570494101284
2006-09-29,0.9860665478576596,-0.5471028056652406,-1.118003512319363
2006-10-06,0.5665912496692181,-0.7263035321323282,-0.7585177059303714
2006-10-13,0.6530319802808054,-1.0842210654269329,-0.9551142926917263
2006-10-20,-0.04883699427742737,-1.1053924436855112,-1.1486632727553256
2006-10-27,0.26779150896419074,-0.9825968355826203,-1.117331660216643
2006-11-03,-0.8506830658170148,-0.7798724448955315,-1.328821511431079
2006-11-10,0.7251861740938941,-0.9490377289873742,-1.7378734099204844
2006-11-17,0.8987044780802282,-1.2887793930380447,-1.7688794282744953
2006-11-24,-0.1534673496309481,-0.9554858199717496,-2.008534161265517
2006-12-01,-0.3618830013262398,-0.5120707023847187,-0.9243902850555873
2006-12-08,0.5267151448807016,-0.3161866185152538,-1.2297395679445984
2006-12-15,0.7208802253904387,-1.2878038449164477,-1.2942350769485054
2006-12-22,-0.9794559776453071,-0.6690725571352197,-0.6863215402288456
2006-12-29,0.2114163935119762,-0.5651066206098502,-1.0057018893260867
2007-01-05,-0.5990281186963253,-0.2942428729007154,-0.9699892105606501
2007-01-12,0.9656974069572888,-1.249477832127112,-0.9355923759071613
2007-01-19,-0.20076922182852938,-1.0847606734313255,-1.3353840353081754
2007-01-26,-0.6137093062716446,-0.720046682224974,-0.8569778559226957
2007-02-02,1.2348946796236182,-1.1835912391962264,-0.8384680258488544
2007-02-09,-0.7529857706323808,-0.6787861508955486,-1.0473508873239887
2007-02-16,0.7669149511860494,-1.1574401423603156,-1.147978294146521
2007-02-23,-0.4148226107964381,-0.8826429744299151,-1.1584760607357683
2007-03-02,-3.2582897392760994,2.6000576032270715,-0.06581435875321867
2007-03-09,0.6625455365768379,0.6226309064664576,-0.3787093532186696
2007-03-16,-0.8821228329931973,1.6992127610588135,0.07699695074999373
2007-03-23,2.206737021113971,0.07514514083874169,0.6158964083150951
2007-03-30,-0.8309828250493808,0.7586241199614135,1.1560806470838987
2007-04-06,0.9194370563575174,0.15854646731190994,0.5172753792912422
2007-04-13,0.2633551326129024,-0.27271497656935084,0.4328766512349923
2007-04-20,1.2545375864354738,-0.3317646618522478,0.9217095089982471
2007-04-27,0.2636091425879213,-0.17928305814446235,1.0300278824765496
2007-05-04,0.34641879433399064,0.004311562470902425,0.2244183693746365
2007-05-11,-0.19186349613076584,0.031413693694533146,0.16221885877559422
2007-05-18,0.5323107969904212,-0.013597679883553773,0.6710511040232936
2007-05-25,-0.5489222000607907,0.24978446261454967,1.0642459604425631
2007-06-01,0.7026538725417963,0.01609419309091803,0.6298937915693371
2007-06-08,-1.5949404085918424,1.0051596299221672,2.6371460603287713
2007-06-15,0.897680815524356,0.6430795898178822,2.438284841237787
2007-06-22,-1.6316945731287482,1.5273137434007198,3.501420495896106
2007-06-29,-0.19007368735992955,1.6827372414707202,2.5015815416602694
2007-07-06,0.9869032232284459,0.9559769662354403,2.715868583681527
2007-07-13,0.7121026455391695,1.2482191572331873,2.218898430053151
2007-07-20,-1.133412571226751,2.1668125448764957,2.0809105229267475
2007-07-27,-3.396105550351604,4.4526391264681395,2.5789517788576917
2007-08-03,-1.271942675788481,3.9582335149233994,2.4658268638527887
2007-08-10,0.7356465294979749,4.029378948730871,2.9359175300329405
2007-08-17,-0.47499443984566764,3.7341608019229704,3.5942963207499923
2007-08-24,1.297358821778895,1.5428889379749116,2.2176945229605374
2007-08-31,-0.37778776249105567,2.0052126599098643,2.41537855502594
2007-09-07,-1.0278699702727814,2.409769180940928,2.7054872353799353
2007-09-14,1.1803940456172104,2.013183335862457,2.190254086875775
2007-09-21,1.5301558044000827,0.8374875302864504,2.783037438316052
2007-09-28,-0.11923386030237554,0.6217522940859201,2.7078607077264203
2007-10-05,1.0645548502795639,0.39309377507913207,2.2870127522666714
2007-10-12,0.007305011456329113,0.5272412043601101,1.7369941838174476
2007-10-19,-2.427323135733459,1.4715896646448337,2.194777655575574
2007-10-26,1.190181461992871,0.791809724062133,2.165606649046317
2007-11-02,-1.070144060452741,1.3886267958093736,2.0680263824568788
2007-11-09,-2.1142129058202994,2.254633350740465,2.478942902134218
2007-11-16,0.14737767253134582,1.6329977932308595,2.3359992474857445
2007-11-23,-0.7084489629788183,1.5784288478472166,2.5390948997289944
2007-11-30,1.4201331682077414,1.0585559205840478,2.323504710465512
2007-12-07,0.7724904767723546,0.679591994046803,2.3591459296699604
2007-12-14,-1.3252000786468923,1.0602266499352424,2.021736893597573
2007-12-21,0.5363428059956953,0.19968269821291737,2.0622015262642575
2007-12-28,-0.2537696094487196,0.5732989012848566,1.9464332272555664
2008-01-04,-2.3035540185154275,1.0985464014755744,2.203398965306054
2008-01-11,-0.35674439446363376,1.014470512078414,2.2741492179597897
2008-01-18,-2.527657640195723,1.571873046630282,2.286705390598223
2008-01-25,0.2501058712304973,1.8157843439201893,2.309259886894761
2008-02-01,2.162134209404252,0.8996289119762181,2.4567787865067388
2008-02-08,-1.962228197178184,1.541161154260497,2.6179419486977356
2008-02-15,0.662409559236466,0.980538726770931,2.662803182679723
2008-02-22,0.1571844937192239,0.7776741840419673,2.3990906095957736
2008-02-29,-0.7083223188491091,1.1871756986936788,2.3483336537137607
2008-03-07,-1.1783806454595915,1.3043852861924345,2.4220288973721993
2008-03-14,-0.11569779248617085,1.8535464449618155,2.1712379352284983
2008-03-21,1.4617542299122914,1.0256455150808652,1.721456722403725
2008-03-28,-0.41167375532283035,0.8329355297654671,1.712752023703552
2008-04-04,1.8084903360856321,0.23270440911391557,1.4448612498165292
2008-04-11,-1.11002647414554,0.38426940765844425,1.473899213186459
2008-04-18,1.803383369805093,-0.26327012039569353,1.194515444479647
2008-04-25,0.27651819693030916,-0.4027331637286888,0.9864423289494936
2008-05-02,0.5231989494578758,-0.7142751008122687,0.8748188062109951
2008-05-09,-0.6893423739649177,-0.5083827410693595,0.9948997328759972
2008-05-16,1.1272030117854681,-1.153034561964738,0.7419908901153787
2008-05-23,-1.3395883200787257,-0.547506055743154,0.7273043561721086
2008-05-30,0.775549098951271,-0.9727338494004558,0.7134391611613682
2008-06-06,-1.0638416480151234,0.28052957690888475,0.9128635942656124
2008-06-13,0.07280894001116911,-0.3012947855918141,0.3430833814956356
2008-06-20,-1.1454300597408855,0.06191618324160128,0.4189638812335405
2008-06-27,-1.0708522038825738,0.1719960128384001,0.4955042311462467
2008-07-04,-0.33420483730433337,0.47939308169026384,0.6635609962720692
2008-07-11,-0.5672583172423129,1.161291354720647,0.4872112677336068
2008-07-18,0.8128791202199842,0.2017489795633766,0.6090201435071048
2008-07-25,0.021699933816604504,-0.10821291191876281,0.5408438864372128
2008-08-01,0.1831008395948156,-0.18929041286732634,0.5716434084851085
2008-08-08,1.2241173407146755,-0.6909019323494386,0.4802716474240772
2008-08-15,0.14193058773672948,-0.9683581743118452,0.47274251689265673
2008-08-22,-0.08268649222358632,-1.1705151925705164,0.4644204639487158
2008-08-29,-0.18745944477958523,-0.6220476983606847,0.4795361124933016
2008-09-05,-1.169450886278146,0.08933585880657424,0.3555802817591168
2008-09-12,0.43790130678615463,0.8375050404840715,0.5189860540010757
2008-09-19,0.26543909721776576,2.483005466502095,0.7659461562892723
2008-09-26,-1.1949487346350782,2.906406503912875,1.043672824677074
2008-10-03,-3.3261964378554922,4.376399999634811,1.7557179698928689
2008-10-10,-4.933269306476025,5.657952391514446,2.316009070252254
2008-10-17,1.379561036366559,4.387734050186399,2.3850296788679755
2008-10-24,-1.4964314369343477,4.169234288054595,1.924953289952392
2008-10-31,2.5441386510205013,2.4221177054696357,2.4889891778252053
2008-11-07,-0.7322360839133608,2.010984844692805,2.4605571500321513
2008-11-14,-1.2514351860150417,2.515037245222764,2.3253243170814932
2008-11-21,-1.7122062769578008,2.6704377876654437,1.3046712956660076
2008-11-28,2.592363230879821,1.5135041737087447,0.820332114193708
2008-12-05,-0.2606215200320387,1.705799595075499,0.3015573599586114
2008-12-12,0.29551765468535446,1.3140360734912617,0.4830489804665506
2008-12-19,0.402987059165793,0.7371291502755255,-0.7304028661363449
2008-12-26,-0.14751663096198303,0.6212473865682469,-1.1071373744938764
2009-01-02,1.5207396261744694,0.35877750513633117,-0.24750090223162713
2009-01-09,-0.7577553460475803,0.5503946710006942,0.020633422432493626
2009-01-16,-0.7791773812250881,0.7194985419457991,-0.1491214473303124
2009-01-23,-0.2598789686944723,0.7630170247234901,0.4012694610039667
2009-01-30,0.05791551144305103,0.598180192679267,0.710041745388938
2009-02-06,1.2179230672611856,0.49491669841029595,1.0709381516195815
2009-02-13,-0.8235777261776768,0.44986318252746177,0.6462990679572231
2009-02-20,-1.2284994950815942,0.7908831333852996,0.34692325958203485
2009-02-27,-0.7104019476648447,0.596882823652446,0.9306706385919867
2009-03-06,-1.212942040518365,0.7432497789924084,0.6433554212209884
2009-03-13,2.1342963887998825,0.32726258136460507,0.6184877632500685
2009-03-20,0.5026464329993433,0.5105450706793353,0.16913388535849952
2009-03-27,1.2986454445369464,0.21334727831076267,0.5225147444701224
2009-04-03,0.7808908261529264,0.11699735808559807,0.711887401364908
2009-04-10,0.4722085424253622,-0.08403640328079717,0.8390697150841113
2009-04-17,0.45811918552292147,-0.25517830389999935,0.782730948120306
2009-04-24,0.10104855212695829,-0.10451040638181522,0.8951279962441855
2009-05-01,0.42012524363439574,-0.21937419468365382,1.553139918685217
2009-05-08,1.2159552129354312,-0.4388399140578201,1.483455659545187
2009-05-15,-0.7835023468984343,-0.3996664223420718,1.3421930826784663
2009-05-22,0.24504749621656272,-0.452828111616726,1.9826274045917662
2009-05-29,0.8138590014358944,-0.7148416653991353,1.9258659455155818
2009-06-05,0.5514104918612044,-0.6814854016131939,1.7501616177299217
2009-06-12,0.2503253239481948,-0.7936506887974405,1.6578802517420579
2009-06-19,-0.36960401578398516,-0.8160380061399525,1.6653028147154787
2009-06-26,0.07114174773135895,-0.9595003925055906,1.306616144578154
2009-07-03,-0.3384275222602716,-0.8319619728111849,1.5239481006969575
2009-07-10,-0.23960710656308162,-0.7634825545942704,1.1734782613562542
2009-07-17,1.3369269284297127,-1.078417831704209,1.712599404712252
2009-07-24,0.824612613510071,-1.1629049513820433,1.6402269882944591
2009-07-31,0.23732773550328243,-0.9818780454575191,0.9455475359335211
2009-08-07,0.5063371881789127,-1.0724994040890345,1.356685343171983
2009-08-14,-0.025550926547440008,-1.120829005340769,1.0873630837643373
2009-08-21,0.4749478177393359,-1.0900576288500992,0.9240400008189367
2009-08-28,0.1265263718758147,-1.1206919617004596,0.9439542837095405
2009-09-04,-0.15278919539732483,-1.0926164548732091,1.0734632377121216
2009-09-11,0.5282904866822415,-1.1655457860568847,0.8493545344475427
2009-09-18,0.4951183342956688,-1.1591873071915377,0.8725568476536296
2009-09-25,-0.3587465706783578,-1.021185775067606,0.5583783539821756
2009-10-02,-0.3215163424881862,-0.7851037604021993,0.5392848230800378
2009-10-09,0.8910873457372468,-1.1359987041335915,0.7014790386934481
2009-10-16,0.26864318324711434,-1.2303368894108706,0.806503000667298
2009-10-23,-0.25888114194942696,-1.1833139497675262,0.8142905731013884
2009-10-30,-0.9946409993849326,-0.48929881571688194,0.9223117935049963
2009-11-06,0.6796408524716978,-0.9835617136447566,1.3794742642279523
2009-11-13,0.4359042842493393,-1.0402139311759364,1.169765254979483
2009-11-20,-0.20088175847685158,-1.1760079747908876,1.128856110343279
2009-11-27,-0.1018089857584904,-0.9023864369121879,0.8747241176587045
2009-12-04,0.24141300142266645,-1.2504990091673915,1.134269826979461
2009-12-11,-0.11145480197477778,-1.1941307696884245,1.3017706994915534
2009-12-18,-0.21426064885757143,-1.14214246834075,1.3114316687204235
2009-12-25,0.46177469245800407,-1.3361632292166226,1.5826297789325414
2010-01-01,-0.38818826872120693,-1.047885018364001,1.22335484522148
2010-01-08,0.6262950090822962,-1.3871680751795197,1.6816561343439682
2010-01-15,-0.39727322132777076,-1.3669866079809974,1.4650697147772629
2010-01-22,-1.316411329491397,-0.27779911690711256,1.32580478549944
2010-01-29,-0.6297395985780002,-0.5625827465727972,1.377196075164317
2010-02-05,-0.33008788057741056,-0.35342683492781257,1.3550198849711523
2010-02-12,0.11105872013987844,-0.7416949416463606,1.4088080104048606
2010-02-19,0.7627625938164371,-1.0791986133362699,1.3117020166152216
2010-02-26,-0.39769980413271766,-1.1374959687161292,1.1655677542228715
2010-03-05,0.7324989287423042,-1.4653747424244548,1.0657038037422202
2010-03-12,0.07232394750139916,-1.4229651344496128,0.8952119669482632
2010-03-19,0.02655830611415916,-1.5583367794793064,0.6519626328558946
2010-03-26,-0.04692743067696725,-1.41668124701295,1.2264945735924975
2010-04-02,0.1422746315279937,-1.469804759861759,1.3519449580074128
2010-04-09,0.30939221519128696,-1.6941142996733352,1.2065783496175744
2010-04-16,-0.33571571331895694,-1.21464320554614,1.164590597921527
2010-04-23,0.604644690847939,-1.5613264907455762,0.7894845588103593
2010-04-30,-1.2969723719904622,-0.36401724513747025,0.6458195794652277
2010-05-07,-2.779639112946525,3.523546716296678,0.018847026438551316
2010-05-14,0.7216035762217099,1.5546301264674303,0.1646896215080436
2010-05-21,-1.8992790222998266,3.130984093501813,-1.1646072621953616
2010-05-28,-0.06921161832917637,1.5419007749158975,-0.4633911001156337
2010-06-04,-1.027454433884961,2.0973579446200126,-0.9012096991732077
2010-06-11,0.8924444746329614,0.8608841894198633,-0.8336643555566261
2010-06-18,0.8060903139334887,-0.015000974960256597,-0.7629835509920361
2010-06-25,-1.5995614805363423,0.8178494319803312,-0.9652695801383303
2010-07-02,-2.0851796790051487,1.0947360470501448,-1.548754218635097
2010-07-09,1.8288516994931354,0.1719720138802557,-1.1213226035434498
2010-07-16,-0.5787037855653214,0.39822969157852467,-1.6058402034688943
2010-07-23,1.2995091749372014,-0.11376273305695128,-1.1377760116028262
2010-07-30,-0.12230092704068747,-0.09980426490423783,-1.3183386339935104
2010-08-06,0.6411445915619641,-0.4121678878112598,-1.4443156511546074
2010-08-13,-1.5597022487151475,0.40652663333554806,-2.536684991908551
2010-08-20,-0.3090003614084062,0.2672361035066147,-2.4259357721123833
2010-08-27,-0.28667180158601013,0.07775198147228342,-2.409081950841596
2010-09-03,1.3600945374908096,-0.4829346589409913,-1.8227412421015785
2010-09-10,0.13081638894430875,-0.3505075933460425,-1.6225389430149506
2010-09-17,0.5227538465335592,-0.3397489397275736,-1.3941148457798962
2010-09-24,0.7256585738318745,-0.3806451346407397,-1.7954802701975643
2010-10-01,-0.16857627961209012,-0.21646875072052058,-1.9403531143741977
2010-10-08,0.5978575042555639,-0.535480601031065,-2.0840996636599494
2010-10-15,0.32184953688541224,-0.8305385467122934,-1.3698428873372546
2010-10-22,0.1658746628769536,-0.8579961736413414,-1.2506663234213888
2010-10-29,-0.10064915061039027,-0.39280430347804907,-1.0199819720481886
2010-11-05,1.3669851418973065,-0.9053098421150496,-1.324695492542824
2010-11-12,-0.9886702321788999,-0.46585515456160353,-1.0872453474406312
2010-11-19,-0.057747073622272875,-0.9118624429613806,-0.6358181657063818
2010-11-26,-0.42813842038262473,-0.1482675466860422,-0.6206577195945534
2010-12-03,1.1227731608863039,-0.8916457679433691,0.08692658825863088
2010-12-10,0.4324351656291147,-0.9418248748473812,0.6368504635379458
2010-12-17,0.02072527678709455,-1.1737947000816444,0.7943046850085269
2010-12-24,0.33781630830794285,-1.0909983077565735,0.8840784613974108
2010-12-31,-0.06712173793988409,-0.8491037800657687,0.6897353734244983
2011-01-07,0.373536928741128,-0.9485198890464555,0.9069329337409772
2011-01-14,0.6027175185503288,-1.2197266177349946,0.994661293119111
2011-01-21,-0.4631736734364969,-0.6774116564722792,1.1891951059795907
2011-01-28,-0.3800030159072819,-0.39336352081107406,1.227163638122683
2011-02-04,0.97393248226621,-1.056191327556093,1.5636304446400897
2011-02-11,0.41850359243545643,-1.0619122886659254,1.1007470340402776
2011-02-18,0.2901692104795817,-0.9190569690433479,1.1839134544052181
2011-02-25,-0.8952595020873622,-0.4523377150969637,0.7597386979406239
2011-03-04,-0.08274723929501766,-0.48590719367527846,1.194963800587837
2011-03-11,-0.664135681959083,-0.32462980556511334,0.9921430457023284
2011-03-18,-0.918684758989531,0.3864252587288119,0.6341294586951713
2011-03-25,1.0414458782376386,-0.7184011268473252,0.6528857552920905
2011-04-01,0.4986815089620419,-0.8042871463307343,0.6369526564166665
2011-04-08,-0.22332226446352027,-0.7341203382278112,1.0575982374089024
2011-04-15,-0.3569907736216909,-1.1471351934911276,0.9069970331098671
2011-04-22,0.4932449002403585,-1.2384390087980919,0.9901051312979078
2011-04-29,0.723765076292887,-1.1878054236370077,0.866868556509446
2011-05-06,-0.9863781979816122,-0.5718900242941192,0.4926116520385784
2011-05-13,-0.2356617211801857,-0.7863730543144283,0.45502217337132833
2011-05-20,-0.3633632475918133,-0.7319494126534991,0.4001624430573507
2011-05-27,-0.2732958890249984,-1.0315849282829996,0.3550272053393309
2011-06-03,-1.36246813784857,-0.5751567119958565,0.2645137050563829
2011-06-10,-1.2693530529145758,-0.3046429873175686,0.298623743281318
2011-06-17,-0.1037811282486389,0.5291534488967891,0.21070203206972438
2011-06-24,-0.2892790910687556,0.3832375968620188,0.08142378703055667
2011-07-01,2.615303584947071,-1.16417922749288,0.8390824010422198
2011-07-08,-0.06571510704448859,-1.1040239439053665,0.45129087774930937
2011-07-15,-1.392436069362158,0.10862551235038168,0.18678603807419986
2011-07-22,1.0215675026056372,-0.5521228146303133,0.25655108872043436
2011-07-29,-2.3251526205475272,2.0932778812829986,-0.29003486420242724
2011-08-05,-3.5625410394649846,3.7178593711904577,-0.9479818418963447
2011-08-12,-0.9167887710689357,4.166684216528358,-1.9896764943899488
2011-08-19,-2.243817759858908,4.516043087733906,-2.552820647883024
2011-08-26,1.9583229377306848,2.7974229734279397,-2.0424480091050135
2011-09-02,-0.16177742468453793,2.318208234089558,-2.5318634630726
2011-09-09,-0.7955706318461877,2.801089451296897,-2.561197605051293
2011-09-16,2.172774444949046,1.5547998918526373,-1.9844530879102789
2011-09-23,-2.69373188078881,2.814534267877104,-2.722003015881431
2011-09-30,-0.16635436726908934,2.76198285336155,-2.3917292453947927
2011-10-07,0.8432396463810183,1.7902322952667673,-1.944534910500474
2011-10-14,2.1743100210334347,0.7695896869720147,-1.3898515603231214
2011-10-21,0.3873852382499376,1.1106579203649525,-1.4878878964113675
2011-10-28,1.3228333371889118,0.26704448240434525,-1.1002000621254524
2011-11-04,-0.9566706923102568,0.9257098245418005,-1.6529335706771453
2011-11-11,0.28014290272243525,0.8824402253751712,-1.6923976537844867
2011-11-18,-1.4447641616544267,1.0785677808072625,-1.8096685529453758
2011-11-25,-1.7037763074863286,1.3237774636503408,-1.793353063821556
2011-12-02,2.4198710219327504,0.48123120924074664,-1.4559190840556384
2011-12-09,0.29012850456072,0.3274931506944823,-1.280669628965589
2011-12-16,-0.9581359870476687,0.06087308868850234,-1.7366965210644876
2011-12-23,1.2215591709831304,-0.3778415680067571,-1.373145611273356
2011-12-30,-0.20424734656533883,-0.0693998747207713,-1.5516005725631188
2012-01-06,0.5274996665104701,-0.41546694215414887,-1.2932876788417236
2012-01-13,0.29527709355225357,-0.39786605871890923,-1.4111425911055038
2012-01-20,0.6553324753640267,-0.7206982388178911,-1.0587740364736211
2012-01-27,0.004277686559024219,-0.6849019714724052,-1.1909675714866341
2012-02-03,0.6994973202969983,-0.8654070984535274,-1.0853367212168779
2012-02-10,-0.0626733016986691,-0.4273618790025819,-1.1541912866739665
2012-02-17,0.450327300732162,-0.8066293939996598,-1.0475357822994986
2012-02-24,0.08878195373354912,-0.8576072135997663,-1.118356077334408
2012-03-02,0.07204330103811502,-0.8531208367568991,-0.9910546689244352
2012-03-09,-0.0017667807101200924,-0.8640475258421084,-0.9556700614164727
2012-03-16,0.7446361414083453,-1.149883613670885,-0.3896215748857251
2012-03-23,-0.2100269609888381,-1.092820962373173,-0.5042842615306231
2012-03-30,0.2376006153075936,-1.0023653184156216,-0.4280348188295501
2012-04-06,-0.2833948745791321,-0.8536345125173879,-0.7673232904928173
2012-04-13,-0.700267174599527,-0.5257459028841199,-0.737425627917093
2012-04-20,0.18302819971841916,-0.7919787159881913,-0.8372209800600868
2012-04-27,0.5829890452165063,-0.9354079690326494,-0.808432630379643
2012-05-04,-0.8437811533848505,-0.5912756734659953,-0.9401368805835009
2012-05-11,-0.3944728395755908,-0.5110528534994806,-1.100968053657883
2012-05-18,-1.424821803644782,0.11107713562330923,-1.5610324913900502
2012-05-25,0.5726811171143631,-0.31829648864314647,-1.3502883389999647
2012-06-01,-0.9887846943009698,0.2734578296099532,-1.9443362044895842
2012-06-08,1.157018196164804,-0.41462719041713475,-1.4688164948387927
2012-06-15,0.38195286552338287,-0.4276374182150979,-1.6055260278294625
2012-06-22,-0.22031527824847982,-0.7940461807504919,-1.3623998490992308
2012-06-29,0.6566379751660716,-0.9286523375372103,-1.496303906456701
2012-07-06,-0.1876541796786478,-0.9315581190521249,-1.6349302692114647
2012-07-13,0.03211195530859371,-0.9648411301529142,-1.747518444086185
2012-07-20,0.13633669780603289,-1.0177400209381928,-1.7881055075214354
2012-07-27,0.5308369077712066,-0.9353337934195992,-1.5711326065787627
2012-08-03,0.027943039280449947,-1.0261855658439825,-1.4375754957006124
2012-08-10,0.2660947543564214,-1.099041157265637,-1.3029694405206393
2012-08-17,0.1608028566973189,-1.2472769897419613,-0.628185787518696
2012-08-24,-0.33014426381090906,-0.9868188630826064,-1.1461529347258923
2012-08-31,-0.26160349989290155,-0.6509781816822044,-1.3241189137419376
2012-09-07,0.6958508101198148,-1.0504532752454927,-0.9625344867408614
2012-09-14,0.6291574006119688,-0.9943343647464086,-0.05960370443446249
2012-09-21,-0.38205258913697354,-1.0730881459264,-0.564449009636988
2012-09-28,-0.7936604809361989,-0.8181426262059958,-0.9093222095719565
2012-10-05,0.4164895055849598,-1.0615673674404174,-0.6042843235457462
2012-10-12,-1.1684016547666194,-0.6924592137004687,-0.8535421333288405
2012-10-19,0.018609142762364885,-0.4876280381325883,-0.4903315160795732
2012-10-26,-0.7882841717302166,-0.3142337591370549,-0.5110552618891125
2012-11-02,-0.034658641264256655,-0.32543441739140894,-0.534128154342289
2012-11-09,-1.238743839370945,-0.06548214500971392,-1.1685051471561079
2012-11-16,-0.8139495694182874,-0.5409169895591245,-1.1234893751904331
2012-11-23,1.6061719162652879,-0.9084400055953005,-0.7309635673904386
2012-11-30,0.1432510427061411,-0.6776107725790708,-0.9039358730838916
2012-12-07,-0.05838655142596556,-0.6491575783478643,-0.7684336422168725
2012-12-14,-0.3576363201847517,-0.2380995866572011,-0.27232284033265247
2012-12-21,0.5755862565511557,0.08422654750586249,-0.0878645555016709
2012-12-28,-1.3212736968125305,1.879351064257005,-0.3419125265478643
2013-01-04,2.423438451802313,-1.325580359697562,0.7615905139170694
2013-01-11,0.07195251831712667,-1.4368094665467024,0.5997646336641289
2013-01-18,0.4121987059259992,-1.6757942836314796,0.5189102547259087
2013-01-25,0.5122325486949005,-1.4570200046343864,1.0260631722842464
2013-02-01,0.2648036040116895,-1.3974883742839859,1.4097707468580882
2013-02-08,0.04594721525140158,-1.3051799398270822,1.2292535226492234
2013-02-15,-0.052851707254198334,-1.4315420216585906,1.1180862475574675
2013-02-22,-0.28127168203492375,-0.8373381450382791,1.0007002469340802
2013-03-01,-0.015736243645005855,-0.43148720018525155,0.5170313216322079
2013-03-08,1.1147174354676153,-1.294196629968196,1.4976343037533157
2013-03-15,0.2420284655827696,-1.65352850987843,1.4021868944328872
2013-03-22,-0.26840333925181453,-0.9217293448892218,0.9430750828815853
2013-03-29,0.3434281705599206,-1.1638413726241286,0.7132804199665761
2013-04-05,-0.7228601420530278,-0.7634235417045503,-0.13448179254915948
2013-04-12,1.1754615008172296,-1.2847070165700265,0.21900291997715152
2013-04-19,-1.3803865553104966,-0.3768714702477663,-0.0180486906265058
2013-04-26,0.8685245213680509,-0.7736378264651997,-0.05785044923001769
2013-05-03,1.0042047018704185,-0.9675923738895007,0.5037832073470101
2013-05-10,0.49100836463589603,-1.0078899216046855,1.0380931251816632
2013-05-17,1.0027503520314953,-1.0527102681302014,1.323029786940266
2013-05-24,-0.9671295566885245,-0.5154599465904883,1.6443323954661764
2013-05-31,-1.080633252391501,0.4111267854383027,2.2453403712826367
2013-06-07,0.25116400408602885,-0.015195627186464169,2.0476617830563293
2013-06-14,-0.9651268881988773,0.9476444829799973,1.940773411215954
2013-06-21,-1.6770060728041203,1.7298058151360725,3.2445166084531953
2013-06-28,0.37706327724566596,0.8010046186605888,2.9979090979724914
2013-07-05,0.8376274030972509,-0.08182359518376472,3.359357863789319
2013-07-12,1.6670423201328997,-0.5422882972594736,2.7064740265511467
2013-07-19,0.19244528309930178,-1.1010339371348343,2.295088750134378
2013-07-26,-0.2739854300362707,-0.980254263663583,2.461315742106099
2013-08-02,0.4428952664049989,-1.2672901003731754,2.483603895867844
2013-08-09,-0.9478793742176838,-0.6092387244257553,2.0569313059033982
2013-08-16,-1.5701784855885337,-0.18686535193847903,2.6173022709815887
2013-08-23,0.0946222423359031,-0.3517583543231013,2.2519170234330086
2013-08-30,-1.3652461215820468,1.019938398406643,2.0317419688379172
2013-09-06,0.6961964313085146,0.4819556244564008,2.1584382305668353
2013-09-13,1.0903057665724203,-0.2770160565831477,1.9471674598424105
2013-09-20,0.63430131118676,-0.7352477403503312,1.738718880349871
2013-09-27,-0.8881155006935795,0.31767200735520706,1.3740369663882128
2013-10-04,-0.22976410112849208,0.8656482957547178,1.3947676771027424
2013-10-11,0.2730555887697291,0.4150692018847782,1.3894894143744003
2013-10-18,1.3192590746378052,-0.7515110614914324,1.1285491201685158
2013-10-25,0.2971262519368206,-0.6985700576955538,0.9308345997252675
2013-11-01,-0.20971395970275217,-0.5830226325536488,1.1794150527250824
2013-11-08,0.01954109611534467,-0.7306054836458526,1.469836936961866
2013-11-15,0.7033016494851664,-1.0290751200070014,1.2892676834136558
2013-11-22,-0.08084797312718245,-0.9616808115955621,1.3450712856836662
2013-11-29,-0.29889884948360274,-0.2623424762609219,1.3759562705430595
2013-12-06,-0.36780089865395604,-0.20145482667866174,1.6093784925786034
2013-12-13,-1.5033529084467887,0.7606785128024,1.4427519410915102
2013-12-20,1.3598179670897634,-0.15974876078151098,1.3363759491066256
2013-12-27,0.533545158899404,-0.9064306365244715,1.545531089163925
2014-01-03,-0.7649332920444015,-0.09432131194784225,1.4286940218050386
2014-01-10,0.13144675040814982,-1.079084578182989,1.0920473710086738
2014-01-17,-0.47811066732454005,-0.8934253587861651,0.9223653383054887
2014-01-24,-2.244243361990069,2.4176523288623053,0.7296390372600694
2014-01-31,-0.5559696487869595,2.376592630472085,0.5675663913566817
2014-02-07,0.3584337126898897,0.6341096534079743,0.7549660716352686
2014-02-14,1.4028043497812286,-0.3267565268171967,0.7778977950610022
2014-02-21,-0.3640638674303941,0.2831255353094872,0.6650672592839959
2014-02-28,0.6296754117912235,-0.07951468029649125,0.440268158702423
2014-03-07,0.4628208526157446,-0.03482767360605098,0.6683953885945066
2014-03-14,-1.6529841237717209,1.949714306248663,0.26795941625937975
2014-03-21,0.7300563690376681,0.37369885103097505,0.2680702382151753
2014-03-28,-0.5725783348745674,0.02908852665442341,0.17560462963370752
2014-04-04,0.03565621232677463,-0.2225342936475005,0.23153558203774324
2014-04-11,-2.0652482526521285,1.4318203040583581,0.02331128549395862
2014-04-18,1.6335528358661942,-0.5894787642402656,0.1163138771657622
2014-04-25,-0.2783451389335192,-0.20652683292968832,-0.13817452418706325
2014-05-02,0.4694743149407109,-0.8462340350753901,-0.5214890373625444
2014-05-09,-0.2955136794819295,-0.8470532102423517,-0.430028200635387
2014-05-16,-0.19159725358098084,-1.114402920612263,-0.9555498222533744
2014-05-23,0.6827539139425571,-1.643059418739449,-0.9209284276327434
2014-05-30,0.6575170855153989,-1.5488582230717143,-1.3965714632273503
2014-06-06,0.7432063835131774,-1.804101481634164,-1.0170395851894947
2014-06-13,-0.7544608638639927,-1.0162396547816193,-1.492729204680755
2014-06-20,0.7381661834811316,-1.696918633040559,-1.6438183736601368
2014-06-27,-0.366825414483517,-1.4215859326468674,-1.9117453353602347
2014-07-04,0.6611563459248889,-1.830586661075646,-1.5375596257860573
2014-07-11,-0.9530234346238676,-0.8703571178022872,-2.031126892041891
2014-07-18,0.18900503035483596,-0.8727860165394511,-2.3295953998553927
2014-07-25,-0.232957526347164,-0.5412708491147443,-2.4130101362227108
2014-08-01,-2.222339922903042,1.6553820189734874,-1.6795190077565811
2014-08-08,0.05972739288759441,0.9738719171581748,-1.9511174049485724
2014-08-15,0.6946739254605443,-0.35158893905639993,-2.217586747815132
2014-08-22,1.0426838849975624,-1.167995570458198,-2.3228142403044676
2014-08-29,0.2841951029905186,-0.8247619816975603,-2.1652576768537513
2014-09-05,-0.12406891090441749,-0.7924218685285014,-1.7083494159143118
2014-09-12,-1.1429770090779467,-0.15377710669909103,-1.144102565534602
2014-09-19,0.7499861542952944,-0.7600737194138125,-1.2952607845511706
2014-09-26,-1.346567513302678,0.6582355516897371,-1.4831552109243027
2014-10-03,-0.8331591450879579,0.538011491014773,-1.7375209822956328
2014-10-10,-2.5293122607273046,3.5342482768117542,-1.7389625150273036
2014-10-17,-0.887198603640216,3.3514896548826267,-1.7817555735755348
2014-10-24,2.689205042973782,0.9109650961917293,-1.4905027107218654
2014-10-31,1.6548342804621339,0.059015797051653086,-1.5489724717618891
2014-11-07,0.2867239886538297,-0.3132781688637145,-1.642887569161928
2014-11-14,0.10007616243800006,-0.24570141517011157,-1.684301961087658
2014-11-21,0.6141115923188656,-0.41959554204548116,-1.6074403218441757
2014-11-28,-0.04367047127907393,-0.2402023774786998,-1.804321809395787
2014-12-05,0.07449983069202104,-0.8101741627067496,-1.9215450144048973
2014-12-12,-2.4905630264382475,2.6893673393605844,-2.26666060384034
2014-12-19,1.9859812761978646,0.9227453400996122,-2.2795146023730273
2014-12-26,0.4032488931509877,0.1609709383230788,-2.1114597234092347
2015-01-02,-1.0793661456051296,1.3467829333531984,-2.231034804804035
2015-01-09,-0.5407637738368378,1.2082510985211303,-2.3418971883090327
2015-01-16,-0.8994300476140075,2.2773347547705245,-2.359266565956634
2015-01-23,0.8581734960435736,0.8000633107274638,-2.359988096261019
2015-01-30,-1.8858966459994941,2.2293735455080217,-2.4327888132359132
2015-02-06,1.6556321473087248,0.9521604841589444,-2.0295678966410238
2015-02-13,1.064412604723217,0.06476815629140426,-1.7617686470275733
2015-02-20,0.2225246902745245,-0.0648982827776698,-1.3980000187388195
2015-02-27,-0.3135865210114587,-0.3854049132560978,-1.6060540108138897
2015-03-06,-1.0773103718022945,0.23686090691572823,-1.1364416855711013
2015-03-13,-0.6596629357606124,0.5245510993657064,-1.2745969661437462
2015-03-20,1.4448180691099883,-0.47971111064301675,-1.5822490960602442
2015-03-27,-1.4541048490376436,0.21493455631074795,-1.402177484784398
2015-04-03,0.05333106958200849,0.07395481358390611,-1.3822463239251639
2015-04-10,0.8485263868015628,-0.6118601997087506,-1.242691357288156
2015-04-17,-0.7434503857282253,-0.1670888483672955,-1.2926268909242102
2015-04-24,0.910521331902084,-0.700231094623197,-1.1570354119724566
2015-05-01,-0.40505954120313203,-0.558646318603611,-0.7100955083672149
2015-05-08,0.08585402918480489,-0.5036387124479678,-0.5185826994550757
2015-05-15,0.04706007994709827,-0.6665822997926454,-0.42437617599199623
2015-05-22,-0.03607060544910963,-0.760234193068124,-0.4630470388715355
2015-05-29,-0.647361994238605,-0.19316771207101033,-0.6405906134089039
2015-06-05,-0.509193548734704,-0.08989277602473977,-0.009752169040780577
2015-06-12,-0.055162524091523,-0.25318853554586884,-0.08608579017391514
2015-06-19,0.38083643895288993,-0.21421683884626472,-0.2039260007521714
2015-06-26,-0.3313062070126751,-0.21466142722267115,0.44574107588860357
2015-07-03,-0.7823062849124658,0.7629810407032576,0.4493959778028378
2015-07-10,-0.06893539837372333,0.7470437494546137,0.5248941429701348
2015-07-17,1.361393175491634,-1.0698549922937257,0.09360039161863043
2015-07-24,-1.3882368465172348,-0.4127826293856599,-0.26399547525231554
2015-07-31,0.6023577525991328,-0.9805514651828141,-0.4074073302827487
2015-08-07,-0.8473488143572283,-0.4893453217939918,-0.7364588842919947
2015-08-14,0.32889117469241264,-0.6946833299052128,-0.6151498908906741
2015-08-21,-3.2355828081881013,4.0352435367726285,-0.8612884863437563
2015-08-28,0.50320216843849,3.039248879034438,-0.5502995265588768
2015-09-04,-1.7830482595222539,3.1198389031013862,-0.7592310140598553
2015-09-11,1.086555415117879,1.8373680856637657,-0.3849307375857729
2015-09-18,-0.05433978730003421,1.5366636798310265,-0.6170206897508718
2015-09-25,-0.6949888940161714,1.7656335284442544,-0.42366736619266965
2015-10-02,0.5498197550631878,1.0922644692216161,-0.7363477448756052
2015-10-09,1.6277871105058925,0.21218875389097036,-0.3531363026417434
2015-10-16,0.39839616932862854,-0.2411341091946923,-0.5672565862386871
2015-10-23,1.056343975832279,-0.375223496528494,-0.53966620002991
2015-10-30,0.0805642866441313,-0.23356310817203804,-0.6463572552947557
2015-11-06,0.49178688690532774,-0.41902359953246004,-0.40733431652785035
2015-11-13,-1.960854280887175,0.9368114426999485,-0.5234911072446288
2015-11-20,1.6603353376294359,-0.18691019367908468,-1.1811280155589143
2015-11-27,0.012550359858302933,-0.2812674618986533,-1.3740170823218785
2015-12-04,0.03147189807866399,-0.37415672611135553,-1.1730972147271388
2015-12-11,-2.004999878578045,1.9183110513417032,-1.649382925454627
2015-12-18,-0.1483246794159555,1.0032247533934615,-1.7842976538708955
2015-12-25,1.4411267380052615,-0.18090482962502755,-1.6939645193447321
2016-01-01,-0.429616064967129,0.40468245679174003,-1.6826620521307154
2016-01-08,-2.8953270005552265,2.319771937144041,-1.7455568619573756
2016-01-15,-0.9805563228418295,2.2019499954687873,-1.7467876076883213
2016-01-22,0.7373158071155624,1.1537337508948313,-1.637199896285507
2016-01-29,0.8609821697032204,0.7034423475101963,-1.689400074376128
2016-02-05,-1.4370444887446976,1.3324054950856203,-1.9958568745154193
2016-02-12,-0.2873914301477925,1.6680157262865405,-2.3878435598542547
2016-02-19,1.427671055846152,0.6495428003670713,-2.3710516598825606
2016-02-26,0.8142282021322816,0.4794812189677273,-2.4035439305461797
2016-03-04,1.2667670921274856,-0.13144409180349967,-2.0509482015465754
2016-03-11,0.5312403455438542,-0.20739554026283197,-1.8864545449304178
2016-03-18,0.6634986111620539,-0.7228886521692977,-1.663531868547035
2016-03-25,-0.3084980270812464,-0.5728602230995355,-1.67828998904433
2016-04-01,0.8501968443153258,-0.8999752817920954,-1.562225154721739
2016-04-08,-0.5590294543758005,-0.4516018875027698,-1.5378257685480345
2016-04-15,0.7630336941710552,-0.809243651039551,-1.4754589857469538
2016-04-22,0.26013864388596986,-0.8988399402745264,-1.2940307883310924
2016-04-29,-0.5839793999078798,-0.4004941557008558,-1.2018055042841997
2016-05-06,-0.16286596693827457,-0.616521170432439,-1.1957191393501887
2016-05-13,-0.2111940277229499,-0.5651937997451826,-1.5471206789383731
2016-05-20,0.16517757047447,-0.5498675440098418,-1.4415290071561935
2016-05-27,1.0664066546020703,-0.9904458713471228,-1.4189659262803622
2016-06-03,-0.0011592922748102517,-0.9101543497762324,-1.4467935822786386
2016-06-10,-0.06976616217208015,-0.16485122495773483,-1.4717161254548492
2016-06-17,-0.5456672924742162,0.3259609461847071,-1.3771374158530225
2016-06-24,-0.7442141527594556,1.6173793085794022,-1.3074156248788995
2016-07-01,1.4469667539074906,-0.7004094232291523,-1.5287142271288974
2016-07-08,0.5621913171941331,-1.0073521088643915,-1.9596131401638814
2016-07-15,0.6714368444107663,-1.125009329994069,-1.3513768428940072
2016-07-22,0.24604707364757003,-1.2449709129632947,-1.4391596860553706
2016-07-29,-0.0601792224529392,-1.2735762070151908,-1.6901736568852037
2016-08-05,0.15533866846470024,-1.3526352969710842,-1.27593792650673
2016-08-12,-0.013730687812408068,-1.3066240250595542,-1.5333969998312245
2016-08-19,-0.1055234207901585,-1.3189960997547825,-1.3853034600579321
2016-08-26,-0.43512592563312286,-0.8036186887933683,-1.5093504990647462
2016-09-02,0.13829060362812998,-1.1434800621842662,-1.3655740165117558
2016-09-09,-1.3583489973596898,0.12401394128635031,-0.970121181739905
2016-09-16,0.19055040955488362,-0.3381739910159354,-0.7073093561197052
2016-09-23,0.5113040043403888,-1.018269492052625,-1.0574942276525316
2016-09-30,-0.019837177134692872,-0.7513985058806513,-1.118756266131128
2016-10-07,-0.4343596293594044,-0.6868533129006416,-0.745138879435673
2016-10-14,-0.5746827741095885,-0.06897778352048817,-0.4046409708989472
2016-10-21,0.17667358275408612,-0.7181444513290355,-0.7008566159935609
2016-10-28,-0.4015831657475139,-0.052337821704314405,-0.10171603631139761
2016-11-04,-1.0544801806367399,1.376354706608766,-0.11707149539268275
2016-11-11,1.9556812878690233,-0.5316121049921338,1.4830372341149014
2016-11-18,0.40152371444615376,-0.8217240772700689,1.7814126087874278
2016-11-25,0.7332429776405723,-0.9201703810513537,1.6111511714978446
2016-12-02,-0.5872529115313008,-0.5081884962813381,1.970769141035663
2016-12-09,1.5946664741830419,-1.0202503954973094,2.1286289944126513
2016-12-16,-0.16600545043442558,-0.8797546956480747,2.067568452348839
2016-12-23,0.04197170567984266,-1.0283873886726713,2.0682752854744755
2016-12-30,-0.7416503146442558,-0.4038671165148268,1.5392914431048288
2017-01-06,0.9124258326966979,-1.032029988326674,1.2178713887237937
2017-01-13,-0.3227115871811434,-1.0592711040444664,1.1514555676210618
2017-01-20,-0.3335906296787161,-0.9476326981847397,1.6851011179756992
2017-01-27,0.48806366391565403,-1.1716010482403258,1.588546797675697
2017-02-03,-0.19735533003234473,-1.0473844711141398,1.5961688541092747
2017-02-10,0.29293414811473906,-1.1075184389936064,1.1384189222197298
2017-02-17,0.849114544244418,-0.8734158865032794,1.1009426749018767
2017-02-24,0.2395340297254129,-0.8525087505306992,0.950004405364877
2017-03-03,0.25994440988023043,-0.9912474188143714,0.8091450239345644
2017-03-10,-0.5955322038408812,-0.717588823726014,1.0634370029868625
2017-03-17,-0.03852560353086465,-0.8264488320263286,0.7582018877430261
2017-03-24,-1.3597559646834991,-0.23119664525116673,0.5723001426537314
2017-03-31,0.43540561158070823,-0.4307802818496174,0.503319668196193
2017-04-07,-0.46428171827012044,-0.24134162216959548,0.2689348103376943
2017-04-14,-1.093670933930207,0.8135477006872724,-0.07186907255571172
2017-04-21,0.501440037213737,0.34376660371532863,-0.014156243382151799
2017-04-28,0.9932437296949627,-0.9368832212586767,-0.17854706278017568
2017-05-05,0.27238935545900433,-0.9873535322554393,-0.007621081606221054
2017-05-12,-0.5286978126409521,-1.0075120652255327,-0.017466318307274353
2017-05-19,-0.5443566830138168,-0.431864416436851,-0.5269716282447809
2017-05-26,0.9503491466613246,-1.152092732643382,-0.5269716282447809
2017-06-02,0.5511526147239368,-1.1334473740107431,-0.9690891576715681
2017-06-09,-0.4816829084998208,-0.7869678187366641,-1.0151538434132674
2017-06-16,-0.21120413237417301,-0.8696871567496434,-1.110077294987622
2017-06-23,-0.11494784673891952,-1.1345579570078723,-1.2491304615887684
2017-06-30,-0.8030875574019594,-0.593047376386922,-0.5978625759312595
2017-07-07,-0.16154997630457482,-0.5700231008288135,-0.29728111102519406
2017-07-14,1.0515111246136815,-1.2699119169583213,-0.3659574136993838
2017-07-21,0.2672183101122535,-1.2914952333753391,-0.9399923496811967
2017-07-28,-0.24314166189271466,-0.871560118708717,-0.5114516594375084
2017-08-04,-0.04749909577043025,-0.9640366530941349,-0.8103211594238143
2017-08-11,-1.486776389770775,1.3072004358729485,-0.9490926428028129
2017-08-18,-0.7579473601212072,0.7590304247003032,-1.1377783162671626
2017-08-25,0.4389802675416174,-0.46122904106826473,-1.3901942086396613
2017-09-01,0.9908512267277887,-0.9172324872083175,-1.4538212665715853
2017-09-08,-0.834561584436117,-0.05614180678663361,-1.5424424892510842
2017-09-15,1.1664867620424424,-0.8657322779086288,-1.389880376026481
2017-09-22,-0.18490173965767456,-1.0837393836180722,-1.4320347279622851
2017-09-29,0.36551414097005724,-1.0770801159601373,-1.0920528781362546
2017-10-06,0.797405241066694,-0.979890848244314,-1.2482571618157914
2017-10-13,-0.18405025947513307,-0.9656809575548643,-1.5394575245496112
2017-10-20,0.4744616282383295,-0.7792313969401392,-1.3958655619604297
2017-10-27,-0.13797613158530253,-0.8254620368484721,-1.1403030110335615
2017-11-03,-0.153268422037651,-1.3643960614408506,-1.7188227532370421
2017-11-10,-0.6239444951502267,-0.022668769501808066,-1.5405451741641614
2017-11-17,-0.5128611087540011,0.08298989431245316,-2.004591516344494
2017-11-24,0.6819130791661476,-0.992623926062237,-2.0347324022940096
2017-12-01,1.3253999867449293,0.1524145591996419,-1.9342604938948147
2017-12-08,0.05454431479210426,-1.0149482878107647,-1.8958287780591085
2017-12-15,0.7416397022456784,-1.075934915228849,-2.1235753003182256
2017-12-22,-0.05813262140699914,-0.7458422759388944,-1.7687055984175908
2017-12-29,-0.9145724146956042,0.017669439457295166,-1.954130716607002
2018-01-05,2.730654559905778,-1.1438982900751573,-1.8566429000778493
2018-01-12,1.4193008825721796,-0.5158129318313531,-1.5570897592013835
2018-01-19,0.547691149177002,0.2104216069966807,-1.4189403292114824
2018-01-26,2.069859233028457,0.08037432280710938,-1.5949623605643708
2018-02-02,-4.092648725882014,3.5230145689440184,-0.8209863401364789
2018-02-09,-4.240193517848014,5.768408415943613,-0.3583455791214534
2018-02-16,2.78706772509249,2.4216296836486353,-0.9207387302678286
2018-02-23,0.18778885415580546,1.4476892029485409,-1.0397791191848065
2018-03-02,-1.590890595123386,2.214372083819762,-1.1085851084385463
2018-03-09,2.103375714209827,0.7780744503443731,-0.9787210930308016
2018-03-16,-1.0036767535067044,1.0708566817685705,-1.4322527407456163
2018-03-23,-3.6160641816686176,3.1781864036770084,-1.3930336745333103
2018-03-30,1.0185365134005615,1.8445073226804922,-1.7335883648093462
2018-04-06,-0.8892200483949355,2.0773814245231956,-1.5129395920065536
2018-04-13,0.9623690413007584,1.117933306105827,-1.7274697781574315
2018-04-20,0.15308826229103434,0.97860567091127,-1.3922417665690237
2018-04-27,-0.12750028188998355,0.6208615868430377,-1.5090246634789963
2018-05-04,-0.2502904724703606,0.4565036520866467,-1.627034200169666
2018-05-11,1.1854368316727137,-0.037375545471796105,-1.6323552465338202
2018-05-18,-0.4404053962970593,0.13283536832214338,-1.1189669311900168
2018-05-25,0.04389954552297458,0.07237663252684257,-1.4228775605735757
2018-06-01,0.14931945182788606,0.11175130734633357,-1.5318584368907666
2018-06-08,0.7530593991160465,-0.19127849924216309,-1.4114685269620184
2018-06-15,-0.1297700429213913,-0.2455336788011413,-1.6241170304677468
2018-06-22,-0.6259993267768305,0.1546366166812857,-1.758383953793162
2018-06-29,-0.856819217549611,0.6728753175559037,-1.7385080399721178
2018-07-06,0.6935550317050495,0.02932751441369989,-1.890551467684156
2018-07-13,0.6804906275264705,-0.2624027560470708,-2.0799737330028276
2018-07-20,-0.1216023293836567,-0.1193214574575183,-1.724481995868466
2018-07-27,0.19297081810857294,-0.09198006734192674,-1.6727513878146811
2018-08-03,0.27243551800275684,-0.43280500593733057,-1.458365697621315
2018-08-10,-0.2955987712353365,-0.058000801305917185,-1.7303216120266787
2018-08-17,0.15643685639353488,-0.1754081643636459,-1.664788977453465
2018-08-24,0.3014963477223852,-0.3352598973316999,-1.9582033360809683
2018-08-31,0.34610216162533186,-0.1394845109998101,-1.6129633272398214
2018-09-07,-0.7351888861819861,0.33634243477912673,-1.599955632084051
2018-09-14,0.47899366127162285,-0.35410065454738726,-1.6434516227236982
2018-09-21,0.30068811179867355,-0.46198348450038196,-1.3229364501388754
2018-09-28,-0.451568858431076,-0.36968024483496087,-1.3975812404783219
2018-10-05,-0.671972145019786,0.27517050664807063,-0.7478691886277145
2018-10-12,-2.2707870422583256,1.7953883390912488,-1.0071706195173609
2018-10-19,-0.060266734262763307,1.3886857664203665,-1.0960389544107367
2018-10-26,-2.042799199994197,2.253948269013461,-1.1373538660446347
2018-11-02,1.1344871085472499,1.1353841628446235,-0.8510862362053025
2018-11-09,0.9619721664214881,0.611777931707474,-1.2083922756410663
2018-11-16,-0.8446001571660294,0.7628779257166417,-1.03565792463993
2018-11-23,-1.8292619873241946,1.4828581422069362,-1.1892354476647422
2018-11-30,2.1003624501400826,0.6607483423214613,-1.3346332073412526
2018-12-07,-2.0339192264399863,1.7650594447196963,-1.774194998234586
2018-12-14,-0.5233771607727206,1.3487215607862921,-1.5068164016438508
2018-12-21,-2.819312436719996,2.951700180331534,-1.443848810977488
2018-12-28,1.1578513903486343,2.3886534151924264,-1.1437064591800914
2019-01-04,0.7846050625752929,0.9576830616823383,-1.2788252379322895
2019-01-11,1.0332321726108866,0.2836932605559576,-1.2889214157774256
2019-01-18,1.1299700527420546,0.17958386063995427,-1.1819821951648624
2019-01-25,-0.030535427848738337,0.07577443201670608,-1.1963912881210184
2019-02-01,0.6322272177520111,-0.19112706876468752,-1.0470404121388204
2019-02-08,-0.005774168321431973,-0.24197247796029933,-1.0490773074681465
2019-02-15,1.0326646438361184,-0.4071121850914341,-1.3066131984790124
2019-02-22,0.2461421812477858,-0.7095000854443011,-1.068828681874488
2019-03-01,0.13439277228918398,-0.6696420342185729,-0.7441988537292427
2019-03-08,-0.9311379306541903,-0.11368934785273703,-1.0512667635289499
2019-03-15,1.1975536370775888,-0.8156539196340798,-1.1081950395590132
2019-03-22,-0.42533647158959703,0.034406573451736935,-1.341260568061294
2019-03-29,0.48917703891906644,-0.5883342593840768,-1.2129263335510319
2019-04-05,0.8454040184155458,-0.7657756884677633,-1.0955045573010485
2019-04-12,0.15396534226737485,-0.9263320175777641,-0.9696214558875557
2019-04-19,-0.11313618925359069,-0.8793408431975845,-0.6585626231827298
2019-04-26,0.465997869936157,-0.7140218153176446,-0.2208934054184945
2019-05-03,0.000949776091311967,-0.6702964690646643,-0.4006469368016227
2019-05-10,-1.0680740606119987,0.049600517153315316,-0.3690161486859792
2019-05-17,-0.39871642501707594,0.019642045089260866,-0.5826357357836559
2019-05-24,-0.5755988347081464,-0.01795821794410477,-0.9550996901823193
2019-05-31,-1.2098082038037576,0.6290136286787916,-0.5235164552408753
2019-06-07,1.8694416145294537,0.0456914866011511,0.2786352973511462
2019-06-14,0.17628288850442098,-0.21238998282133495,0.5095246653647898
2019-06-21,0.8931965568924805,-0.1917976231217627,1.4040559017521066
2019-06-28,-0.19622748654963054,-0.26354035359080963,0.5816943027880778
2019-07-05,0.6515969337214726,-0.6933468707448399,-0.8256638451599747
2019-07-12,0.28031844209856716,-0.9079026846895032,1.1484162541472365
2019-07-19,-0.5945720413447586,-0.42424812635126985,0.6313847214340044
2019-07-26,0.6567315862926368,-0.9672306158179736,0.1107959496805816
2019-08-02,-1.3754593220319091,0.31409273236480234,-1.3409214175998696
2019-08-09,-0.22064170704245678,0.3805521796988745,-1.8102913980168092
2019-08-16,-0.45244457978583524,0.47784622833120444,-2.3633272341594562
2019-08-23,-0.610440380149483,0.7882756389916435,-3.0365758848880517
2019-08-30,1.1519504765253268,0.5433088946584905,-2.865863582480785
2019-09-06,0.7141394242131905,-0.44337916171152914,-2.374282082665587
2019-09-13,0.3749458227249213,-0.769630825862613,-1.0922373625451143
2019-09-20,-0.2319381995839363,-0.3984769042297523,-1.8110004114444986
2019-09-27,-0.440552484439843,0.05934461598672983,-1.597803878116161
2019-10-04,-0.15761900430013223,0.0020359264270555888,-0.7914661367622947
2019-10-11,0.20883472310436807,-0.35033186197056143,-0.6257536849222267
2019-10-18,0.16896788820953831,-0.6702580822118187,0.1015737315728595
2019-10-25,0.4322355650865922,-1.0589150417685202,-0.01399771286175732
2019-11-01,0.5546277130300703,-1.108720714869594,0.02629559007837015
2019-11-08,0.29318352822048344,-1.1289658234065345,1.3853231486503075
2019-11-15,0.28742552551623096,-1.0925452777848712,0.9571415810275918
2019-11-22,-0.3066617981228954,-0.9802093336680014,-0.09571163299910959
2019-11-29,0.3632992321503802,-0.8744806505689546,0.07211602195574865
2019-12-06,-0.09793409584934386,-0.5833812163249359,0.9732352539448301
2019-12-13,0.18325379875139783,-0.8208177523342172,0.6452099061535538
2019-12-20,0.706135705515649,-0.9161125727869525,1.7841275781242212
2019-12-27,0.047972376958174925,-0.6499140455490846,1.7093734735145865
2020-01-03,-0.42112053409116823,-0.3687979295622547,1.3643403520418171
2020-01-10,0.3380308874724251,-0.9991462967719754,1.311557938154415
2020-01-17,1.052735968966134,-1.1691709004659903,1.1322406735602257
2020-01-24,-0.9859220021361339,0.002004921238041367,0.4257549429932085
2020-01-31,-1.6631330764408536,1.9395040280853366,0.010643873574829857
2020-02-07,1.7666178516494357,0.39777126005300545,0.010643873574829857
2020-02-14,0.7783914419000895,-0.41188483268294085,-0.1360857082121127
2020-02-21,-1.0433852362358966,1.1030255580124109,-0.811274701054849
2020-02-28,-5.298147944004086,6.001487559852071,1.2243003985507581
2020-03-06,0.19907941382061337,4.714550098826678,0.9235024923208575
2020-03-13,-3.495889694372395,5.122096486237845,3.172126199294098
2020-03-20,-4.609292651303774,4.585017676395963,3.6753193945356015
2020-03-27,2.6891822497257674,3.7660548688726023,2.5953705293148466
2020-04-03,-0.48860827711529187,2.1171608544231106,1.7277849057414079
2020-04-10,2.8432038877379306,1.6401281307271949,2.5266801655517614
2020-04-17,0.7405118785326108,1.3207030962950588,1.963464115746468
2020-04-24,-0.3086530190399876,1.1139131379657412,1.3237730843560087
2020-05-01,-0.03349294300698237,1.1595090385724367,1.7310873106169586
2020-05-08,0.8342850922874271,0.4784050777327497,2.278251066515683
2020-05-15,-0.5576829269873919,0.7351062341106541,1.7955639911566894
2020-05-22,0.7451995571420553,0.45034222915588706,1.7702051062143536
2020-05-29,0.6724280949304682,0.3911798350217418,1.6816951660397086
2020-06-05,1.1132840284960988,0.16582555040935953,2.7744048441117193
2020-06-12,-1.1934225908872427,0.9608029206444417,1.6074203431187932
2020-06-19,0.4170388926744154,0.8604894632665817,1.4865775935592342
2020-06-26,-0.7013048367279118,0.8033370768923335,1.1988153759611524
2020-07-03,0.9102871863115836,0.2865880816181463,1.434407613018233
2020-07-10,0.3861291322743269,0.23995369857050608,1.2145924044259329
2020-07-17,0.2559576158271586,0.1100451171692238,1.2264327093388991
2020-07-24,-0.09441577712047625,0.1034068801505551,0.9075205025936413
2020-07-31,0.3562280640726631,-0.0058509012976958414,0.8181395470335715
2020-08-07,0.5104549467285497,-0.1750883842160794,0.7860412358812199
2020-08-14,0.0814479128165818,-0.19201075679071822,1.47139078407622
2020-08-21,0.0898694017400069,-0.16027651526113468,0.9254104431839898
2020-08-28,0.6787433130012589,-0.13549640159428653,1.5771341284152371
2020-09-04,-0.6165680080675919,0.4116208281786778,1.416376608435818
2020-09-11,-0.6462834699682266,0.11013440073662703,1.1346529609960176
2020-09-18,-0.19910118576894414,0.018767974416866336,1.219769059383759
2020-09-25,-0.19840633253525208,0.04662777340509041,1.0653221357135074
2020-10-02,0.29692331179911674,0.12490814939129807,1.2133315114957308
2020-10-09,0.8115525796456688,-0.08540126752147521,1.5380446201688032
2020-10-16,-0.02450481086219165,0.0771484663086367,1.4168466588358775
2020-10-23,-0.18555104949856863,0.06678144498704724,1.663340520707254
2020-10-30,-1.362052109595322,0.8343219104020899,2.0004573551340226
2020-11-06,1.5313724336701262,-0.1993358603356221,1.4959725818615448
2020-11-13,0.4183577354881089,-0.3577798635450321,1.7182449672112592
2020-11-20,-0.23099739588424453,-0.33216323989743174,1.3694723702924148
2020-11-27,0.43897405416127355,-0.5805627876067282,1.383964090309167
2020-12-04,0.3004291723569826,-0.601849471445978,2.0649589559958015
2020-12-11,-0.2785024663652071,-0.4185137809656243,1.8565124486839635
2020-12-18,0.21776348280475213,-0.5857032910288286,1.924040285466549
2020-12-25,-0.09562575462931702,-0.6098818502433528,1.7738450827957628
2021-01-01,0.253114658266371,-0.526995132588449,1.6415496881671778
2021-01-08,0.3358381134144879,-0.6551307597526885,2.5072298127731294
2021-01-15,-0.38446246468389533,-0.44068927810925,2.2962777541713564
2021-01-22,0.3631434829713762,-0.6799690034544897,2.1296840999098507
2021-01-29,-0.8080847982400176,0.3130036378443267,2.173707227315862
2021-02-05,0.9376123643388803,-0.823959930615685,2.5135004238524528
2021-02-12,0.2067117111212085,-0.9313033620131741,2.3416818250057925
2021-02-19,-0.2255915757189899,-0.7518495715903883,2.823597173189455
2021-02-26,-0.7093322392429903,-0.17272206907375012,2.8721982942688413
2021-03-05,0.07440331971488269,-0.4605442988660302,3.0643783548342887
2021-03-12,0.47590535660630695,-0.8351928627375401,3.0148484619875515
2021-03-19,-0.5652833551035265,-0.8529290976117861,2.9500070064250057
2021-03-26,0.23969359949763192,-1.307717970674326,2.5467316068311225
2021-04-02,0.07353686026582187,-1.5998773008138092,2.3619224204884652
2021-04-09,0.7726505161023948,-1.709586863415378,2.148904917046791
2021-04-16,0.25979061192270425,-1.75271329602133,1.815863773657175
2021-04-23,-0.3557086552526005,-1.5062577134541166,1.7027984752536025
2021-04-30,-0.2963302253667137,-1.2407308786193358,1.7989866948607907
2021-05-07,0.21266084617362002,-1.5520016466619173,1.63458634262337
2021-05-14,-0.8829098866815619,-1.0937413042473572,1.5845106149457968
2021-05-21,-0.4561588392773739,-0.7955084061583905,1.4900159065690792
2021-05-28,0.2258277024792956,-1.4077661877892989,1.3788240118134132
2021-06-04,0.031080493808270812,-1.414912982717375,1.274431164984359
2021-06-11,-0.1059487980077738,-1.5405384204292885,0.9597189828099965
2021-06-18,-1.1460872853221276,-0.5068159081729134,0.6288876226230323
2021-06-25,0.9472464253857381,-1.5579619253988053,0.7746393087695472
2021-07-02,0.48960784288431325,-1.6018206718625403,0.5929229378163425
2021-07-09,-0.10215342873137438,-1.3077175256674638,0.4112582998175408
2021-07-16,-0.733948203534825,-0.7908712068203216,0.176165336308404
2021-07-23,0.6316088016695353,-1.0185544537953541,0.20134855182261627
2021-07-30,-0.4488034447095799,-0.7689943827575974,0.09001143044852457
2021-08-06,0.18925803668317376,-1.1718988729686164,0.1991005014996564
2021-08-13,0.07971036322342107,-1.2709922600960417,0.05877574171601272
2021-08-20,-0.5288942179321494,-0.6120877957145381,-0.06097374298609699
2021-08-27,0.49931292536944455,-1.0219459860372873,0.09198675281377329
2021-09-03,0.018438196736171347,-0.9886551659720537,0.15506080679530182
2021-09-10,-1.1308956371648873,-0.01562910722605163,0.12373533251672603
2021-09-17,-0.5656421581648318,-0.02511421778029811,0.1564333348124597
2021-09-24,-0.036201228411696915,-0.6519313868805479,0.2560915095251507
2021-10-01,-1.3519669783837838,0.10283878598899172,0.32704215468330483
2021-10-08,0.16980363517157232,-0.3896391211530985,0.5794291832622874
2021-10-15,0.6687728935938628,-0.9075900598880254,0.14767342716732054
2021-10-22,0.5592753192997328,-1.069213468795716,0.11453507430404748
2021-10-29,0.3740890369985924,-0.954723729751257,-0.34379625326618957
2021-11-05,0.9238680864898411,-0.8598095059446448,-0.4286649581919069
2021-11-12,-0.5417905431574506,-0.879278379157157,-0.5119668202521911
2021-11-19,-0.14030198038472785,-0.38863636028832826,-0.6968886681209364
2021-11-26,-1.7326057531144725,2.5114423210114705,-0.938387773197144
2021-12-03,-1.047319279201631,2.7791434101663763,-1.9759723714171025
2021-12-10,2.0353910187939617,-0.20428115544064251,-1.7086093998547212
2021-12-17,-1.453750809352584,0.5239538701539853,-1.9554920102253865
2021-12-24,1.0763615930528914,-0.3719779969786842,-1.7668228897872205
2021-12-31,0.23815882226691304,-0.534673261775402,-1.7632278876596552
2022-01-07,-1.3620061117690372,-0.12982527995140886,-1.2905765832616813
2022-01-14,-0.43167965667378544,0.005188408109500967,-1.6853663646643984
2022-01-21,-3.2984100342988247,2.3479419537877337,-1.8352341110997452
2022-01-28,0.24056946627873774,2.248238359815003,-2.17523486929701
2022-02-04,0.7439800283161732,1.0468649456318235,-2.083124429315565
2022-02-11,-1.2058664075260788,2.013411823737685,-2.615248648639863
2022-02-18,-1.0443486149965704,2.0075777394674788,-2.3189128818057494
2022-02-25,0.32707885848748625,1.9771919784729721,-2.2490624661538643
2022-03-04,-0.891926149722774,2.8110835508884984,-2.596336389103385
2022-03-11,-1.775344833848258,2.347454282760734,-2.384660259401132
2022-03-18,3.0252510479366856,0.8515808813450452,-2.4407777925190537
2022-03-25,0.8014762806774537,0.19060157914190454,-2.2610053330635687
2022-04-01,-0.09250637208795652,-0.07088827131879566,-2.6541134762560774
2022-04-08,-0.7676596767247911,0.23926766050812243,-1.9313200615240351
2022-04-15,-1.190094671838722,0.5457232442439524,-1.4400251324174365
2022-04-22,-1.466175310866425,1.6492511901327103,-1.799248131511047
2022-04-29,-1.664275738588847,2.5112635919756094,-1.6980090048683907
2022-05-06,-0.0797635351696664,1.779281797600729,-1.1424921573297606
2022-05-13,-1.1868566122897646,1.4590339024464685,-1.2925524129804287
2022-05-20,-1.4557155690022952,1.4966694873712931,-1.5761237463259394
2022-05-27,2.875373295889107,0.7829518516372566,-1.3068629143510426
2022-06-03,-0.5143021786136079,0.5851176419664614,-1.1909001728034871
2022-06-10,-2.1480212392013542,1.0904622349444948,-1.645253057745266
2022-06-17,-2.3260107004718287,1.634612747847642,-1.5946646408650504
2022-06-24,2.4780170028855015,0.8962568697023239,-1.5059597479778695
2022-07-01,-0.7656524101809445,0.7683919798296277,-1.557950384313479
2022-07-08,0.8187148040305217,0.36526899831935467,-1.6471937001858121
2022-07-15,-0.2740828373933103,0.26998396281094805,-1.9360917248663874
2022-07-22,1.0398434424628324,0.025332930083453865,-1.8548649805416662
2022-07-29,1.5950738634434276,-0.30881569788670227,-1.7810708721312722
2022-08-05,0.1827259708654443,-0.36698953134109685,-2.0692276927073894
2022-08-12,1.2070160804161336,-0.7067154942457282,-1.953247995829792
2022-08-19,-0.41076273327404,-0.5071530653749754,-1.5866056987949866
2022-08-26,-1.4138557420204583,0.44435007517541025,-1.6324172480677293
2022-09-02,-1.092715195156619,0.39850167186415525,-1.3177231936270954
2022-09-09,1.319971100258476,-0.15669832148454563,-1.3266640662845492
2022-09-16,-1.5845776407593215,0.5407740587355306,-1.6021163445582418
2022-09-23,-1.4744536641623165,1.2337926243209882,-1.747265238229266
2022-09-30,-0.8621777902567082,1.5099038101004825,-1.4571694848539285
2022-10-07,0.6185499358723943,1.3974068057851021,-1.45595916586016
2022-10-14,-0.38154804498208394,1.4745567240949726,-1.5477299457366944
2022-10-21,1.6328347229621416,0.9786772357660806,-1.1030688029284743
2022-10-28,1.3502128920047403,0.13802166631111062,-1.2954696482601418
2022-11-04,-0.9555826320579212,-0.15407274927887166,-1.4642892963345722
2022-11-11,1.8671663946189547,-0.647899456303124,-1.4850128486592264
2022-11-18,-0.11364088097285972,-0.5487770489320987,-1.7960132841418752
2022-11-25,0.5494135521780272,-1.1153045240640016,-1.8385855681306216
2022-12-02,0.4126825677154552,-1.3912451383103082,-1.8183766422975647
2022-12-09,-0.9594018244697328,-0.5508373761009641,-1.7255717138362212
2022-12-16,-0.5463552583417516,-0.6070811016893254,-1.5148688172524853
2022-12-23,0.06285833429577385,-1.0526648287356504,-1.1920328105070839
2022-12-30,0.0869223373499587,-0.9081234160284953,-1.0924319322422444
2023-01-06,0.5602027527748648,-1.069862484181361,-1.4273387770632022
2023-01-13,0.9100272252167886,-1.7534475731948547,-1.4837765483141965
2023-01-20,-0.15005761859327582,-1.3217694043388075,-1.2852212562147896
2023-01-27,0.8271582438633047,-1.5752590324792322,-1.2742674197425563
2023-02-03,0.5627082657277138,-1.5597266093344704,-1.4846137154811956
2023-02-10,-0.3093072536898825,-1.0012548236026106,-1.407618814133202
2023-02-17,-0.049571167956829115,-1.078702802734502,-1.4116394980038067
2023-02-24,-0.8001063934732525,-0.6671990516395764,-1.489685394576049
2023-03-03,0.6387037729790913,-1.3656624422656356,-1.5769055467440503
2023-03-10,-1.4056013762400255,0.15639018409081148,-1.5380372464956986
2023-03-17,0.5402328104213215,0.32028652794970963,-0.2739143798996279
2023-03-24,0.5313903060190227,-0.5974708083029378,-0.1433883962646654
2023-03-31,1.1587781830880164,-1.3233694450603506,-0.6496108723513684
2023-04-07,0.0215475828431858,-1.364252229407771,-0.620111425456048
2023-04-14,0.2916014831045392,-1.6132590577851222,-0.5367914529094074
2023-04-21,-0.011782098184850414,-1.6044680203716142,-0.6195525104010724
2023-04-28,0.27800352304100634,-1.7839008162957448,-0.5901804837210657
2023-05-05,-0.26387691254404466,-1.4053465084373968,-0.199281469014708
2023-05-12,-0.11263797766293668,-1.38690901422098,-0.28882305534400526
2023-05-19,0.496515998957656,-1.386354134697118,-0.4558943181269436
2023-05-26,0.10389754085446401,-1.0776921260453136,-0.9889110325089604
2023-06-02,0.6008267316830229,-1.7572236745406813,-1.2456755928988361
2023-06-09,0.07087550504724716,-1.833290754823461,-1.3374146093683787
2023-06-16,0.8227305584562394,-1.834156250338605,-1.6677352295093768
2023-06-23,-0.6305310202448456,-1.7664431789096589,-1.8100643259297537
2023-06-30,0.8005143082724294,-1.6533310018483927,-2.1421542900939587
2023-07-07,-0.550733488459739,-1.3290152732674558,-1.341430053918844
2023-07-14,0.8239825698609909,-1.5681418611265492,-1.4292339763877981
2023-07-21,0.16771509120303102,-1.447960508007709,-1.6853594704418187
2023-07-28,0.32717263155327136,-1.4410282163299133,-1.3247830822501365
2023-08-04,-0.9833764669641133,-0.6693581756701839,-0.46484399132438914
2023-08-11,-0.1604446546879204,-1.0882364313531683,-0.43992998706836095
2023-08-18,-0.891830359821628,-0.5900290743839608,-0.07670517815273187
2023-08-25,0.2764304682773746,-0.8728405698435939,-0.6307614293972192
2023-09-01,0.9293820428351449,-1.3261048529485466,-0.14489279004069205
2023-09-08,-0.6339319312617274,-1.1349059821565952,-0.26636749144822913
2023-09-15,-0.19325480397484449,-1.1026664482196922,-0.07166660797574213
2023-09-22,-1.5232994750003033,-0.4098178773474136,0.11503079373932719
2023-09-29,-0.5170726746636309,-0.3100960393546958,1.3855581891340905
2023-10-06,0.07216006165414621,-0.2887396713781339,2.1290554502033245
2023-10-13,0.04005976101917782,0.2277570497239259,1.4886563188113446
2023-10-20,-1.308403724231367,0.9662926265670735,2.8639502521524864
2023-10-27,-1.335362934886683,0.9001828773308175,2.64573803438167
2023-11-03,2.602411789797825,-0.9374355622333677,1.9968706259720483
2023-11-10,0.569964482569647,-1.119004398035283,1.142910654253859
2023-11-17,1.0056553571809896,-1.1908468049052656,1.058759879428874
2023-11-24,0.3902393170832243,-1.5295509337597664,0.9756690289142014
2023-12-01,0.27703381562264656,-1.4147744557256638,1.4365395763061242
2023-12-08,-0.04836194078964928,-1.4456648209923713,0.7509934330556431
2023-12-15,1.1107406884070108,-1.4162347659669587,0.5011756784506832
2023-12-22,0.1821617173498157,-1.1463461620887758,1.0391074162967795
2023-12-29,-0.05262668190487295,-1.273461597781586,1.2825342269146558
