,Date,Adj Close,Close,High,Low,Open,Volume
0,1994-01-07,469.8999938964844,469.8999938964844,470.260009765625,467.0299987792969,467.0899963378906,324920000
1,1994-01-14,474.9100036621094,474.9100036621094,475.3200073242188,472.5,472.5,304920000
2,1994-01-21,474.7200012207031,474.7200012207031,475.55999755859375,473.7200012207031,474.9800109863281,346350000
3,1994-01-28,478.7000122070313,478.7000122070313,479.75,477.0499877929688,477.0499877929688,313140000
4,1994-02-04,469.80999755859375,469.80999755859375,481.0199890136719,469.2799987792969,480.6799926757813,378380000
5,1994-02-11,470.1799926757813,470.1799926757813,471.1300048828125,466.8900146484375,468.9299926757813,213740000
6,1994-02-18,467.6900024414063,467.6900024414063,471.0899963378906,466.0700073242188,470.2900085449219,293210000
7,1994-02-25,466.0700073242188,466.0700073242188,466.4800109863281,464.3299865722656,464.3299865722656,273680000
8,1994-03-04,464.739990234375,464.739990234375,466.1600036621094,462.4100036621094,463.0299987792969,311850000
9,1994-03-11,466.4400024414063,466.4400024414063,466.6099853515625,462.5400085449219,463.8599853515625,303890000
10,1994-03-18,471.05999755859375,471.05999755859375,471.0899963378906,467.8299865722656,470.8900146484375,462240000
11,1994-03-25,460.5799865722656,460.5799865722656,465.2900085449219,460.5799865722656,464.3500061035156,249640000
12,1994-04-01,445.7699890136719,445.7699890136719,447.1600036621094,436.1600036621094,445.5499877929688,403580000
13,1994-04-08,447.1000061035156,447.1000061035156,450.8900146484375,445.510009765625,450.8900146484375,264090000
14,1994-04-15,446.1799926757813,446.1799926757813,447.8500061035156,445.80999755859375,446.3800048828125,309550000
15,1994-04-22,447.6300048828125,447.6300048828125,449.9599914550781,447.1600036621094,448.7300109863281,295710000
16,1994-04-29,450.9100036621094,450.9100036621094,451.3500061035156,447.9100036621094,449.0700073242188,293970000
17,1994-05-06,447.8200073242188,447.8200073242188,451.3699951171875,445.6400146484375,451.3699951171875,291910000
18,1994-05-13,444.1400146484375,444.1400146484375,444.7200012207031,441.2099914550781,443.6199951171875,252070000
19,1994-05-20,454.9200134277344,454.9200134277344,456.4800109863281,454.2200012207031,456.4800109863281,295180000
20,1994-05-27,457.3299865722656,457.3299865722656,457.3299865722656,454.6700134277344,457.0299987792969,186430000
21,1994-06-03,460.1300048828125,460.1300048828125,460.8599853515625,456.2699890136719,457.6499938964844,271490000
22,1994-06-10,458.6700134277344,458.6700134277344,459.4800109863281,457.3599853515625,457.8599853515625,222480000
23,1994-06-17,458.4500122070313,458.4500122070313,462.1600036621094,458.4400024414063,461.9299926757813,373450000
24,1994-06-24,442.7999877929688,442.7999877929688,449.6300048828125,442.510009765625,449.6300048828125,261260000
25,1994-07-01,446.2000122070313,446.2000122070313,446.4500122070313,443.5799865722656,444.2699890136719,199030000
26,1994-07-08,449.5499877929688,449.5499877929688,449.75,446.5299987792969,448.3800048828125,236520000
27,1994-07-15,454.1600036621094,454.1600036621094,454.3299865722656,452.7999877929688,453.2799987792969,275860000
28,1994-07-22,453.1099853515625,453.1099853515625,454.0299987792969,452.3299865722656,452.6099853515625,261600000
29,1994-07-29,458.260009765625,458.260009765625,459.3299865722656,454.25,454.25,269560000
30,1994-08-05,457.0899963378906,457.0899963378906,458.3399963378906,456.0799865722656,458.3399963378906,230270000
31,1994-08-12,461.9400024414063,461.9400024414063,462.2699890136719,458.8800048828125,458.8800048828125,249280000
32,1994-08-19,463.6799926757813,463.6799926757813,464.3699951171875,461.80999755859375,463.25,276630000
33,1994-08-26,473.7999877929688,473.7999877929688,474.6499938964844,468.0799865722656,468.0799865722656,305120000
34,1994-09-02,470.989990234375,470.989990234375,474.8900146484375,470.6700134277344,473.2000122070313,216150000
35,1994-09-09,468.1799926757813,468.1799926757813,473.1300048828125,466.5499877929688,473.1300048828125,293360000
36,1994-09-16,471.1900024414063,471.1900024414063,474.80999755859375,470.05999755859375,474.80999755859375,410750000
37,1994-09-23,459.6700134277344,459.6700134277344,462.1400146484375,459.010009765625,461.2699890136719,300060000
38,1994-09-30,462.7099914550781,462.7099914550781,465.2999877929688,461.9100036621094,462.2699890136719,291900000
39,1994-10-07,455.1000061035156,455.1000061035156,455.6700134277344,452.1300048828125,452.3699951171875,284230000
40,1994-10-14,469.1000061035156,469.1000061035156,469.5299987792969,466.1099853515625,467.7799987792969,251770000
41,1994-10-21,464.8900146484375,464.8900146484375,466.6900024414063,463.8299865722656,466.6900024414063,315310000
42,1994-10-28,473.7699890136719,473.7699890136719,473.7799987792969,465.7999877929688,465.8399963378906,381450000
43,1994-11-04,462.2799987792969,462.2799987792969,469.2799987792969,462.2799987792969,467.9599914550781,280560000
44,1994-11-11,462.3500061035156,462.3500061035156,464.1700134277344,461.4500122070313,464.1700134277344,220800000
45,1994-11-18,461.4700012207031,461.4700012207031,463.8399963378906,460.25,463.6000061035156,356730000
46,1994-11-25,452.2900085449219,452.2900085449219,452.8699951171875,449.9400024414063,449.9400024414063,118290000
47,1994-12-02,453.2999877929688,453.2999877929688,453.30999755859375,448.0,448.9200134277344,284750000
48,1994-12-09,446.9599914550781,446.9599914550781,446.9800109863281,442.8800048828125,445.4500122070313,336440000
49,1994-12-16,458.7999877929688,458.7999877929688,458.7999877929688,455.3500061035156,455.3500061035156,481860000
50,1994-12-23,459.8299865722656,459.8299865722656,461.3200073242188,459.3900146484375,459.7000122070313,196540000
51,1994-12-30,459.2699890136719,459.2699890136719,462.1199951171875,459.239990234375,461.1700134277344,256260000
52,1995-01-06,460.6799926757813,460.6799926757813,462.489990234375,459.4700012207031,460.3800048828125,308070000
53,1995-01-13,465.9700012207031,465.9700012207031,466.4299926757813,461.6400146484375,461.6400146484375,336740000
54,1995-01-20,464.7799987792969,464.7799987792969,466.989990234375,463.989990234375,466.9500122070313,378190000
55,1995-01-27,470.3900146484375,470.3900146484375,471.3599853515625,468.3200073242188,468.3200073242188,339510000
56,1995-02-03,478.6499938964844,478.6499938964844,479.9100036621094,472.7799987792969,472.7799987792969,441000000
57,1995-02-10,481.4599914550781,481.4599914550781,481.9599914550781,479.5299987792969,480.1900024414063,295600000
58,1995-02-17,481.9700012207031,481.9700012207031,485.2200012207031,481.9700012207031,485.1499938964844,347970000
59,1995-02-24,488.1099853515625,488.1099853515625,488.2799987792969,485.7000122070313,486.8200073242188,302930000
60,1995-03-03,485.4200134277344,485.4200134277344,485.4200134277344,483.0700073242188,485.1300048828125,330840000
61,1995-03-10,489.5700073242188,489.5700073242188,490.3699951171875,483.1600036621094,483.1600036621094,382940000
62,1995-03-17,495.5199890136719,495.5199890136719,496.6700134277344,494.9500122070313,495.4299926757813,417380000
63,1995-03-24,500.9700012207031,500.9700012207031,500.9700012207031,496.0700073242188,496.0700073242188,358370000
64,1995-03-31,500.7099914550781,500.7099914550781,502.2200012207031,495.7000122070313,501.9400024414063,353060000
65,1995-04-07,506.4200134277344,506.4200134277344,507.1900024414063,503.5899963378906,506.1300048828125,314760000
66,1995-04-14,509.2300109863281,509.2300109863281,509.8299865722656,507.1700134277344,507.1900024414063,301580000
67,1995-04-21,508.489990234375,508.489990234375,508.489990234375,505.6300048828125,505.6300048828125,403250000
68,1995-04-28,514.7100219726562,514.7100219726562,515.2899780273438,510.8999938964844,513.6400146484375,320440000
69,1995-05-05,520.1199951171875,520.1199951171875,522.3499755859375,518.280029296875,520.75,342380000
70,1995-05-12,525.5499877929688,525.5499877929688,527.0499877929688,523.2999877929688,524.3699951171875,361000000
71,1995-05-19,519.1900024414062,519.1900024414062,519.5800170898438,517.0700073242188,519.5800170898438,354010000
72,1995-05-26,523.6500244140625,523.6500244140625,528.5900268554688,522.510009765625,528.5900268554688,291220000
73,1995-06-02,532.510009765625,532.510009765625,536.9099731445312,529.5499877929688,533.489990234375,366000000
74,1995-06-09,527.9400024414062,527.9400024414062,532.3499755859375,526.0,532.3499755859375,327570000
75,1995-06-16,539.8300170898438,539.8300170898438,539.97998046875,537.1199951171875,537.510009765625,442740000
76,1995-06-23,549.7100219726562,549.7100219726562,551.0700073242188,548.22998046875,551.0700073242188,321660000
77,1995-06-30,544.75,544.75,546.8200073242188,543.510009765625,543.8699951171875,311650000
78,1995-07-07,556.3699951171875,556.3699951171875,556.5700073242188,553.0499877929688,553.9000244140625,466540000
79,1995-07-14,559.8900146484375,559.8900146484375,561.0,556.4099731445312,561.0,312930000
80,1995-07-21,553.6199951171875,553.6199951171875,554.72998046875,550.9099731445312,553.3400268554688,431830000
81,1995-07-28,562.9299926757812,562.9299926757812,565.4000244140625,562.0399780273438,565.219970703125,311590000
82,1995-08-04,558.9400024414062,558.9400024414062,559.5700073242188,557.9099731445312,558.75,314740000
83,1995-08-11,555.1099853515625,555.1099853515625,558.5,553.0399780273438,557.4500122070312,267850000
84,1995-08-18,559.2100219726562,559.2100219726562,561.239990234375,558.3400268554688,559.0399780273438,320490000
85,1995-08-25,560.0999755859375,560.0999755859375,561.3099975585938,557.4600219726562,557.4600219726562,255990000
86,1995-09-01,563.8400268554688,563.8400268554688,564.6199951171875,561.010009765625,561.8800048828125,256730000
87,1995-09-08,572.6799926757812,572.6799926757812,572.6799926757812,569.27001953125,570.2899780273438,317940000
88,1995-09-15,583.3499755859375,583.3499755859375,585.0700073242188,581.7899780273438,583.6099853515625,459370000
89,1995-09-22,581.72998046875,581.72998046875,583.0,578.25,583.0,370790000
90,1995-09-29,584.4099731445312,584.4099731445312,587.6099853515625,584.0,585.8699951171875,335250000
91,1995-10-06,582.489990234375,582.489990234375,584.5399780273438,582.0999755859375,582.6300048828125,313680000
92,1995-10-13,584.5,584.5,587.3900146484375,583.0999755859375,583.0999755859375,374680000
93,1995-10-20,587.4600219726562,587.4600219726562,590.6599731445312,586.780029296875,590.6500244140625,389360000
94,1995-10-27,579.7000122070312,579.7000122070312,579.7100219726562,573.2100219726562,576.719970703125,379230000
95,1995-11-03,590.5700073242188,590.5700073242188,590.5700073242188,588.6500244140625,589.719970703125,348500000
96,1995-11-10,592.719970703125,592.719970703125,593.260009765625,590.3900146484375,593.260009765625,298690000
97,1995-11-17,600.0700073242188,600.0700073242188,600.1400146484375,597.2999877929688,597.3400268554688,437200000
98,1995-11-24,599.969970703125,599.969970703125,600.239990234375,598.4000244140625,598.4000244140625,125870000
99,1995-12-01,606.97998046875,606.97998046875,608.1099853515625,605.3699951171875,605.3699951171875,393310000
100,1995-12-08,617.47998046875,617.47998046875,617.8200073242188,614.3200073242188,616.1699829101562,327900000
101,1995-12-15,616.3400268554688,616.3400268554688,617.719970703125,614.4600219726562,616.9199829101562,636800000
102,1995-12-22,611.9500122070312,611.9500122070312,613.5,610.4500122070312,610.489990234375,289600000
103,1995-12-29,615.9299926757812,615.9299926757812,615.9299926757812,612.3599853515625,614.1199951171875,321250000
104,1996-01-05,616.7100219726562,616.7100219726562,617.7000122070312,612.02001953125,617.7000122070312,437110000
105,1996-01-12,601.8099975585938,601.8099975585938,604.7999877929688,597.4600219726562,602.6900024414062,383400000
106,1996-01-19,611.8300170898438,611.8300170898438,612.9199829101562,606.760009765625,608.239990234375,497720000
107,1996-01-26,621.6199951171875,621.6199951171875,621.7000122070312,615.260009765625,617.030029296875,385700000
108,1996-02-02,635.8400268554688,635.8400268554688,639.260009765625,634.2899780273438,638.4600219726562,420020000
109,1996-02-09,656.3699951171875,656.3699951171875,661.0800170898438,653.6400146484375,656.0700073242188,477640000
110,1996-02-16,647.97998046875,647.97998046875,651.4199829101562,646.989990234375,651.3200073242188,445570000
111,1996-02-23,659.0800170898438,659.0800170898438,663.0,652.25,658.8599853515625,443130000
112,1996-03-01,644.3699951171875,644.3699951171875,644.3800048828125,635.0,640.4299926757812,471480000
113,1996-03-08,633.5,633.5,653.6500244140625,627.6300048828125,653.6500244140625,546550000
114,1996-03-15,641.4299926757812,641.4299926757812,642.8699951171875,638.3499755859375,640.8699951171875,529970000
115,1996-03-22,650.6199951171875,650.6199951171875,652.0800170898438,649.1900024414062,649.1900024414062,329390000
116,1996-03-29,645.5,645.5,650.9600219726562,644.8900146484375,648.9400024414062,413510000
117,1996-04-05,655.8599853515625,655.8599853515625,656.6799926757812,654.8900146484375,655.8800048828125,383400000
118,1996-04-12,636.7100219726562,636.7100219726562,637.1400146484375,631.1799926757812,631.1799926757812,413270000
119,1996-04-19,645.0700073242188,645.0700073242188,647.3200073242188,643.6099853515625,643.6099853515625,435690000
120,1996-04-26,653.4600219726562,653.4600219726562,656.4299926757812,651.9600219726562,652.8699951171875,402530000
121,1996-05-03,641.6300048828125,641.6300048828125,648.4500122070312,640.22998046875,643.3800048828125,434010000
122,1996-05-10,652.0900268554688,652.0900268554688,653.0,645.4400024414062,645.4400024414062,428370000
123,1996-05-17,668.9099731445312,668.9099731445312,669.8400268554688,664.8499755859375,664.8499755859375,429140000
124,1996-05-24,678.510009765625,678.510009765625,679.719970703125,676.0,676.0,329150000
125,1996-05-31,669.1199951171875,669.1199951171875,673.4600219726562,667.0,671.7000122070312,351750000
126,1996-06-07,673.3099975585938,673.3099975585938,673.3099975585938,662.47998046875,673.030029296875,445710000
127,1996-06-14,665.8499755859375,665.8499755859375,668.4000244140625,664.3499755859375,667.9199829101562,390630000
128,1996-06-21,666.8400268554688,666.8400268554688,666.8400268554688,662.0999755859375,662.0999755859375,520340000
129,1996-06-28,670.6300048828125,670.6300048828125,672.6799926757812,668.5499877929688,668.5499877929688,470460000
130,1996-07-05,657.4400024414062,657.4400024414062,672.4000244140625,657.4099731445312,672.4000244140625,181470000
131,1996-07-12,646.1900024414062,646.1900024414062,647.6400146484375,640.2100219726562,645.6699829101562,396740000
132,1996-07-19,638.72998046875,638.72998046875,643.510009765625,635.5,643.510009765625,408070000
133,1996-07-26,635.9000244140625,635.9000244140625,636.22998046875,631.1699829101562,631.1699829101562,349900000
134,1996-08-02,662.489990234375,662.489990234375,662.489990234375,650.02001953125,650.02001953125,442080000
135,1996-08-09,662.0999755859375,662.0999755859375,665.3699951171875,660.3099975585938,662.5900268554688,327280000
136,1996-08-16,665.2100219726562,665.2100219726562,666.3400268554688,662.260009765625,662.280029296875,337650000
137,1996-08-23,667.030029296875,667.030029296875,670.6799926757812,664.9299926757812,670.6799926757812,308010000
138,1996-08-30,651.989990234375,651.989990234375,657.7100219726562,650.52001953125,657.4000244140625,258380000
139,1996-09-06,655.6799926757812,655.6799926757812,658.2100219726562,649.4400024414062,649.4400024414062,348710000
140,1996-09-13,680.5399780273438,680.5399780273438,681.3900146484375,671.1500244140625,671.1500244140625,488360000
141,1996-09-20,687.030029296875,687.030029296875,687.0700073242188,683.0,683.0,519420000
142,1996-09-27,686.1900024414062,686.1900024414062,687.1099853515625,683.72998046875,685.8599853515625,414760000
143,1996-10-04,701.4600219726562,701.4600219726562,701.739990234375,692.780029296875,692.780029296875,463940000
144,1996-10-11,700.6599731445312,700.6599731445312,700.6699829101562,694.6099853515625,694.6099853515625,396050000
145,1996-10-18,710.8200073242188,710.8200073242188,711.0399780273438,706.1099853515625,706.989990234375,473020000
146,1996-10-25,700.9199829101562,700.9199829101562,704.1099853515625,700.530029296875,702.2899780273438,367640000
147,1996-11-01,703.77001953125,703.77001953125,708.5999755859375,701.2999877929688,705.27001953125,465510000
148,1996-11-08,730.8200073242188,730.8200073242188,730.8200073242188,725.219970703125,727.6500244140625,402320000
149,1996-11-15,737.6199951171875,737.6199951171875,741.9199829101562,735.1500244140625,735.8800048828125,529100000
150,1996-11-22,748.72998046875,748.72998046875,748.72998046875,742.75,742.75,525210000
151,1996-11-29,757.02001953125,757.02001953125,758.27001953125,755.0,755.0,14990000
152,1996-12-06,739.5999755859375,739.5999755859375,744.3800048828125,726.8900146484375,744.3800048828125,500860000
153,1996-12-13,728.6400146484375,728.6400146484375,731.4000244140625,721.969970703125,729.3300170898438,458540000
154,1996-12-20,748.8699951171875,748.8699951171875,755.4099731445312,745.760009765625,745.760009765625,654340000
155,1996-12-27,756.7899780273438,756.7899780273438,758.75,754.8200073242188,755.8200073242188,253810000
156,1997-01-03,748.030029296875,748.030029296875,748.239990234375,737.010009765625,737.010009765625,452970000
157,1997-01-10,759.5,759.5,759.6500244140625,746.9199829101562,754.8499755859375,545850000
158,1997-01-17,776.1699829101562,776.1699829101562,776.3699951171875,769.719970703125,769.75,534640000
159,1997-01-24,770.52001953125,770.52001953125,778.2100219726562,768.1699829101562,777.5599975585938,542920000
160,1997-01-31,786.1599731445312,786.1599731445312,791.8599853515625,784.1699829101562,784.1699829101562,578550000
161,1997-02-07,789.5599975585938,789.5599975585938,789.719970703125,778.1900024414062,780.1500244140625,540910000
162,1997-02-14,808.47998046875,808.47998046875,812.2000122070312,808.1500244140625,811.8200073242188,491540000
163,1997-02-21,801.77001953125,801.77001953125,804.9400024414062,799.989990234375,802.7999877929688,478450000
164,1997-02-28,790.8200073242188,790.8200073242188,795.7000122070312,788.5,795.0700073242188,508280000
165,1997-03-07,804.969970703125,804.969970703125,808.1900024414062,798.5599975585938,798.5599975585938,508270000
166,1997-03-14,793.1699829101562,793.1699829101562,796.8800048828125,789.5599975585938,789.5599975585938,491540000
167,1997-03-21,784.0999755859375,784.0999755859375,786.4400024414062,782.6500244140625,782.6500244140625,638760000
168,1997-03-28,773.8800048828125,773.8800048828125,792.5800170898438,767.3200073242188,790.5,476790000
169,1997-04-04,757.9000244140625,757.9000244140625,757.9000244140625,744.0399780273438,750.3200073242188,544580000
170,1997-04-11,737.6500244140625,737.6500244140625,758.3400268554688,737.6400146484375,758.3400268554688,444380000
171,1997-04-18,766.3400268554688,766.3400268554688,767.9299926757812,761.77001953125,761.77001953125,468940000
172,1997-04-25,765.3699951171875,765.3699951171875,771.1799926757812,764.6300048828125,771.1799926757812,414350000
173,1997-05-02,812.969970703125,812.969970703125,812.989990234375,798.530029296875,798.530029296875,499770000
174,1997-05-09,824.780029296875,824.780029296875,827.6900024414062,815.780029296875,820.260009765625,455690000
175,1997-05-16,829.75,829.75,841.8800048828125,829.1500244140625,841.8800048828125,486780000
176,1997-05-23,847.030029296875,847.030029296875,848.489990234375,835.6599731445312,835.6599731445312,417030000
177,1997-05-30,848.280029296875,848.280029296875,851.8699951171875,831.8699951171875,844.0800170898438,537200000
178,1997-06-06,858.010009765625,858.010009765625,859.239990234375,843.3599853515625,843.4299926757812,488940000
179,1997-06-13,893.27001953125,893.27001953125,894.6900024414062,883.47998046875,883.47998046875,575810000
180,1997-06-20,898.7000122070312,898.7000122070312,901.77001953125,897.77001953125,897.989990234375,653110000
181,1997-06-27,887.2999877929688,887.2999877929688,894.7000122070312,883.6799926757812,883.6799926757812,472540000
182,1997-07-04,916.9199829101562,916.9199829101562,917.8200073242188,904.030029296875,904.030029296875,374680000
183,1997-07-11,916.6799926757812,916.6799926757812,919.739990234375,913.1099853515624,913.780029296875,500050000
184,1997-07-18,915.2999877929688,915.2999877929688,931.6099853515624,912.9000244140624,931.6099853515624,589710000
185,1997-07-25,938.7899780273438,938.7899780273438,945.6500244140624,936.0900268554688,940.2999877929688,521510000
186,1997-08-01,947.1400146484376,947.1400146484376,955.3499755859376,939.0399780273438,954.2899780273438,513750000
187,1997-08-08,933.5399780273438,933.5399780273438,951.1900024414062,925.739990234375,951.1900024414062,563420000
188,1997-08-15,900.8099975585938,900.8099975585938,924.77001953125,900.8099975585938,924.77001953125,537820000
189,1997-08-22,923.5399780273438,923.5399780273438,925.0499877929688,905.4199829101562,925.0499877929688,460160000
190,1997-08-29,899.469970703125,899.469970703125,907.280029296875,896.8200073242188,903.6699829101562,413910000
191,1997-09-05,929.0499877929688,929.0499877929688,940.3699951171876,924.0499877929688,930.8699951171876,536400000
192,1997-09-12,923.9099731445312,923.9099731445312,925.0499877929688,906.7000122070312,912.5900268554688,544150000
193,1997-09-19,950.510009765625,950.510009765625,952.3499755859376,943.9000244140624,947.2899780273438,631040000
194,1997-09-26,945.219970703125,945.219970703125,946.4400024414062,937.9099731445312,937.9099731445312,505340000
195,1997-10-03,965.030029296875,965.030029296875,975.469970703125,955.1300048828124,960.4600219726562,623370000
196,1997-10-10,966.97998046875,966.97998046875,970.6199951171876,963.4199829101562,970.6199951171876,500680000
197,1997-10-17,944.1599731445312,944.1599731445312,955.22998046875,931.5800170898438,955.22998046875,624980000
198,1997-10-24,941.6400146484376,941.6400146484376,960.0399780273438,937.5499877929688,950.6900024414062,677630000
199,1997-10-31,914.6199951171876,914.6199951171876,919.9299926757812,903.6799926757812,903.6799926757812,638070000
200,1997-11-07,927.510009765625,927.510009765625,938.030029296875,915.3900146484376,938.030029296875,569980000
201,1997-11-14,928.3499755859376,928.3499755859376,930.4400024414062,915.3400268554688,916.6599731445312,635760000
202,1997-11-21,963.0900268554688,963.0900268554688,964.5499877929688,954.5999755859376,958.97998046875,611000000
203,1997-11-28,955.4000244140624,955.4000244140624,959.1300048828124,951.6400146484376,951.6400146484376,189070000
204,1997-12-05,983.7899780273438,983.7899780273438,986.25,969.0999755859376,973.0999755859376,563590000
205,1997-12-12,953.3900146484376,953.3900146484376,961.3200073242188,947.0,954.9400024414062,579280000
206,1997-12-19,946.780029296875,946.780029296875,955.2999877929688,924.9199829101562,955.2999877929688,793200000
207,1997-12-26,936.4600219726562,936.4600219726562,939.989990234375,932.7000122070312,932.7000122070312,154900000
208,1998-01-02,975.0399780273438,975.0399780273438,975.0399780273438,965.72998046875,970.4299926757812,366730000
209,1998-01-09,927.6900024414062,927.6900024414062,956.0499877929688,921.719970703125,956.0499877929688,746420000
210,1998-01-16,961.510009765625,961.510009765625,965.1199951171876,950.72998046875,950.72998046875,670080000
211,1998-01-23,957.5900268554688,957.5900268554688,966.4400024414062,950.8599853515624,963.0399780273438,635770000
212,1998-01-30,980.280029296875,980.280029296875,987.4099731445312,979.6300048828124,985.489990234375,613380000
213,1998-02-06,1012.4600219726562,1012.4600219726562,1013.0700073242188,1003.3599853515624,1003.5399780273438,569650000
214,1998-02-13,1020.0900268554688,1020.0900268554688,1024.1400146484375,1017.7100219726562,1024.1400146484375,531940000
215,1998-02-20,1034.2099609375,1034.2099609375,1034.2099609375,1022.6900024414062,1028.280029296875,594300000
216,1998-02-27,1049.3399658203125,1049.3399658203125,1051.6600341796875,1044.4000244140625,1048.6700439453125,574480000
217,1998-03-06,1055.68994140625,1055.68994140625,1055.68994140625,1035.050048828125,1035.050048828125,665500000
218,1998-03-13,1068.6099853515625,1068.6099853515625,1075.8599853515625,1066.5699462890625,1069.9200439453125,597800000
219,1998-03-20,1099.1600341796875,1099.1600341796875,1101.0400390625,1089.3900146484375,1089.739990234375,717310000
220,1998-03-27,1095.43994140625,1095.43994140625,1107.1800537109375,1091.1400146484375,1100.800048828125,582190000
221,1998-04-03,1122.699951171875,1122.699951171875,1126.3599853515625,1118.1199951171875,1120.010009765625,653880000
222,1998-04-10,1110.6700439453125,1110.6700439453125,1111.449951171875,1101.6500244140625,1101.6500244140625,548940000
223,1998-04-17,1122.719970703125,1122.719970703125,1122.719970703125,1104.949951171875,1108.1700439453125,672290000
224,1998-04-24,1107.9000244140625,1107.9000244140625,1122.81005859375,1104.77001953125,1119.5799560546875,633890000
225,1998-05-01,1121.0,1121.0,1121.02001953125,1111.75,1111.75,581970000
226,1998-05-08,1108.1400146484375,1108.1400146484375,1111.4200439453125,1094.530029296875,1095.1400146484375,567890000
227,1998-05-15,1108.72998046875,1108.72998046875,1118.6600341796875,1107.1099853515625,1117.3699951171875,621990000
228,1998-05-22,1110.469970703125,1110.469970703125,1116.8900146484375,1107.989990234375,1114.6400146484375,444070000
229,1998-05-29,1090.8199462890625,1090.8199462890625,1104.1600341796875,1090.8199462890625,1097.5999755859375,556780000
230,1998-06-05,1113.8599853515625,1113.8599853515625,1113.8800048828125,1094.8299560546875,1095.0999755859375,558440000
231,1998-06-12,1098.8399658203125,1098.8399658203125,1098.8399658203125,1080.8299560546875,1094.5799560546875,633300000
232,1998-06-19,1100.6500244140625,1100.6500244140625,1111.25,1097.0999755859375,1106.3699951171875,715500000
233,1998-06-26,1133.199951171875,1133.199951171875,1136.8299560546875,1129.280029296875,1129.280029296875,520050000
234,1998-07-03,1146.4200439453125,1146.4200439453125,1148.56005859375,1142.989990234375,1148.56005859375,510210000
235,1998-07-10,1164.3299560546875,1164.3299560546875,1166.9300537109375,1150.8800048828125,1158.5699462890625,576080000
236,1998-07-17,1186.75,1186.75,1188.0999755859375,1182.4200439453125,1183.989990234375,618030000
237,1998-07-24,1140.800048828125,1140.800048828125,1150.1400146484375,1129.1099853515625,1139.75,698600000
238,1998-07-31,1120.6700439453125,1120.6700439453125,1142.969970703125,1114.300048828125,1142.949951171875,645910000
239,1998-08-07,1089.449951171875,1089.449951171875,1102.5400390625,1084.719970703125,1089.6300048828125,759100000
240,1998-08-14,1062.75,1062.75,1083.9200439453125,1057.219970703125,1074.9100341796875,644030000
241,1998-08-21,1081.239990234375,1081.239990234375,1091.5999755859375,1054.9200439453125,1091.5999755859375,725700000
242,1998-08-28,1027.1400146484375,1027.1400146484375,1051.800048828125,1021.0399780273438,1042.5899658203125,840300000
243,1998-09-04,973.8900146484376,973.8900146484376,991.4099731445312,956.510009765625,982.260009765625,780300000
244,1998-09-11,1009.0599975585938,1009.0599975585938,1009.0599975585938,969.7100219726562,980.1900024414062,819100000
245,1998-09-18,1020.0900268554688,1020.0900268554688,1022.010009765625,1011.8599853515624,1018.8699951171876,794700000
246,1998-09-25,1044.75,1044.75,1051.8900146484375,1028.489990234375,1042.719970703125,736800000
247,1998-10-02,1002.5999755859376,1002.5999755859376,1005.4500122070312,971.6900024414062,986.3900146484376,902900000
248,1998-10-09,984.3900146484376,984.3900146484376,984.4199829101562,953.0399780273438,959.4400024414062,878100000
249,1998-10-16,1056.4200439453125,1056.4200439453125,1062.6500244140625,1047.489990234375,1047.489990234375,1042200000
250,1998-10-23,1070.6700439453125,1070.6700439453125,1078.47998046875,1067.4300537109375,1078.47998046875,637640000
251,1998-10-30,1098.6700439453125,1098.6700439453125,1103.780029296875,1085.9300537109375,1085.9300537109375,785000000
252,1998-11-06,1141.010009765625,1141.010009765625,1141.300048828125,1131.1800537109375,1133.8499755859375,683100000
253,1998-11-13,1125.719970703125,1125.719970703125,1126.3399658203125,1116.760009765625,1117.68994140625,602270000
254,1998-11-20,1163.550048828125,1163.550048828125,1163.550048828125,1152.6099853515625,1152.6099853515625,721200000
255,1998-11-27,1192.3299560546875,1192.3299560546875,1192.969970703125,1186.8299560546875,1186.8699951171875,256950000
256,1998-12-04,1176.739990234375,1176.739990234375,1176.739990234375,1150.1400146484375,1150.1400146484375,709700000
257,1998-12-11,1166.4599609375,1166.4599609375,1167.8900146484375,1153.18994140625,1165.02001953125,688900000
258,1998-12-18,1188.030029296875,1188.030029296875,1188.8900146484375,1178.27001953125,1179.97998046875,839600000
259,1998-12-25,1226.27001953125,1226.27001953125,1229.719970703125,1224.8499755859375,1228.5400390625,246980000
260,1999-01-01,1229.22998046875,1229.22998046875,1237.1800537109375,1224.9599609375,1231.9300537109375,719200000
261,1999-01-08,1275.0899658203125,1275.0899658203125,1278.239990234375,1261.8199462890625,1269.72998046875,937800000
262,1999-01-15,1243.260009765625,1243.260009765625,1243.260009765625,1212.18994140625,1212.18994140625,798100000
263,1999-01-22,1225.18994140625,1225.18994140625,1236.4100341796875,1217.969970703125,1235.1600341796875,785900000
264,1999-01-29,1279.6400146484375,1279.6400146484375,1280.3699951171875,1255.1800537109375,1265.3699951171875,917000000
265,1999-02-05,1239.4000244140625,1239.4000244140625,1251.8599853515625,1232.280029296875,1248.489990234375,872000000
266,1999-02-12,1230.1300048828125,1230.1300048828125,1254.0400390625,1225.530029296875,1254.0400390625,691500000
267,1999-02-19,1239.219970703125,1239.219970703125,1247.9100341796875,1232.030029296875,1237.280029296875,700000000
268,1999-02-26,1238.3299560546875,1238.3299560546875,1246.72998046875,1226.239990234375,1245.02001953125,784600000
269,1999-03-05,1275.469970703125,1275.469970703125,1275.72998046875,1246.6400146484375,1246.6400146484375,834900000
270,1999-03-12,1294.5899658203125,1294.5899658203125,1304.4200439453125,1289.1700439453125,1297.6800537109375,825800000
271,1999-03-19,1299.2900390625,1299.2900390625,1323.8199462890625,1298.9200439453125,1316.550048828125,914700000
272,1999-03-26,1282.800048828125,1282.800048828125,1289.989990234375,1277.25,1289.989990234375,707200000
273,1999-04-02,1293.719970703125,1293.719970703125,1294.5400390625,1282.56005859375,1286.3699951171875,703000000
274,1999-04-09,1348.3499755859375,1348.3499755859375,1351.219970703125,1335.239990234375,1343.97998046875,716100000
275,1999-04-16,1319.0,1319.0,1325.030029296875,1311.4000244140625,1322.8599853515625,1002300000
276,1999-04-23,1356.8499755859375,1356.8499755859375,1363.6500244140625,1348.449951171875,1358.8299560546875,744900000
277,1999-04-30,1335.1800537109375,1335.1800537109375,1351.8299560546875,1314.5799560546875,1342.8299560546875,936500000
278,1999-05-07,1345.0,1345.0,1345.989990234375,1332.050048828125,1332.050048828125,814900000
279,1999-05-14,1337.800048828125,1337.800048828125,1367.56005859375,1332.6300048828125,1367.56005859375,727800000
280,1999-05-21,1330.2900390625,1330.2900390625,1340.8800048828125,1326.18994140625,1338.8299560546875,686600000
281,1999-05-28,1301.8399658203125,1301.8399658203125,1304.0,1281.4100341796875,1281.4100341796875,649960000
282,1999-06-04,1327.75,1327.75,1327.75,1299.5400390625,1299.5400390625,694500000
283,1999-06-11,1293.6400146484375,1293.6400146484375,1311.969970703125,1287.8800048828125,1302.8199462890625,698200000
284,1999-06-18,1342.8399658203125,1342.8399658203125,1344.47998046875,1333.52001953125,1339.9000244140625,914500000
285,1999-06-25,1315.31005859375,1315.31005859375,1329.1300048828125,1312.6400146484375,1315.780029296875,623460000
286,1999-07-02,1391.219970703125,1391.219970703125,1391.219970703125,1379.5699462890625,1380.9599609375,613570000
287,1999-07-09,1403.280029296875,1403.280029296875,1403.280029296875,1394.4200439453125,1394.4200439453125,701000000
288,1999-07-16,1418.780029296875,1418.780029296875,1418.780029296875,1407.0699462890625,1409.6199951171875,714100000
289,1999-07-23,1356.93994140625,1356.93994140625,1367.4100341796875,1349.9100341796875,1360.969970703125,630580000
290,1999-07-30,1328.719970703125,1328.719970703125,1350.9200439453125,1328.489990234375,1341.030029296875,736800000
291,1999-08-06,1300.2900390625,1300.2900390625,1316.739990234375,1293.18994140625,1313.7099609375,698900000
292,1999-08-13,1327.6800537109375,1327.6800537109375,1327.719970703125,1298.1600341796875,1298.1600341796875,691700000
293,1999-08-20,1336.6099853515625,1336.6099853515625,1336.6099853515625,1323.5899658203125,1323.5899658203125,661200000
294,1999-08-27,1348.27001953125,1348.27001953125,1365.6300048828125,1347.3499755859375,1362.010009765625,570050000
295,1999-09-03,1357.239990234375,1357.239990234375,1357.739990234375,1319.1099853515625,1319.1099853515625,663200000
296,1999-09-10,1351.6600341796875,1351.6600341796875,1357.6199951171875,1346.199951171875,1347.6600341796875,808500000
297,1999-09-17,1335.4200439453125,1335.4200439453125,1337.5899658203125,1318.47998046875,1318.47998046875,861900000
298,1999-09-24,1277.3599853515625,1277.3599853515625,1281.1700439453125,1263.8399658203125,1280.4100341796875,872800000
299,1999-10-01,1282.81005859375,1282.81005859375,1283.1700439453125,1265.780029296875,1282.7099609375,896200000
300,1999-10-08,1336.02001953125,1336.02001953125,1336.6099853515625,1311.8800048828125,1317.6400146484375,897300000
301,1999-10-15,1247.4100341796875,1247.4100341796875,1283.4200439453125,1245.3900146484375,1283.4200439453125,912600000
302,1999-10-22,1301.6500244140625,1301.6500244140625,1308.81005859375,1283.6099853515625,1283.6099853515625,959200000
303,1999-10-29,1362.9300537109375,1362.9300537109375,1373.1700439453125,1342.43994140625,1342.43994140625,1120500000
304,1999-11-05,1370.22998046875,1370.22998046875,1387.47998046875,1362.6400146484375,1362.6400146484375,1007300000
305,1999-11-12,1396.06005859375,1396.06005859375,1396.1199951171875,1368.5400390625,1381.4599609375,900200000
306,1999-11-19,1422.0,1422.0,1424.93994140625,1417.5400390625,1424.93994140625,893800000
307,1999-11-26,1416.6199951171875,1416.6199951171875,1425.239990234375,1416.1400146484375,1417.0799560546875,312120000
308,1999-12-03,1433.300048828125,1433.300048828125,1447.4200439453125,1409.0400390625,1409.0400390625,1006400000
309,1999-12-10,1417.0400390625,1417.0400390625,1421.5799560546875,1405.6500244140625,1408.1099853515625,987200000
310,1999-12-17,1421.030029296875,1421.030029296875,1431.77001953125,1418.780029296875,1418.780029296875,1349800000
311,1999-12-24,1458.3399658203125,1458.3399658203125,1461.43994140625,1436.1300048828125,1436.1300048828125,728600000
312,1999-12-31,1469.25,1469.25,1472.4200439453125,1458.18994140625,1464.469970703125,374050000
313,2000-01-07,1441.469970703125,1441.469970703125,1441.469970703125,1400.72998046875,1403.449951171875,1225200000
314,2000-01-14,1465.1500244140625,1465.1500244140625,1473.0,1449.6800537109375,1449.6800537109375,1085900000
315,2000-01-21,1441.3599853515625,1441.3599853515625,1453.1800537109375,1439.5999755859375,1445.5699462890625,1209800000
316,2000-01-28,1360.1600341796875,1360.1600341796875,1398.56005859375,1356.199951171875,1398.56005859375,1095800000
317,2000-02-04,1424.3699951171875,1424.3699951171875,1435.9100341796875,1420.6300048828125,1424.969970703125,1045100000
318,2000-02-11,1387.1199951171875,1387.1199951171875,1416.8299560546875,1378.8900146484375,1416.8299560546875,1025700000
319,2000-02-18,1346.0899658203125,1346.0899658203125,1388.5899658203125,1345.3199462890625,1388.260009765625,1042300000
320,2000-02-25,1333.3599853515625,1333.3599853515625,1362.1400146484375,1329.1500244140625,1353.4300537109375,1065200000
321,2000-03-03,1409.1700439453125,1409.1700439453125,1410.8800048828125,1381.760009765625,1381.760009765625,1150300000
322,2000-03-10,1395.0699462890625,1395.0699462890625,1413.4599609375,1392.0699462890625,1401.68994140625,1138800000
323,2000-03-17,1464.469970703125,1464.469970703125,1477.3299560546875,1453.3199462890625,1458.469970703125,1295100000
324,2000-03-24,1527.4599609375,1527.4599609375,1552.8699951171875,1516.8299560546875,1527.3499755859375,1052200000
325,2000-03-31,1498.5799560546875,1498.5799560546875,1519.81005859375,1484.3800048828125,1487.9200439453125,1227400000
326,2000-04-07,1516.3499755859375,1516.3499755859375,1518.6800537109375,1501.3399658203125,1501.3399658203125,891600000
327,2000-04-14,1356.56005859375,1356.56005859375,1440.510009765625,1339.4000244140625,1440.510009765625,1279700000
328,2000-04-21,1434.5400390625,1434.5400390625,1435.489990234375,1422.0799560546875,1427.469970703125,896200000
329,2000-04-28,1452.4300537109375,1452.4300537109375,1473.6199951171875,1448.1500244140625,1464.9200439453125,984600000
330,2000-05-05,1432.6300048828125,1432.6300048828125,1436.030029296875,1405.0799560546875,1409.5699462890625,805500000
331,2000-05-12,1420.9599609375,1420.9599609375,1430.1300048828125,1407.81005859375,1407.81005859375,858200000
332,2000-05-19,1406.949951171875,1406.949951171875,1437.2099609375,1401.739990234375,1437.2099609375,853700000
333,2000-05-26,1378.02001953125,1378.02001953125,1391.4200439453125,1369.75,1381.52001953125,722600000
334,2000-06-02,1477.260009765625,1477.260009765625,1483.22998046875,1448.81005859375,1448.81005859375,1162400000
335,2000-06-09,1456.949951171875,1456.949951171875,1472.6700439453125,1454.9599609375,1461.6700439453125,786000000
336,2000-06-16,1464.4599609375,1464.4599609375,1480.77001953125,1460.4200439453125,1478.72998046875,1250800000
337,2000-06-23,1441.47998046875,1441.47998046875,1459.93994140625,1438.31005859375,1452.1800537109375,847600000
338,2000-06-30,1454.5999755859375,1454.5999755859375,1454.6800537109375,1438.7099609375,1442.3900146484375,1459700000
339,2000-07-07,1478.9000244140625,1478.9000244140625,1484.1199951171875,1456.6700439453125,1456.6700439453125,931700000
340,2000-07-14,1509.97998046875,1509.97998046875,1509.989990234375,1494.56005859375,1495.8399658203125,960600000
341,2000-07-21,1480.18994140625,1480.18994140625,1495.5699462890625,1477.9100341796875,1495.5699462890625,968300000
342,2000-07-28,1419.8900146484375,1419.8900146484375,1456.6800537109375,1413.8900146484375,1449.6199951171875,980000000
343,2000-08-04,1462.9300537109375,1462.9300537109375,1462.9300537109375,1451.31005859375,1452.56005859375,956000000
344,2000-08-11,1471.8399658203125,1471.8399658203125,1475.719970703125,1453.06005859375,1460.25,835500000
345,2000-08-18,1491.719970703125,1491.719970703125,1499.469970703125,1488.989990234375,1496.0699462890625,821400000
346,2000-08-25,1506.449951171875,1506.449951171875,1513.469970703125,1505.0899658203125,1508.31005859375,685600000
347,2000-09-01,1520.77001953125,1520.77001953125,1530.0899658203125,1515.530029296875,1517.6800537109375,767700000
348,2000-09-08,1494.5,1494.5,1502.510009765625,1489.8800048828125,1502.510009765625,961000000
349,2000-09-15,1465.81005859375,1465.81005859375,1480.9599609375,1460.219970703125,1480.8699951171875,1268400000
350,2000-09-22,1448.719970703125,1448.719970703125,1449.050048828125,1421.8800048828125,1449.050048828125,1185500000
351,2000-09-29,1436.510009765625,1436.510009765625,1458.2900390625,1436.2900390625,1458.2900390625,1197100000
352,2000-10-06,1408.989990234375,1408.989990234375,1443.300048828125,1397.06005859375,1436.280029296875,1150100000
353,2000-10-13,1374.1700439453125,1374.1700439453125,1374.1700439453125,1327.0799560546875,1329.780029296875,1223900000
354,2000-10-20,1396.9300537109375,1396.9300537109375,1408.469970703125,1382.18994140625,1388.760009765625,1177400000
355,2000-10-27,1379.5799560546875,1379.5799560546875,1384.5699462890625,1364.1300048828125,1364.43994140625,1086300000
356,2000-11-03,1426.68994140625,1426.68994140625,1433.2099609375,1420.9200439453125,1428.3199462890625,997700000
357,2000-11-10,1365.97998046875,1365.97998046875,1400.1400146484375,1365.969970703125,1400.1400146484375,962500000
358,2000-11-17,1367.719970703125,1367.719970703125,1384.8499755859375,1355.550048828125,1372.3199462890625,1070400000
359,2000-11-24,1341.77001953125,1341.77001953125,1343.8299560546875,1322.3599853515625,1322.3599853515625,404870000
360,2000-12-01,1315.22998046875,1315.22998046875,1334.6700439453125,1307.02001953125,1314.949951171875,1195200000
361,2000-12-08,1369.8900146484375,1369.8900146484375,1380.3299560546875,1343.550048828125,1343.550048828125,1358300000
362,2000-12-15,1312.1500244140625,1312.1500244140625,1340.9300537109375,1305.3800048828125,1340.9300537109375,1561100000
363,2000-12-22,1305.949951171875,1305.949951171875,1305.969970703125,1274.8599853515625,1274.8599853515625,1087100000
364,2000-12-29,1320.280029296875,1320.280029296875,1340.0999755859375,1317.510009765625,1334.219970703125,1035500000
365,2001-01-05,1298.3499755859375,1298.3499755859375,1334.77001953125,1294.949951171875,1333.3399658203125,1430800000
366,2001-01-12,1318.550048828125,1318.550048828125,1333.2099609375,1311.5899658203125,1326.8199462890625,1276000000
367,2001-01-19,1342.5400390625,1342.5400390625,1354.550048828125,1336.739990234375,1347.969970703125,1407800000
368,2001-01-26,1354.949951171875,1354.949951171875,1357.510009765625,1342.75,1357.510009765625,1098000000
369,2001-02-02,1349.469970703125,1349.469970703125,1376.3800048828125,1348.719970703125,1373.469970703125,1048400000
370,2001-02-09,1314.760009765625,1314.760009765625,1332.530029296875,1309.97998046875,1332.530029296875,1075500000
371,2001-02-16,1301.530029296875,1301.530029296875,1326.6099853515625,1293.1800537109375,1326.6099853515625,1257200000
372,2001-02-23,1245.8599853515625,1245.8599853515625,1252.8199462890625,1215.43994140625,1252.8199462890625,1231300000
373,2001-03-02,1234.1800537109375,1234.1800537109375,1251.010009765625,1219.739990234375,1241.22998046875,1294000000
374,2001-03-09,1233.4200439453125,1233.4200439453125,1264.739990234375,1228.4200439453125,1264.739990234375,1085900000
375,2001-03-16,1150.530029296875,1150.530029296875,1173.56005859375,1148.6400146484375,1173.56005859375,1543560000
376,2001-03-23,1139.8299560546875,1139.8299560546875,1141.8299560546875,1117.5799560546875,1117.5799560546875,1364900000
377,2001-03-30,1160.3299560546875,1160.3299560546875,1162.800048828125,1143.8299560546875,1147.949951171875,1280800000
378,2001-04-06,1128.4300537109375,1128.4300537109375,1151.43994140625,1119.2900390625,1151.43994140625,1266800000
379,2001-04-13,1183.5,1183.5,1183.510009765625,1157.72998046875,1165.8900146484375,1102000000
380,2001-04-20,1242.97998046875,1242.97998046875,1253.699951171875,1234.4100341796875,1253.699951171875,1338700000
381,2001-04-27,1253.050048828125,1253.050048828125,1253.0699462890625,1234.52001953125,1234.52001953125,1091300000
382,2001-05-04,1266.6099853515625,1266.6099853515625,1267.510009765625,1232.0,1248.5799560546875,1082100000
383,2001-05-11,1245.6700439453125,1245.6700439453125,1259.8399658203125,1240.7900390625,1255.1800537109375,906200000
384,2001-05-18,1291.9599609375,1291.9599609375,1292.06005859375,1281.1500244140625,1288.489990234375,1130800000
385,2001-05-25,1277.8900146484375,1277.8900146484375,1293.1700439453125,1276.4200439453125,1293.1700439453125,828100000
386,2001-06-01,1260.6700439453125,1260.6700439453125,1265.3399658203125,1246.8800048828125,1255.8199462890625,1015000000
387,2001-06-08,1264.9599609375,1264.9599609375,1277.1099853515625,1259.989990234375,1276.9599609375,726200000
388,2001-06-15,1214.3599853515625,1214.3599853515625,1221.5,1203.030029296875,1219.8699951171875,1635550000
389,2001-06-22,1225.3499755859375,1225.3499755859375,1237.72998046875,1221.4100341796875,1237.0400390625,1189200000
390,2001-06-29,1224.3800048828125,1224.3800048828125,1237.2900390625,1221.1400146484375,1226.199951171875,1832360000
391,2001-07-06,1190.5899658203125,1190.5899658203125,1219.239990234375,1188.739990234375,1219.239990234375,1056700000
392,2001-07-13,1215.6800537109375,1215.6800537109375,1218.5400390625,1203.6099853515625,1208.1400146484375,1121700000
393,2001-07-20,1210.8499755859375,1210.8499755859375,1215.68994140625,1207.0400390625,1215.02001953125,1170900000
394,2001-07-27,1205.8199462890625,1205.8199462890625,1209.260009765625,1195.989990234375,1202.9300537109375,1015300000
395,2001-08-03,1214.3499755859375,1214.3499755859375,1220.75,1205.31005859375,1220.75,939900000
396,2001-08-10,1190.1600341796875,1190.1600341796875,1193.3299560546875,1169.550048828125,1183.4300537109375,960900000
397,2001-08-17,1161.969970703125,1161.969970703125,1181.6600341796875,1156.0699462890625,1181.6600341796875,974300000
398,2001-08-24,1184.9300537109375,1184.9300537109375,1185.1500244140625,1162.0899658203125,1162.0899658203125,1043600000
399,2001-08-31,1133.5799560546875,1133.5799560546875,1141.8299560546875,1126.3800048828125,1129.030029296875,920100000
400,2001-09-07,1085.780029296875,1085.780029296875,1106.4000244140625,1082.1199951171875,1106.4000244140625,1424300000
401,2001-09-14,1092.5400390625,1092.5400390625,1096.93994140625,1073.1500244140625,1085.780029296875,1276600000
402,2001-09-21,965.7999877929688,965.7999877929688,984.5399780273438,944.75,984.5399780273438,2317300000
403,2001-09-28,1040.93994140625,1040.93994140625,1040.93994140625,1018.6099853515624,1018.6099853515624,1631500000
404,2001-10-05,1071.3800048828125,1071.3800048828125,1072.3499755859375,1053.5,1069.6199951171875,1301700000
405,2001-10-12,1091.6500244140625,1091.6500244140625,1097.4300537109375,1072.1500244140625,1097.4300537109375,1331400000
406,2001-10-19,1073.47998046875,1073.47998046875,1075.52001953125,1057.239990234375,1068.6099853515625,1294900000
407,2001-10-26,1104.6099853515625,1104.6099853515625,1110.6099853515625,1094.239990234375,1100.0899658203125,1244500000
408,2001-11-02,1087.199951171875,1087.199951171875,1089.6300048828125,1075.5799560546875,1084.0999755859375,1121900000
409,2001-11-09,1120.31005859375,1120.31005859375,1123.02001953125,1111.1300048828125,1118.5400390625,1093800000
410,2001-11-16,1138.6500244140625,1138.6500244140625,1143.52001953125,1129.9200439453125,1142.239990234375,1337400000
411,2001-11-23,1150.3399658203125,1150.3399658203125,1151.050048828125,1135.9000244140625,1137.030029296875,410300000
412,2001-11-30,1139.449951171875,1139.449951171875,1143.5699462890625,1135.8900146484375,1140.199951171875,1343600000
413,2001-12-07,1158.31005859375,1158.31005859375,1167.0999755859375,1152.6600341796875,1167.0999755859375,1248200000
414,2001-12-14,1123.0899658203125,1123.0899658203125,1128.280029296875,1114.530029296875,1119.3800048828125,1306800000
415,2001-12-21,1144.8900146484375,1144.8900146484375,1147.4599609375,1139.9300537109375,1139.9300537109375,1694000000
416,2001-12-28,1161.02001953125,1161.02001953125,1164.6400146484375,1157.1300048828125,1157.1300048828125,917400000
417,2002-01-04,1172.510009765625,1172.510009765625,1176.550048828125,1163.4200439453125,1165.27001953125,1513000000
418,2002-01-11,1145.5999755859375,1145.5999755859375,1159.4100341796875,1145.449951171875,1156.550048828125,1211900000
419,2002-01-18,1127.5799560546875,1127.5799560546875,1138.8800048828125,1124.449951171875,1138.8800048828125,1333300000
420,2002-01-25,1133.280029296875,1133.280029296875,1138.31005859375,1127.8199462890625,1132.1500244140625,1345100000
421,2002-02-01,1122.199951171875,1122.199951171875,1130.199951171875,1118.510009765625,1130.199951171875,1367200000
422,2002-02-08,1096.219970703125,1096.219970703125,1096.300048828125,1079.9100341796875,1080.1700439453125,1371900000
423,2002-02-15,1104.1800537109375,1104.1800537109375,1117.0899658203125,1103.22998046875,1116.47998046875,1359200000
424,2002-02-22,1089.8399658203125,1089.8399658203125,1093.9300537109375,1074.3900146484375,1080.949951171875,1411000000
425,2002-03-01,1131.780029296875,1131.780029296875,1131.7900390625,1106.72998046875,1106.72998046875,1456500000
426,2002-03-08,1164.31005859375,1164.31005859375,1172.760009765625,1157.5400390625,1157.5400390625,1412000000
427,2002-03-15,1166.1600341796875,1166.1600341796875,1166.47998046875,1153.0400390625,1153.0400390625,1493900000
428,2002-03-22,1148.699951171875,1148.699951171875,1156.489990234375,1144.5999755859375,1153.5899658203125,1243300000
429,2002-03-29,1147.3900146484375,1147.3900146484375,1154.449951171875,1144.5799560546875,1144.5799560546875,1147600000
430,2002-04-05,1122.72998046875,1122.72998046875,1133.31005859375,1119.489990234375,1126.3399658203125,1110200000
431,2002-04-12,1111.010009765625,1111.010009765625,1112.77001953125,1102.739990234375,1103.68994140625,1282100000
432,2002-04-19,1125.1700439453125,1125.1700439453125,1128.8199462890625,1122.5899658203125,1124.469970703125,1185000000
433,2002-04-26,1076.3199462890625,1076.3199462890625,1096.77001953125,1076.31005859375,1091.47998046875,1374200000
434,2002-05-03,1073.4300537109375,1073.4300537109375,1084.56005859375,1068.8900146484375,1084.56005859375,1284500000
435,2002-05-10,1054.989990234375,1054.989990234375,1075.4300537109375,1053.9300537109375,1073.010009765625,1171900000
436,2002-05-17,1106.5899658203125,1106.5899658203125,1106.5899658203125,1096.77001953125,1098.22998046875,1274400000
437,2002-05-24,1083.8199462890625,1083.8199462890625,1097.0799560546875,1082.18994140625,1097.0799560546875,885400000
438,2002-05-31,1067.1400146484375,1067.1400146484375,1079.9300537109375,1064.6600341796875,1064.6600341796875,1277300000
439,2002-06-07,1027.530029296875,1027.530029296875,1033.02001953125,1012.489990234375,1029.1500244140625,1341300000
440,2002-06-14,1007.27001953125,1007.27001953125,1009.5599975585938,981.6300048828124,1009.5599975585938,1549000000
441,2002-06-21,989.1400146484376,989.1400146484376,1006.2899780273438,985.6500244140624,1006.2899780273438,1497200000
442,2002-06-28,989.8200073242188,989.8200073242188,1001.7899780273438,988.3099975585938,990.6400146484376,2117000000
443,2002-07-05,989.030029296875,989.030029296875,989.0700073242188,953.989990234375,953.989990234375,699400000
444,2002-07-12,921.3900146484376,921.3900146484376,934.3099975585938,913.7100219726562,927.3699951171876,1607400000
445,2002-07-19,847.75,847.75,881.5599975585938,842.0700073242188,881.5599975585938,2654100000
446,2002-07-26,852.8400268554688,852.8400268554688,852.8499755859375,835.9199829101562,838.6799926757812,1796100000
447,2002-08-02,864.239990234375,864.239990234375,884.719970703125,853.9500122070312,884.4000244140625,1538100000
448,2002-08-09,908.6400146484376,908.6400146484376,913.9500122070312,890.77001953125,898.72998046875,1294900000
449,2002-08-16,928.77001953125,928.77001953125,935.3800048828124,916.2100219726562,930.25,1265300000
450,2002-08-23,940.8599853515624,940.8599853515624,962.7000122070312,937.1699829101562,962.7000122070312,1071500000
451,2002-08-30,916.0700073242188,916.0700073242188,928.1500244140624,910.1699829101562,917.7999877929688,929900000
452,2002-09-06,893.9199829101562,893.9199829101562,899.0700073242188,879.1500244140625,879.1500244140625,1184500000
453,2002-09-13,889.8099975585938,889.8099975585938,892.75,877.0499877929688,886.9099731445312,1271000000
454,2002-09-20,845.3900146484375,845.3900146484375,849.3200073242188,839.0900268554688,843.3200073242188,1792800000
455,2002-09-27,827.3699951171875,827.3699951171875,854.9500122070312,826.8400268554688,854.9500122070312,1507300000
456,2002-10-04,800.5800170898438,800.5800170898438,825.9000244140625,794.0999755859375,818.9500122070312,1835930000
457,2002-10-11,835.3200073242188,835.3200073242188,843.27001953125,803.9199829101562,803.9199829101562,1854130000
458,2002-10-18,884.3900146484375,884.3900146484375,886.6799926757812,866.5800170898438,879.2000122070312,1423100000
459,2002-10-25,897.6500244140625,897.6500244140625,897.7100219726562,877.030029296875,882.5,1340400000
460,2002-11-01,900.9600219726562,900.9600219726562,903.4199829101562,877.7100219726562,885.760009765625,1450400000
461,2002-11-08,894.739990234375,894.739990234375,910.1099853515624,891.6199951171875,902.6500244140624,1446500000
462,2002-11-15,909.8300170898438,909.8300170898438,910.2100219726562,895.3499755859375,904.27001953125,1400100000
463,2002-11-22,930.5499877929688,930.5499877929688,937.280029296875,928.4099731445312,933.760009765625,1626800000
464,2002-11-29,936.3099975585938,936.3099975585938,941.8200073242188,935.5800170898438,938.8699951171876,643460000
465,2002-12-06,912.22998046875,912.22998046875,915.47998046875,895.9600219726562,906.5499877929688,1241100000
466,2002-12-13,889.47998046875,889.47998046875,901.5800170898438,888.47998046875,901.5800170898438,1330800000
467,2002-12-20,895.760009765625,895.760009765625,897.7899780273438,884.25,884.25,1782730000
468,2002-12-27,875.4000244140625,875.4000244140625,890.4600219726562,873.6199951171875,889.6599731445312,758400000
469,2003-01-03,908.5900268554688,908.5900268554688,911.25,903.0700073242188,909.030029296875,1130800000
470,2003-01-10,927.5700073242188,927.5700073242188,932.8900146484376,917.6599731445312,927.5800170898438,1485400000
471,2003-01-17,901.780029296875,901.780029296875,914.5999755859376,899.02001953125,914.5999755859376,1358200000
472,2003-01-24,861.4000244140625,861.4000244140625,887.3400268554688,859.7100219726562,887.3400268554688,1574800000
473,2003-01-31,855.7000122070312,855.7000122070312,858.3300170898438,840.3400268554688,844.6099853515625,1578530000
474,2003-02-07,829.6900024414062,829.6900024414062,845.72998046875,826.7000122070312,838.1500244140625,1276800000
475,2003-02-14,834.8900146484375,834.8900146484375,834.8900146484375,815.030029296875,817.3699951171875,1404600000
476,2003-02-21,848.1699829101562,848.1699829101562,852.280029296875,831.47998046875,837.0999755859375,1398200000
477,2003-02-28,841.1500244140625,841.1500244140625,847.0,837.280029296875,837.280029296875,1373300000
478,2003-03-07,828.8900146484375,828.8900146484375,829.5499877929688,811.22998046875,822.0999755859375,1368500000
479,2003-03-14,833.27001953125,833.27001953125,841.3900146484375,828.260009765625,831.8900146484375,1541900000
480,2003-03-21,895.7899780273438,895.7899780273438,895.9000244140625,875.8400268554688,875.8400268554688,1883710000
481,2003-03-28,863.5,863.5,869.8800048828125,860.8300170898438,868.52001953125,1227000000
482,2003-04-04,878.8499755859375,878.8499755859375,882.72998046875,874.22998046875,876.4500122070312,1241200000
483,2003-04-11,868.2999877929688,868.2999877929688,883.3400268554688,865.9199829101562,871.5800170898438,1141600000
484,2003-04-18,893.5800170898438,893.5800170898438,893.8300170898438,879.2000122070312,879.9099731445312,1430600000
485,2003-04-25,898.8099975585938,898.8099975585938,911.4299926757812,897.52001953125,911.4299926757812,1335800000
486,2003-05-02,930.0800170898438,930.0800170898438,930.5599975585938,912.3499755859376,916.2999877929688,1554300000
487,2003-05-09,933.4099731445312,933.4099731445312,933.77001953125,920.27001953125,920.27001953125,1326100000
488,2003-05-16,944.2999877929688,944.2999877929688,948.6500244140624,938.5999755859376,946.6699829101562,1505500000
489,2003-05-23,933.219970703125,933.219970703125,935.2000122070312,927.4199829101562,931.8699951171876,1201000000
490,2003-05-30,963.5900268554688,963.5900268554688,965.3800048828124,949.6400146484376,949.6400146484376,1688800000
491,2003-06-06,987.760009765625,987.760009765625,1007.6900024414062,986.010009765625,990.1400146484376,1837200000
492,2003-06-13,988.6099853515624,988.6099853515624,1000.9199829101562,984.27001953125,998.510009765625,1271600000
493,2003-06-20,995.6900024414062,995.6900024414062,1002.0900268554688,993.3599853515624,994.7000122070312,1698000000
494,2003-06-27,976.219970703125,976.219970703125,988.8800048828124,974.2899780273438,985.8200073242188,1267800000
495,2003-07-04,985.7000122070312,985.7000122070312,995.0,983.3400268554688,993.75,775900000
496,2003-07-11,998.1400146484376,998.1400146484376,1000.8599853515624,988.7000122070312,988.7000122070312,1212700000
497,2003-07-18,993.3200073242188,993.3200073242188,994.25,981.7100219726562,981.72998046875,1365200000
498,2003-07-25,998.6799926757812,998.6799926757812,998.7100219726562,977.489990234375,981.5999755859376,1397500000
499,2003-08-01,980.1500244140624,980.1500244140624,990.3099975585938,978.8599853515624,990.3099975585938,1390600000
500,2003-08-08,977.5900268554688,977.5900268554688,980.5700073242188,973.8300170898438,974.1199951171876,1086600000
501,2003-08-15,990.6699829101562,990.6699829101562,992.3900146484376,987.0999755859376,990.510009765625,636370000
502,2003-08-22,993.0599975585938,993.0599975585938,1011.010009765625,992.6199951171876,1003.27001953125,1308900000
503,2003-08-29,1008.010009765625,1008.010009765625,1008.8499755859376,999.52001953125,1002.8400268554688,945100000
504,2003-09-05,1021.3900146484376,1021.3900146484376,1029.2099609375,1018.1900024414062,1027.969970703125,1465200000
505,2003-09-12,1018.6300048828124,1018.6300048828124,1019.6500244140624,1007.7100219726562,1016.4199829101562,1236700000
506,2003-09-19,1036.300048828125,1036.300048828125,1040.2900390625,1031.8900146484375,1039.5799560546875,1518600000
507,2003-09-26,996.8499755859376,996.8499755859376,1003.4500122070312,996.0800170898438,1003.27001953125,1472500000
508,2003-10-03,1029.8499755859375,1029.8499755859375,1039.31005859375,1020.239990234375,1020.239990234375,1570500000
509,2003-10-10,1038.06005859375,1038.06005859375,1040.8399658203125,1035.739990234375,1038.72998046875,1108100000
510,2003-10-17,1039.3199462890625,1039.3199462890625,1051.8900146484375,1036.5699462890625,1050.0699462890625,1352000000
511,2003-10-24,1028.9100341796875,1028.9100341796875,1033.77001953125,1018.3200073242188,1033.77001953125,1420300000
512,2003-10-31,1050.7099609375,1050.7099609375,1053.0899658203125,1046.93994140625,1046.93994140625,1498900000
513,2003-11-07,1053.2099609375,1053.2099609375,1062.3900146484375,1052.1700439453125,1058.050048828125,1440500000
514,2003-11-14,1050.3499755859375,1050.3499755859375,1063.6500244140625,1048.1099853515625,1058.4100341796875,1356100000
515,2003-11-21,1035.280029296875,1035.280029296875,1037.5699462890625,1031.199951171875,1033.6500244140625,1273800000
516,2003-11-28,1058.199951171875,1058.199951171875,1060.6300048828125,1056.77001953125,1058.449951171875,487220000
517,2003-12-05,1061.5,1061.5,1069.719970703125,1060.0899658203125,1069.719970703125,1265900000
518,2003-12-12,1074.1400146484375,1074.1400146484375,1074.760009765625,1067.6400146484375,1071.2099609375,1223100000
519,2003-12-19,1088.6600341796875,1088.6600341796875,1091.06005859375,1084.18994140625,1089.1800537109375,1657300000
520,2003-12-26,1095.8900146484375,1095.8900146484375,1098.469970703125,1094.0400390625,1094.0400390625,356070000
521,2004-01-02,1108.47998046875,1108.47998046875,1118.8499755859375,1105.0799560546875,1111.9200439453125,1153200000
522,2004-01-09,1121.8599853515625,1121.8599853515625,1131.9200439453125,1120.9000244140625,1131.9200439453125,1720700000
523,2004-01-16,1139.8299560546875,1139.8299560546875,1139.8299560546875,1132.050048828125,1132.050048828125,1721100000
524,2004-01-23,1141.550048828125,1141.550048828125,1150.31005859375,1136.8499755859375,1143.93994140625,1561200000
525,2004-01-30,1131.1300048828125,1131.1300048828125,1134.1700439453125,1127.72998046875,1134.1099853515625,1635000000
526,2004-02-06,1142.760009765625,1142.760009765625,1142.7900390625,1128.3900146484375,1128.5899658203125,1477600000
527,2004-02-13,1145.81005859375,1145.81005859375,1156.8800048828125,1143.239990234375,1152.1099853515625,1329200000
528,2004-02-20,1144.1099853515625,1144.1099853515625,1149.81005859375,1139.0,1147.06005859375,1479600000
529,2004-02-27,1144.93994140625,1144.93994140625,1151.6800537109375,1141.800048828125,1145.800048828125,1540400000
530,2004-03-05,1156.8599853515625,1156.8599853515625,1163.22998046875,1148.77001953125,1154.8699951171875,1398200000
531,2004-03-12,1120.5699462890625,1120.5699462890625,1120.6300048828125,1106.780029296875,1106.780029296875,1388500000
532,2004-03-19,1109.780029296875,1109.780029296875,1122.719970703125,1109.68994140625,1122.3199462890625,1457400000
533,2004-03-26,1108.06005859375,1108.06005859375,1115.27001953125,1106.1300048828125,1109.18994140625,1319100000
534,2004-04-02,1141.81005859375,1141.81005859375,1144.81005859375,1132.1700439453125,1132.1700439453125,1629200000
535,2004-04-09,1139.3199462890625,1139.3199462890625,1148.969970703125,1134.52001953125,1140.530029296875,1199800000
536,2004-04-16,1134.6099853515625,1134.6099853515625,1136.800048828125,1126.9000244140625,1128.8399658203125,1487800000
537,2004-04-23,1140.5999755859375,1140.5999755859375,1141.9200439453125,1134.81005859375,1139.9300537109375,1396100000
538,2004-04-30,1107.300048828125,1107.300048828125,1119.260009765625,1107.22998046875,1113.8900146484375,1634700000
539,2004-05-07,1098.699951171875,1098.699951171875,1117.300048828125,1098.6300048828125,1113.989990234375,1653600000
540,2004-05-14,1095.699951171875,1095.699951171875,1102.0999755859375,1088.239990234375,1096.43994140625,1335900000
541,2004-05-21,1093.56005859375,1093.56005859375,1099.6400146484375,1089.18994140625,1089.18994140625,1258600000
542,2004-05-28,1120.6800537109375,1120.6800537109375,1122.68994140625,1118.0999755859375,1121.280029296875,1172600000
543,2004-06-04,1122.5,1122.5,1129.1700439453125,1116.6400146484375,1116.6400146484375,1115300000
544,2004-06-11,1136.469970703125,1136.469970703125,1136.469970703125,1131.3299560546875,1131.3299560546875,1160600000
545,2004-06-18,1135.02001953125,1135.02001953125,1138.9599609375,1129.8299560546875,1132.050048828125,1500600000
546,2004-06-25,1134.4300537109375,1134.4300537109375,1145.969970703125,1134.239990234375,1140.6500244140625,1812900000
547,2004-07-02,1125.3800048828125,1125.3800048828125,1129.1500244140625,1123.260009765625,1128.93994140625,1085000000
548,2004-07-09,1112.81005859375,1112.81005859375,1115.5699462890625,1109.1099853515625,1109.1099853515625,1186300000
549,2004-07-16,1101.3900146484375,1101.3900146484375,1112.1700439453125,1101.0699462890625,1106.68994140625,1450300000
550,2004-07-23,1086.199951171875,1086.199951171875,1096.8399658203125,1083.56005859375,1096.8399658203125,1337500000
551,2004-07-30,1101.719970703125,1101.719970703125,1103.72998046875,1096.9599609375,1100.4300537109375,1298200000
552,2004-08-06,1063.969970703125,1063.969970703125,1080.699951171875,1062.22998046875,1080.699951171875,1521000000
553,2004-08-13,1064.800048828125,1064.800048828125,1067.5799560546875,1060.719970703125,1063.22998046875,1175100000
554,2004-08-20,1098.3499755859375,1098.3499755859375,1100.260009765625,1089.5699462890625,1091.22998046875,1199900000
555,2004-08-27,1107.77001953125,1107.77001953125,1109.6800537109375,1104.6199951171875,1105.0899658203125,845400000
556,2004-09-03,1113.6300048828125,1113.6300048828125,1120.800048828125,1113.5699462890625,1118.31005859375,924170000
557,2004-09-10,1123.9200439453125,1123.9200439453125,1125.260009765625,1114.3900146484375,1118.3800048828125,1261200000
558,2004-09-17,1128.550048828125,1128.550048828125,1130.1400146484375,1123.5,1123.5,1422600000
559,2004-09-24,1110.1099853515625,1110.1099853515625,1113.81005859375,1108.3599853515625,1108.3599853515625,1255400000
560,2004-10-01,1131.5,1131.5,1131.6400146484375,1114.5799560546875,1114.5799560546875,1582200000
561,2004-10-08,1122.1400146484375,1122.1400146484375,1132.9200439453125,1120.18994140625,1130.6500244140625,1291600000
562,2004-10-15,1108.199951171875,1108.199951171875,1113.1700439453125,1102.1400146484375,1103.2900390625,1645100000
563,2004-10-22,1095.739990234375,1095.739990234375,1108.1400146484375,1095.469970703125,1106.489990234375,1469600000
564,2004-10-29,1130.199951171875,1130.199951171875,1131.4000244140625,1124.6199951171875,1127.43994140625,1500800000
565,2004-11-05,1166.1700439453125,1166.1700439453125,1170.8699951171875,1160.6600341796875,1161.6700439453125,1724400000
566,2004-11-12,1184.1700439453125,1184.1700439453125,1184.1700439453125,1171.4300537109375,1173.47998046875,1531600000
567,2004-11-19,1170.3399658203125,1170.3399658203125,1184.0,1169.18994140625,1183.550048828125,1526600000
568,2004-11-26,1182.6500244140625,1182.6500244140625,1186.6199951171875,1181.0799560546875,1181.760009765625,504580000
569,2004-12-03,1191.1700439453125,1191.1700439453125,1197.4599609375,1187.7099609375,1190.3299560546875,1566700000
570,2004-12-10,1188.0,1188.0,1191.449951171875,1185.239990234375,1189.239990234375,1443700000
571,2004-12-17,1194.199951171875,1194.199951171875,1203.2099609375,1193.489990234375,1203.2099609375,2335000000
572,2004-12-24,1210.1300048828125,1210.1300048828125,1213.6600341796875,1208.7099609375,1209.5699462890625,956100000
573,2004-12-31,1211.9200439453125,1211.9200439453125,1217.3299560546875,1211.6500244140625,1213.550048828125,786900000
574,2005-01-07,1186.18994140625,1186.18994140625,1192.199951171875,1182.1600341796875,1187.8900146484375,1477900000
575,2005-01-14,1184.52001953125,1184.52001953125,1185.2099609375,1177.449951171875,1177.449951171875,1335400000
576,2005-01-21,1167.8699951171875,1167.8699951171875,1179.449951171875,1167.8199462890625,1175.4100341796875,1643500000
577,2005-01-28,1171.3599853515625,1171.3599853515625,1175.6099853515625,1166.25,1174.550048828125,1641800000
578,2005-02-04,1203.030029296875,1203.030029296875,1203.469970703125,1189.6700439453125,1189.8900146484375,1648160000
579,2005-02-11,1205.300048828125,1205.300048828125,1208.3800048828125,1193.280029296875,1197.010009765625,1562300000
580,2005-02-18,1201.5899658203125,1201.5899658203125,1202.9200439453125,1197.3499755859375,1200.75,1551200000
581,2005-02-25,1211.3699951171875,1211.3699951171875,1212.1500244140625,1199.6099853515625,1200.199951171875,1523680000
582,2005-03-04,1222.1199951171875,1222.1199951171875,1224.760009765625,1210.469970703125,1210.469970703125,1636820000
583,2005-03-11,1200.0799560546875,1200.0799560546875,1213.0400390625,1198.1500244140625,1209.25,1449820000
584,2005-03-18,1189.6500244140625,1189.6500244140625,1191.97998046875,1182.780029296875,1190.2099609375,2344370000
585,2005-03-25,1171.4200439453125,1171.4200439453125,1180.1099853515625,1171.4200439453125,1172.530029296875,1721720000
586,2005-04-01,1172.9200439453125,1172.9200439453125,1189.800048828125,1169.9100341796875,1180.5899658203125,2168690000
587,2005-04-08,1181.199951171875,1181.199951171875,1191.75,1181.1300048828125,1191.1400146484375,1661330000
588,2005-04-15,1142.6199951171875,1142.6199951171875,1162.050048828125,1141.9200439453125,1162.050048828125,2689960000
589,2005-04-22,1152.1199951171875,1152.1199951171875,1159.949951171875,1142.949951171875,1159.949951171875,2045880000
590,2005-04-29,1156.8499755859375,1156.8499755859375,1156.969970703125,1139.18994140625,1143.219970703125,2362360000
591,2005-05-06,1171.3499755859375,1171.3499755859375,1177.75,1170.5,1172.6300048828125,1707200000
592,2005-05-13,1154.050048828125,1154.050048828125,1163.75,1146.1800537109375,1159.3599853515625,2188590000
593,2005-05-20,1189.280029296875,1189.280029296875,1191.219970703125,1185.18994140625,1191.0799560546875,1631750000
594,2005-05-27,1198.780029296875,1198.780029296875,1199.56005859375,1195.280029296875,1197.6199951171875,1381430000
595,2005-06-03,1196.02001953125,1196.02001953125,1205.0899658203125,1194.550048828125,1204.2900390625,1627520000
596,2005-06-10,1198.1099853515625,1198.1099853515625,1202.7900390625,1192.6400146484375,1200.9300537109375,1664180000
597,2005-06-17,1216.9599609375,1216.9599609375,1219.550048828125,1210.9300537109375,1210.9300537109375,2407370000
598,2005-06-24,1191.5699462890625,1191.5699462890625,1200.9000244140625,1191.449951171875,1200.72998046875,2418800000
599,2005-07-01,1194.43994140625,1194.43994140625,1197.8900146484375,1191.3299560546875,1191.3299560546875,1593820000
600,2005-07-08,1211.8599853515625,1211.8599853515625,1212.72998046875,1197.199951171875,1197.8699951171875,1900810000
601,2005-07-15,1227.9200439453125,1227.9200439453125,1229.530029296875,1223.5,1226.5,1716400000
602,2005-07-22,1233.6800537109375,1233.6800537109375,1234.18994140625,1226.1500244140625,1227.0400390625,1766990000
603,2005-07-29,1234.1800537109375,1234.1800537109375,1245.0400390625,1234.1800537109375,1243.719970703125,1789600000
604,2005-08-05,1226.4200439453125,1226.4200439453125,1235.8599853515625,1225.6199951171875,1235.8599853515625,1930280000
605,2005-08-12,1230.3900146484375,1230.3900146484375,1237.81005859375,1225.8699951171875,1237.81005859375,1709300000
606,2005-08-19,1219.7099609375,1219.7099609375,1225.0799560546875,1219.02001953125,1219.02001953125,1558790000
607,2005-08-26,1205.0999755859375,1205.0999755859375,1212.4000244140625,1204.22998046875,1212.4000244140625,1541090000
608,2005-09-02,1218.02001953125,1218.02001953125,1224.449951171875,1217.75,1221.5899658203125,1640160000
609,2005-09-09,1241.47998046875,1241.47998046875,1243.1300048828125,1231.6700439453125,1231.6700439453125,1992560000
610,2005-09-16,1237.9100341796875,1237.9100341796875,1237.949951171875,1228.4200439453125,1228.4200439453125,3152470000
611,2005-09-23,1215.2900390625,1215.2900390625,1218.8299560546875,1209.800048828125,1214.6199951171875,1973020000
612,2005-09-30,1228.81005859375,1228.81005859375,1229.5699462890625,1225.219970703125,1227.6800537109375,2097520000
613,2005-10-07,1195.9000244140625,1195.9000244140625,1199.7099609375,1191.4599609375,1191.489990234375,2126080000
614,2005-10-14,1186.5699462890625,1186.5699462890625,1187.1300048828125,1175.43994140625,1176.8399658203125,2188940000
615,2005-10-21,1179.5899658203125,1179.5899658203125,1186.4599609375,1174.9200439453125,1177.800048828125,2470920000
616,2005-10-28,1198.4100341796875,1198.4100341796875,1198.4100341796875,1178.9000244140625,1178.9000244140625,2379400000
617,2005-11-04,1220.1400146484375,1220.1400146484375,1222.52001953125,1214.449951171875,1219.93994140625,2050510000
618,2005-11-11,1234.719970703125,1234.719970703125,1235.699951171875,1230.719970703125,1230.9599609375,1773140000
619,2005-11-18,1248.27001953125,1248.27001953125,1249.5799560546875,1240.7099609375,1242.800048828125,2453290000
620,2005-11-25,1268.25,1268.25,1268.780029296875,1265.5400390625,1265.6099853515625,724940000
621,2005-12-02,1265.0799560546875,1265.0799560546875,1266.8499755859375,1261.4200439453125,1264.6700439453125,2125580000
622,2005-12-09,1259.3699951171875,1259.3699951171875,1263.0799560546875,1254.239990234375,1255.8399658203125,1896290000
623,2005-12-16,1267.3199462890625,1267.3199462890625,1275.239990234375,1267.3199462890625,1270.93994140625,2584190000
624,2005-12-23,1268.6600341796875,1268.6600341796875,1269.760009765625,1265.9200439453125,1268.1199951171875,1285810000
625,2005-12-30,1248.2900390625,1248.2900390625,1254.4200439453125,1246.5899658203125,1254.4200439453125,1443500000
626,2006-01-06,1285.449951171875,1285.449951171875,1286.0899658203125,1273.47998046875,1273.47998046875,2446560000
627,2006-01-13,1287.6099853515625,1287.6099853515625,1288.9599609375,1282.780029296875,1286.06005859375,2206510000
628,2006-01-20,1261.489990234375,1261.489990234375,1285.0400390625,1260.9200439453125,1285.0400390625,2845810000
629,2006-01-27,1283.719970703125,1283.719970703125,1286.3800048828125,1273.8299560546875,1273.8299560546875,2623620000
630,2006-02-03,1264.030029296875,1264.030029296875,1270.8699951171875,1261.02001953125,1270.8399658203125,2282210000
631,2006-02-10,1266.989990234375,1266.989990234375,1269.8900146484375,1254.97998046875,1263.8199462890625,2290050000
632,2006-02-17,1287.239990234375,1287.239990234375,1289.469970703125,1284.0699462890625,1289.3800048828125,2128260000
633,2006-02-24,1289.4300537109375,1289.4300537109375,1292.1099853515625,1285.6199951171875,1287.7900390625,1933010000
634,2006-03-03,1287.22998046875,1287.22998046875,1297.3299560546875,1284.199951171875,1289.1400146484375,2152950000
635,2006-03-10,1281.4200439453125,1281.4200439453125,1284.3699951171875,1271.1099853515625,1272.22998046875,2123450000
636,2006-03-17,1307.25,1307.25,1309.7900390625,1305.3199462890625,1305.3299560546875,2549620000
637,2006-03-24,1302.949951171875,1302.949951171875,1306.530029296875,1298.8900146484375,1301.6700439453125,2326070000
638,2006-03-31,1294.8699951171875,1294.8699951171875,1303.0,1294.8699951171875,1300.25,2236710000
639,2006-04-07,1295.5,1295.5,1314.0699462890625,1294.1800537109375,1309.0400390625,2082470000
640,2006-04-14,1289.1199951171875,1289.1199951171875,1292.0899658203125,1283.3699951171875,1288.1199951171875,1891940000
641,2006-04-21,1311.280029296875,1311.280029296875,1317.6700439453125,1306.5899658203125,1311.4599609375,2392630000
642,2006-04-28,1310.6099853515625,1310.6099853515625,1316.0400390625,1306.1600341796875,1309.719970703125,2419920000
643,2006-05-05,1325.760009765625,1325.760009765625,1326.530029296875,1312.25,1312.25,2294760000
644,2006-05-12,1291.239990234375,1291.239990234375,1305.8800048828125,1290.3800048828125,1305.8800048828125,2567970000
645,2006-05-19,1267.030029296875,1267.030029296875,1272.1500244140625,1256.280029296875,1261.81005859375,2982300000
646,2006-05-26,1280.1600341796875,1280.1600341796875,1280.5400390625,1272.5,1272.7099609375,1814020000
647,2006-06-02,1288.219970703125,1288.219970703125,1290.6800537109375,1280.219970703125,1285.7099609375,2295540000
648,2006-06-09,1252.300048828125,1252.300048828125,1262.5799560546875,1250.030029296875,1257.9300537109375,2214000000
649,2006-06-16,1251.5400390625,1251.5400390625,1256.27001953125,1246.3299560546875,1256.1600341796875,2783390000
650,2006-06-23,1244.5,1244.5,1253.1300048828125,1241.4300537109375,1245.5899658203125,2017270000
651,2006-06-30,1270.199951171875,1270.199951171875,1276.300048828125,1270.199951171875,1272.8599853515625,3049560000
652,2006-07-07,1265.47998046875,1265.47998046875,1275.3800048828125,1263.1300048828125,1274.0799560546875,1988150000
653,2006-07-14,1236.199951171875,1236.199951171875,1242.699951171875,1228.449951171875,1242.2900390625,2467120000
654,2006-07-21,1240.2900390625,1240.2900390625,1250.9599609375,1238.719970703125,1249.1199951171875,2704090000
655,2006-07-28,1278.550048828125,1278.550048828125,1280.4200439453125,1263.1500244140625,1263.1500244140625,2480420000
656,2006-08-04,1279.3599853515625,1279.3599853515625,1292.9200439453125,1273.8199462890625,1280.260009765625,2530970000
657,2006-08-11,1266.739990234375,1266.739990234375,1271.6400146484375,1262.0799560546875,1271.6400146484375,2004540000
658,2006-08-18,1302.300048828125,1302.300048828125,1302.300048828125,1293.5699462890625,1297.47998046875,2033910000
659,2006-08-25,1295.0899658203125,1295.0899658203125,1298.8800048828125,1292.3900146484375,1295.9200439453125,1667580000
660,2006-09-01,1311.010009765625,1311.010009765625,1312.030029296875,1303.800048828125,1303.800048828125,1800520000
661,2006-09-08,1298.9200439453125,1298.9200439453125,1300.1400146484375,1294.02001953125,1294.02001953125,2132890000
662,2006-09-15,1319.6600341796875,1319.6600341796875,1324.6500244140625,1316.280029296875,1316.280029296875,3198030000
663,2006-09-22,1314.780029296875,1314.780029296875,1318.030029296875,1310.93994140625,1318.030029296875,2162880000
664,2006-09-29,1335.8499755859375,1335.8499755859375,1339.8800048828125,1335.6400146484375,1339.1500244140625,2273430000
665,2006-10-06,1349.5899658203125,1349.5899658203125,1353.219970703125,1344.2099609375,1353.219970703125,2523000000
666,2006-10-13,1365.6199951171875,1365.6199951171875,1366.6300048828125,1360.5,1362.8199462890625,2482920000
667,2006-10-20,1368.5999755859375,1368.5999755859375,1368.6600341796875,1362.0999755859375,1366.93994140625,2526410000
668,2006-10-27,1377.3399658203125,1377.3399658203125,1388.8900146484375,1375.8499755859375,1388.8900146484375,2458450000
669,2006-11-03,1364.300048828125,1364.300048828125,1371.6800537109375,1360.97998046875,1367.31005859375,2419730000
670,2006-11-10,1380.9000244140625,1380.9000244140625,1381.0400390625,1375.5999755859375,1378.3299560546875,2290200000
671,2006-11-17,1401.199951171875,1401.199951171875,1401.2099609375,1394.550048828125,1399.760009765625,2726100000
672,2006-11-24,1400.949951171875,1400.949951171875,1405.93994140625,1399.25,1405.93994140625,832550000
673,2006-12-01,1396.7099609375,1396.7099609375,1402.4599609375,1385.9300537109375,1400.6300048828125,2800980000
674,2006-12-08,1409.8399658203125,1409.8399658203125,1414.0899658203125,1403.6700439453125,1407.27001953125,2440460000
675,2006-12-15,1427.0899658203125,1427.0899658203125,1431.6300048828125,1425.47998046875,1425.47998046875,3229580000
676,2006-12-22,1410.760009765625,1410.760009765625,1418.8199462890625,1410.280029296875,1418.0999755859375,1647590000
677,2006-12-29,1418.300048828125,1418.300048828125,1427.0,1416.8399658203125,1424.7099609375,1678200000
678,2007-01-05,1409.7099609375,1409.7099609375,1418.3399658203125,1405.75,1418.3399658203125,2919400000
679,2007-01-12,1430.72998046875,1430.72998046875,1431.22998046875,1422.5799560546875,1423.8199462890625,2686480000
680,2007-01-19,1430.5,1430.5,1431.5699462890625,1425.18994140625,1426.3499755859375,2777480000
681,2007-01-26,1422.1800537109375,1422.1800537109375,1427.27001953125,1416.9599609375,1423.9000244140625,2626620000
682,2007-02-02,1448.3900146484375,1448.3900146484375,1449.3299560546875,1444.489990234375,1445.93994140625,2569450000
683,2007-02-09,1438.06005859375,1438.06005859375,1452.449951171875,1433.43994140625,1448.25,2951810000
684,2007-02-16,1455.5400390625,1455.5400390625,1456.77001953125,1451.5699462890625,1456.77001953125,2399450000
685,2007-02-23,1451.18994140625,1451.18994140625,1456.219970703125,1448.3599853515625,1456.219970703125,2579950000
686,2007-03-02,1387.1700439453125,1387.1700439453125,1403.4000244140625,1386.8699951171875,1403.1600341796875,3312260000
687,2007-03-09,1402.8399658203125,1402.8399658203125,1410.1500244140625,1397.300048828125,1401.8900146484375,2623050000
688,2007-03-16,1386.949951171875,1386.949951171875,1397.510009765625,1383.6300048828125,1392.280029296875,3393640000
689,2007-03-23,1436.1099853515625,1436.1099853515625,1438.8900146484375,1433.2099609375,1434.5400390625,2619020000
690,2007-03-30,1420.8599853515625,1420.8599853515625,1429.219970703125,1408.9000244140625,1422.52001953125,2903960000
691,2007-04-06,1443.760009765625,1443.760009765625,1444.8800048828125,1436.6700439453125,1438.93994140625,2357230000
692,2007-04-13,1452.8499755859375,1452.8499755859375,1453.1099853515625,1444.1500244140625,1447.800048828125,2690020000
693,2007-04-20,1484.3499755859375,1484.3499755859375,1484.739990234375,1470.68994140625,1470.68994140625,3329940000
694,2007-04-27,1494.0699462890625,1494.0699462890625,1497.3199462890625,1488.6700439453125,1494.2099609375,2732810000
695,2007-05-04,1505.6199951171875,1505.6199951171875,1510.3399658203125,1501.800048828125,1502.3499755859375,2761930000
696,2007-05-11,1505.8499755859375,1505.8499755859375,1506.239990234375,1491.469970703125,1491.469970703125,2720780000
697,2007-05-18,1522.75,1522.75,1522.75,1512.739990234375,1512.739990234375,2959050000
698,2007-05-25,1515.72998046875,1515.72998046875,1517.4100341796875,1507.5,1507.5,2316250000
699,2007-06-01,1536.3399658203125,1536.3399658203125,1540.56005859375,1530.6199951171875,1530.6199951171875,2927020000
700,2007-06-08,1507.6700439453125,1507.6700439453125,1507.760009765625,1487.4100341796875,1490.7099609375,2993460000
701,2007-06-15,1532.9100341796875,1532.9100341796875,1538.7099609375,1522.969970703125,1522.969970703125,3406030000
702,2007-06-22,1502.56005859375,1502.56005859375,1522.18994140625,1500.739990234375,1522.18994140625,4284320000
703,2007-06-29,1503.3499755859375,1503.3499755859375,1517.530029296875,1493.6099853515625,1505.699951171875,3165410000
704,2007-07-06,1530.43994140625,1530.43994140625,1532.4000244140625,1520.469970703125,1524.9599609375,2441520000
705,2007-07-13,1552.5,1552.5,1555.0999755859375,1544.8499755859375,1547.6800537109375,2801120000
706,2007-07-20,1534.0999755859375,1534.0999755859375,1553.18994140625,1529.199951171875,1553.18994140625,3745780000
707,2007-07-27,1458.949951171875,1458.949951171875,1488.530029296875,1458.949951171875,1482.43994140625,4784650000
708,2007-08-03,1433.06005859375,1433.06005859375,1473.22998046875,1432.800048828125,1472.1800537109375,4272110000
709,2007-08-10,1453.6400146484375,1453.6400146484375,1462.02001953125,1429.739990234375,1453.0899658203125,5345780000
710,2007-08-17,1445.93994140625,1445.93994140625,1450.3299560546875,1411.260009765625,1411.260009765625,3570040000
711,2007-08-24,1479.3699951171875,1479.3699951171875,1479.4000244140625,1460.5400390625,1462.3399658203125,2541400000
712,2007-08-31,1473.989990234375,1473.989990234375,1481.469970703125,1457.6099853515625,1457.6099853515625,2731610000
713,2007-09-07,1453.550048828125,1453.550048828125,1478.550048828125,1449.0699462890625,1478.550048828125,3191080000
714,2007-09-14,1484.25,1484.25,1485.989990234375,1473.1800537109375,1483.949951171875,2641740000
715,2007-09-21,1525.75,1525.75,1530.8900146484375,1518.75,1518.75,3679460000
716,2007-09-28,1526.75,1526.75,1533.739990234375,1521.989990234375,1531.239990234375,2925350000
717,2007-10-05,1557.5899658203125,1557.5899658203125,1561.9100341796875,1543.8399658203125,1543.8399658203125,2919030000
718,2007-10-12,1561.800048828125,1561.800048828125,1563.030029296875,1554.0899658203125,1555.4100341796875,2788690000
719,2007-10-19,1500.6300048828125,1500.6300048828125,1540.0,1500.260009765625,1540.0,4160970000
720,2007-10-26,1535.280029296875,1535.280029296875,1535.530029296875,1520.1800537109375,1522.1700439453125,3612120000
721,2007-11-02,1509.6500244140625,1509.6500244140625,1513.1500244140625,1492.530029296875,1511.0699462890625,4285990000
722,2007-11-09,1453.699951171875,1453.699951171875,1474.0899658203125,1448.510009765625,1467.5899658203125,4587050000
723,2007-11-16,1458.739990234375,1458.739990234375,1462.1800537109375,1443.989990234375,1453.0899658203125,4168870000
724,2007-11-23,1440.699951171875,1440.699951171875,1440.8599853515625,1417.6199951171875,1417.6199951171875,1612720000
725,2007-11-30,1481.1400146484375,1481.1400146484375,1488.93994140625,1470.8900146484375,1471.8299560546875,4422200000
726,2007-12-07,1504.6600341796875,1504.6600341796875,1510.6300048828125,1502.6600341796875,1508.5999755859375,3177710000
727,2007-12-14,1467.949951171875,1467.949951171875,1486.6700439453125,1467.780029296875,1486.18994140625,3401050000
728,2007-12-21,1484.4599609375,1484.4599609375,1485.4000244140625,1463.18994140625,1463.18994140625,4508590000
729,2007-12-28,1478.489990234375,1478.489990234375,1488.010009765625,1471.699951171875,1479.8299560546875,2420510000
730,2008-01-04,1411.6300048828125,1411.6300048828125,1444.010009765625,1411.18994140625,1444.010009765625,4166000000
731,2008-01-11,1401.02001953125,1401.02001953125,1419.9100341796875,1394.8299560546875,1419.9100341796875,4495840000
732,2008-01-18,1325.18994140625,1325.18994140625,1350.280029296875,1312.510009765625,1333.9000244140625,6004840000
733,2008-01-25,1330.6099853515625,1330.6099853515625,1368.56005859375,1327.5,1357.3199462890625,4882250000
734,2008-02-01,1395.4200439453125,1395.4200439453125,1396.02001953125,1375.9300537109375,1378.5999755859375,4650770000
735,2008-02-08,1331.2900390625,1331.2900390625,1341.219970703125,1321.06005859375,1336.8800048828125,3768490000
736,2008-02-15,1349.989990234375,1349.989990234375,1350.0,1338.1300048828125,1347.52001953125,3583300000
737,2008-02-22,1353.1099853515625,1353.1099853515625,1354.300048828125,1327.0400390625,1344.219970703125,3572660000
738,2008-02-29,1330.6300048828125,1330.6300048828125,1364.0699462890625,1325.4200439453125,1364.0699462890625,4426730000
739,2008-03-07,1293.3699951171875,1293.3699951171875,1313.239990234375,1282.4300537109375,1301.530029296875,4565410000
740,2008-03-14,1288.1400146484375,1288.1400146484375,1321.469970703125,1274.8599853515625,1316.050048828125,5153780000
741,2008-03-21,1329.510009765625,1329.510009765625,1330.6700439453125,1295.219970703125,1299.6700439453125,6145220000
742,2008-03-28,1315.219970703125,1315.219970703125,1334.8699951171875,1312.949951171875,1327.02001953125,3686980000
743,2008-04-04,1370.4000244140625,1370.4000244140625,1380.9100341796875,1362.8299560546875,1369.8499755859375,3703100000
744,2008-04-11,1332.8299560546875,1332.8299560546875,1357.97998046875,1331.2099609375,1357.97998046875,3723790000
745,2008-04-18,1390.3299560546875,1390.3299560546875,1395.9000244140625,1369.0,1369.0,4222380000
746,2008-04-25,1397.8399658203125,1397.8399658203125,1399.1099853515625,1379.97998046875,1387.8800048828125,3891150000
747,2008-05-02,1413.9000244140625,1413.9000244140625,1422.719970703125,1406.25,1409.1600341796875,3953030000
748,2008-05-09,1388.280029296875,1388.280029296875,1394.9000244140625,1384.1099853515625,1394.9000244140625,3518620000
749,2008-05-16,1425.3499755859375,1425.3499755859375,1425.8199462890625,1414.3499755859375,1423.8900146484375,3842590000
750,2008-05-23,1375.9300537109375,1375.9300537109375,1392.199951171875,1373.719970703125,1392.199951171875,3516380000
751,2008-05-30,1400.3800048828125,1400.3800048828125,1404.4599609375,1398.0799560546875,1398.3599853515625,3845630000
752,2008-06-06,1360.6800537109375,1360.6800537109375,1400.06005859375,1359.9000244140625,1400.06005859375,4771660000
753,2008-06-13,1360.030029296875,1360.030029296875,1360.030029296875,1341.7099609375,1341.81005859375,4080420000
754,2008-06-20,1317.9300537109375,1317.9300537109375,1341.02001953125,1314.4599609375,1341.02001953125,5324900000
755,2008-06-27,1278.3800048828125,1278.3800048828125,1289.449951171875,1272.0,1283.5999755859375,6208260000
756,2008-07-04,1262.9000244140625,1262.9000244140625,1271.47998046875,1252.010009765625,1262.9599609375,3247590000
757,2008-07-11,1239.489990234375,1239.489990234375,1257.27001953125,1225.3499755859375,1248.6600341796875,6742200000
758,2008-07-18,1260.6800537109375,1260.6800537109375,1262.22998046875,1251.81005859375,1258.219970703125,5653280000
759,2008-07-25,1257.760009765625,1257.760009765625,1263.22998046875,1251.75,1253.510009765625,4672560000
760,2008-08-01,1260.31005859375,1260.31005859375,1270.52001953125,1254.5400390625,1269.4200439453125,4684870000
761,2008-08-08,1296.3199462890625,1296.3199462890625,1297.8499755859375,1262.1099853515625,1266.2900390625,4966810000
762,2008-08-15,1298.199951171875,1298.199951171875,1302.050048828125,1290.739990234375,1293.8499755859375,4041820000
763,2008-08-22,1292.199951171875,1292.199951171875,1293.0899658203125,1277.5899658203125,1277.5899658203125,3741070000
764,2008-08-29,1282.8299560546875,1282.8299560546875,1297.5899658203125,1282.739990234375,1296.489990234375,3288120000
765,2008-09-05,1242.31005859375,1242.31005859375,1244.93994140625,1217.22998046875,1233.2099609375,5017080000
766,2008-09-12,1251.699951171875,1251.699951171875,1255.0899658203125,1233.81005859375,1245.8800048828125,6273260000
767,2008-09-19,1255.0799560546875,1255.0799560546875,1265.1199951171875,1213.1099853515625,1213.1099853515625,9387170000
768,2008-09-26,1213.27001953125,1213.27001953125,1215.77001953125,1187.5400390625,1204.469970703125,5383610000
769,2008-10-03,1099.22998046875,1099.22998046875,1153.8199462890625,1098.1400146484375,1115.1600341796875,6716120000
770,2008-10-10,899.219970703125,899.219970703125,936.3599853515624,839.7999877929688,902.3099975585938,11456230000
771,2008-10-17,940.5499877929688,940.5499877929688,984.6400146484376,918.739990234375,942.2899780273438,6581780000
772,2008-10-24,876.77001953125,876.77001953125,896.2999877929688,852.8499755859375,895.219970703125,6550050000
773,2008-10-31,968.75,968.75,984.3800048828124,944.5900268554688,953.1099853515624,6394350000
774,2008-11-07,930.989990234375,930.989990234375,931.4600219726562,906.9000244140624,907.4400024414062,4931640000
775,2008-11-14,873.2899780273438,873.2899780273438,916.8800048828124,869.8800048828125,904.3599853515624,5881030000
776,2008-11-21,800.030029296875,800.030029296875,801.2000122070312,741.02001953125,755.8400268554688,9495900000
777,2008-11-28,896.239990234375,896.239990234375,896.25,881.2100219726562,886.8900146484375,2740860000
778,2008-12-05,876.0700073242188,876.0700073242188,879.4199829101562,818.4099731445312,844.4299926757812,6165370000
779,2008-12-12,879.72998046875,879.72998046875,883.239990234375,851.3499755859375,871.7899780273438,5959590000
780,2008-12-19,887.8800048828125,887.8800048828125,905.469970703125,883.02001953125,886.9600219726562,6705310000
781,2008-12-26,872.7999877929688,872.7999877929688,873.739990234375,866.52001953125,869.510009765625,1880050000
782,2009-01-02,931.7999877929688,931.7999877929688,934.72998046875,899.3499755859375,902.989990234375,4048270000
783,2009-01-09,890.3499755859375,890.3499755859375,911.9299926757812,888.3099975585938,909.9099731445312,4716500000
784,2009-01-16,850.1199951171875,850.1199951171875,858.1300048828125,830.6599731445312,844.4500122070312,6786040000
785,2009-01-23,831.9500122070312,831.9500122070312,838.6099853515625,806.0700073242188,822.1599731445312,5832160000
786,2009-01-30,825.8800048828125,825.8800048828125,851.6599731445312,821.6699829101562,845.6900024414062,5350580000
787,2009-02-06,868.5999755859375,868.5999755859375,870.75,845.4199829101562,846.0900268554688,6484100000
788,2009-02-13,826.8400268554688,826.8400268554688,839.4299926757812,825.2100219726562,833.9500122070312,5296650000
789,2009-02-20,770.0499877929688,770.0499877929688,778.6900024414062,754.25,775.8699951171875,8210590000
790,2009-02-27,735.0900268554688,735.0900268554688,751.27001953125,734.52001953125,749.9299926757812,8926480000
791,2009-03-06,683.3800048828125,683.3800048828125,699.0900268554688,666.7899780273438,684.0399780273438,7331830000
792,2009-03-13,756.5499877929688,756.5499877929688,758.2899780273438,742.4600219726562,751.969970703125,6787090000
793,2009-03-20,768.5399780273438,768.5399780273438,788.9099731445312,766.2000122070312,784.5800170898438,7643720000
794,2009-03-27,815.9400024414062,815.9400024414062,828.6799926757812,813.4299926757812,828.6799926757812,5600210000
795,2009-04-03,842.5,842.5,842.5,826.7000122070312,835.1300048828125,5855640000
796,2009-04-10,856.5599975585938,856.5599975585938,856.9099731445312,829.2899780273438,829.2899780273438,7600710000
797,2009-04-17,869.5999755859375,869.5999755859375,875.6300048828125,860.8699951171875,865.1799926757812,7352010000
798,2009-04-24,866.22998046875,866.22998046875,871.7999877929688,853.9099731445312,853.9099731445312,7114440000
799,2009-05-01,877.52001953125,877.52001953125,880.47998046875,866.0999755859375,872.739990234375,5312170000
800,2009-05-08,929.22998046875,929.22998046875,930.1699829101562,909.030029296875,909.030029296875,8163280000
801,2009-05-15,882.8800048828125,882.8800048828125,896.969970703125,878.9400024414062,892.760009765625,5439720000
802,2009-05-22,887.0,887.0,896.6500244140625,883.75,888.6799926757812,5155320000
803,2009-05-29,919.1400146484376,919.1400146484376,920.02001953125,903.5599975585938,907.02001953125,6050420000
804,2009-06-05,940.0900268554688,940.0900268554688,951.6900024414062,934.1300048828124,945.6699829101562,5277910000
805,2009-06-12,946.2100219726562,946.2100219726562,946.2999877929688,935.6599731445312,943.4400024414062,4528120000
806,2009-06-19,921.22998046875,921.22998046875,927.0900268554688,915.7999877929688,919.9600219726562,5713390000
807,2009-06-26,918.9000244140624,918.9000244140624,922.0,913.030029296875,918.8400268554688,6076660000
808,2009-07-03,896.4199829101562,896.4199829101562,921.239990234375,896.4199829101562,921.239990234375,3931000000
809,2009-07-10,879.1300048828125,879.1300048828125,883.5700073242188,872.8099975585938,880.030029296875,3912080000
810,2009-07-17,940.3800048828124,940.3800048828124,941.8900146484376,934.6500244140624,940.5599975585938,5141380000
811,2009-07-24,979.260009765625,979.260009765625,979.7899780273438,965.9500122070312,972.1599731445312,4458300000
812,2009-07-31,987.47998046875,987.47998046875,993.1799926757812,982.8499755859376,986.7999877929688,5139070000
813,2009-08-07,1010.47998046875,1010.47998046875,1018.0,999.8300170898438,999.8300170898438,6827090000
814,2009-08-14,1004.0900268554688,1004.0900268554688,1012.5999755859376,994.5999755859376,1012.22998046875,4940750000
815,2009-08-21,1026.1300048828125,1026.1300048828125,1027.5899658203125,1009.0599975585938,1009.0599975585938,5885550000
816,2009-08-28,1028.9300537109375,1028.9300537109375,1039.469970703125,1023.1300048828124,1031.6199951171875,5785780000
817,2009-09-04,1016.4000244140624,1016.4000244140624,1016.47998046875,1001.6500244140624,1003.8400268554688,4097370000
818,2009-09-11,1042.72998046875,1042.72998046875,1048.1800537109375,1038.4000244140625,1043.9200439453125,4922600000
819,2009-09-18,1068.300048828125,1068.300048828125,1071.52001953125,1064.27001953125,1066.5999755859375,5607970000
820,2009-09-25,1044.3800048828125,1044.3800048828125,1053.469970703125,1041.1700439453125,1049.47998046875,4507090000
821,2009-10-02,1025.2099609375,1025.2099609375,1030.5999755859375,1019.9500122070312,1029.7099609375,5583240000
822,2009-10-09,1071.489990234375,1071.489990234375,1071.510009765625,1063.0,1065.280029296875,3763780000
823,2009-10-16,1087.6800537109375,1087.6800537109375,1094.6700439453125,1081.530029296875,1094.6700439453125,4894740000
824,2009-10-23,1079.5999755859375,1079.5999755859375,1095.8299560546875,1075.489990234375,1095.6199951171875,4767460000
825,2009-10-30,1036.18994140625,1036.18994140625,1065.4100341796875,1033.3800048828125,1065.4100341796875,6512420000
826,2009-11-06,1069.300048828125,1069.300048828125,1071.47998046875,1059.3199462890625,1064.949951171875,4277130000
827,2009-11-13,1093.47998046875,1093.47998046875,1097.7900390625,1085.3299560546875,1087.5899658203125,3792610000
828,2009-11-20,1091.3800048828125,1091.3800048828125,1094.6600341796875,1086.81005859375,1094.6600341796875,3751230000
829,2009-11-27,1091.489990234375,1091.489990234375,1105.469970703125,1083.739990234375,1105.469970703125,2362910000
830,2009-12-04,1105.97998046875,1105.97998046875,1119.1300048828125,1096.52001953125,1100.4300537109375,5781140000
831,2009-12-11,1106.4100341796875,1106.4100341796875,1108.5,1101.3399658203125,1103.9599609375,3791090000
832,2009-12-18,1102.469970703125,1102.469970703125,1103.739990234375,1093.8800048828125,1097.8599853515625,6325890000
833,2009-12-25,1126.47998046875,1126.47998046875,1126.47998046875,1121.0799560546875,1121.0799560546875,1267710000
834,2010-01-01,1115.0999755859375,1115.0999755859375,1127.6400146484375,1114.81005859375,1126.5999755859375,2076990000
835,2010-01-08,1144.97998046875,1144.97998046875,1145.3900146484375,1136.219970703125,1140.52001953125,4389590000
836,2010-01-15,1136.030029296875,1136.030029296875,1147.77001953125,1131.3900146484375,1147.719970703125,4758730000
837,2010-01-22,1091.760009765625,1091.760009765625,1115.489990234375,1090.1800537109375,1115.489990234375,6208650000
838,2010-01-29,1073.8699951171875,1073.8699951171875,1096.449951171875,1071.5899658203125,1087.6099853515625,5412850000
839,2010-02-05,1066.18994140625,1066.18994140625,1067.1300048828125,1044.5,1064.1199951171875,6438900000
840,2010-02-12,1075.510009765625,1075.510009765625,1077.81005859375,1062.969970703125,1075.949951171875,4160680000
841,2010-02-19,1109.1700439453125,1109.1700439453125,1112.4200439453125,1100.800048828125,1105.489990234375,3944280000
842,2010-02-26,1104.489990234375,1104.489990234375,1107.239990234375,1097.56005859375,1103.0999755859375,3945190000
843,2010-03-05,1138.699951171875,1138.699951171875,1139.3800048828125,1125.1199951171875,1125.1199951171875,4133000000
844,2010-03-12,1149.989990234375,1149.989990234375,1153.4100341796875,1146.969970703125,1151.7099609375,4928160000
845,2010-03-19,1159.9000244140625,1159.9000244140625,1169.199951171875,1155.3299560546875,1166.6800537109375,5212410000
846,2010-03-26,1166.5899658203125,1166.5899658203125,1173.9300537109375,1161.47998046875,1167.5799560546875,4708420000
847,2010-04-02,1178.0999755859375,1178.0999755859375,1181.4300537109375,1170.68994140625,1171.22998046875,4006870000
848,2010-04-09,1194.3699951171875,1194.3699951171875,1194.6600341796875,1187.1500244140625,1187.469970703125,4511570000
849,2010-04-16,1192.1300048828125,1192.1300048828125,1210.1700439453125,1186.77001953125,1210.1700439453125,8108470000
850,2010-04-23,1217.280029296875,1217.280029296875,1217.280029296875,1205.0999755859375,1207.8699951171875,5326060000
851,2010-04-30,1186.68994140625,1186.68994140625,1207.989990234375,1186.3199462890625,1206.77001953125,6048260000
852,2010-05-07,1110.8800048828125,1110.8800048828125,1135.1300048828125,1094.1500244140625,1127.0400390625,9472910000
853,2010-05-14,1135.6800537109375,1135.6800537109375,1157.18994140625,1126.1400146484375,1157.18994140625,6126400000
854,2010-05-21,1087.68994140625,1087.68994140625,1090.1600341796875,1055.9000244140625,1067.260009765625,5452130000
855,2010-05-28,1089.4100341796875,1089.4100341796875,1102.5899658203125,1084.780029296875,1102.5899658203125,4871210000
856,2010-06-04,1064.8800048828125,1064.8800048828125,1098.4300537109375,1060.5,1098.4300537109375,6180580000
857,2010-06-11,1091.5999755859375,1091.5999755859375,1092.25,1077.1199951171875,1082.6500244140625,4059280000
858,2010-06-18,1117.510009765625,1117.510009765625,1121.010009765625,1113.9300537109375,1116.1600341796875,4555360000
859,2010-06-25,1076.760009765625,1076.760009765625,1083.56005859375,1067.8900146484375,1075.0999755859375,5128840000
860,2010-07-02,1022.5800170898438,1022.5800170898438,1032.949951171875,1015.9299926757812,1027.6500244140625,3968500000
861,2010-07-09,1077.9599609375,1077.9599609375,1078.1600341796875,1068.0999755859375,1070.5,3506570000
862,2010-07-16,1064.8800048828125,1064.8800048828125,1093.8499755859375,1063.3199462890625,1093.8499755859375,5297350000
863,2010-07-23,1102.6600341796875,1102.6600341796875,1103.72998046875,1087.8800048828125,1092.1700439453125,4524570000
864,2010-07-30,1101.5999755859375,1101.5999755859375,1106.43994140625,1088.010009765625,1098.43994140625,4006450000
865,2010-08-06,1121.6400146484375,1121.6400146484375,1123.06005859375,1107.1700439453125,1122.0699462890625,3857890000
866,2010-08-13,1079.25,1079.25,1086.25,1079.0,1082.219970703125,3328890000
867,2010-08-20,1071.68994140625,1071.68994140625,1075.6300048828125,1063.9100341796875,1075.6300048828125,3761570000
868,2010-08-27,1064.5899658203125,1064.5899658203125,1065.2099609375,1039.699951171875,1049.27001953125,4102460000
869,2010-09-03,1104.510009765625,1104.510009765625,1105.0999755859375,1093.6099853515625,1093.6099853515625,3534500000
870,2010-09-10,1109.550048828125,1109.550048828125,1110.8800048828125,1103.9200439453125,1104.5699462890625,3061160000
871,2010-09-17,1125.5899658203125,1125.5899658203125,1131.469970703125,1122.4300537109375,1126.3900146484375,4086140000
872,2010-09-24,1148.6700439453125,1148.6700439453125,1148.9000244140625,1131.68994140625,1131.68994140625,4123950000
873,2010-10-01,1146.239990234375,1146.239990234375,1150.300048828125,1139.4200439453125,1143.489990234375,4298910000
874,2010-10-08,1165.1500244140625,1165.1500244140625,1167.72998046875,1155.5799560546875,1158.3599853515625,3871420000
875,2010-10-15,1176.18994140625,1176.18994140625,1181.199951171875,1167.1199951171875,1177.469970703125,5724910000
876,2010-10-22,1183.0799560546875,1183.0799560546875,1183.9300537109375,1178.989990234375,1180.52001953125,3177890000
877,2010-10-29,1183.260009765625,1183.260009765625,1185.4599609375,1179.699951171875,1183.8699951171875,3537880000
878,2010-11-05,1225.8499755859375,1225.8499755859375,1227.0799560546875,1220.2900390625,1221.199951171875,5637460000
879,2010-11-12,1199.2099609375,1199.2099609375,1210.5,1194.0799560546875,1209.0699462890625,4213620000
880,2010-11-19,1199.72998046875,1199.72998046875,1199.969970703125,1189.43994140625,1196.1199951171875,3675390000
881,2010-11-26,1189.4000244140625,1189.4000244140625,1194.1600341796875,1186.9300537109375,1194.1600341796875,1613820000
882,2010-12-03,1224.7099609375,1224.7099609375,1225.5699462890625,1216.8199462890625,1219.9300537109375,3735780000
883,2010-12-10,1240.4000244140625,1240.4000244140625,1240.4000244140625,1232.5799560546875,1233.8499755859375,4547310000
884,2010-12-17,1243.9100341796875,1243.9100341796875,1245.81005859375,1239.8699951171875,1243.6300048828125,4632470000
885,2010-12-24,1256.77001953125,1256.77001953125,1258.5899658203125,1254.050048828125,1257.530029296875,2515020000
886,2010-12-31,1257.6400146484375,1257.6400146484375,1259.3399658203125,1254.18994140625,1256.760009765625,1799770000
887,2011-01-07,1271.5,1271.5,1276.8299560546875,1261.699951171875,1274.4100341796875,4963110000
888,2011-01-14,1293.239990234375,1293.239990234375,1293.239990234375,1281.239990234375,1282.9000244140625,4661590000
889,2011-01-21,1283.3499755859375,1283.3499755859375,1291.2099609375,1282.0699462890625,1283.6300048828125,4935320000
890,2011-01-28,1276.3399658203125,1276.3399658203125,1302.6700439453125,1275.0999755859375,1299.6300048828125,5618630000
891,2011-02-04,1310.8699951171875,1310.8699951171875,1311.0,1301.6700439453125,1307.010009765625,3925950000
892,2011-02-11,1329.1500244140625,1329.1500244140625,1330.7900390625,1316.0799560546875,1318.6600341796875,4219300000
893,2011-02-18,1343.010009765625,1343.010009765625,1344.0699462890625,1338.1199951171875,1340.3800048828125,1162310000
894,2011-02-25,1319.8800048828125,1319.8800048828125,1320.6099853515625,1307.3399658203125,1307.3399658203125,3836030000
895,2011-03-04,1321.1500244140625,1321.1500244140625,1331.0799560546875,1312.5899658203125,1330.72998046875,4223740000
896,2011-03-11,1304.280029296875,1304.280029296875,1308.3499755859375,1291.989990234375,1293.4300537109375,3740400000
897,2011-03-18,1279.2099609375,1279.2099609375,1288.8800048828125,1276.1800537109375,1276.7099609375,4685500000
898,2011-03-25,1313.800048828125,1313.800048828125,1319.1800537109375,1310.1500244140625,1311.800048828125,4223740000
899,2011-04-01,1332.4100341796875,1332.4100341796875,1337.8499755859375,1328.8900146484375,1329.47998046875,4223740000
900,2011-04-08,1328.1700439453125,1328.1700439453125,1339.4599609375,1322.93994140625,1336.1600341796875,3582810000
901,2011-04-15,1319.6800537109375,1319.6800537109375,1322.8800048828125,1313.6800537109375,1314.5400390625,4223740000
902,2011-04-22,1337.3800048828125,1337.3800048828125,1337.489990234375,1332.8299560546875,1333.22998046875,3587240000
903,2011-04-29,1363.6099853515625,1363.6099853515625,1364.56005859375,1358.68994140625,1360.1400146484375,3479070000
904,2011-05-06,1340.199951171875,1340.199951171875,1354.3599853515625,1335.5799560546875,1340.239990234375,4223740000
905,2011-05-13,1337.77001953125,1337.77001953125,1350.469970703125,1333.3599853515625,1348.68994140625,3426660000
906,2011-05-20,1333.27001953125,1333.27001953125,1342.0,1330.6700439453125,1342.0,4066020000
907,2011-05-27,1331.0999755859375,1331.0999755859375,1334.6199951171875,1325.68994140625,1325.68994140625,3124560000
908,2011-06-03,1300.1600341796875,1300.1600341796875,1312.93994140625,1297.9000244140625,1312.93994140625,3505030000
909,2011-06-10,1270.97998046875,1270.97998046875,1288.5999755859375,1268.280029296875,1288.5999755859375,3846250000
910,2011-06-17,1271.5,1271.5,1279.8199462890625,1267.4000244140625,1268.5799560546875,4916460000
911,2011-06-24,1268.449951171875,1268.449951171875,1283.9300537109375,1267.239990234375,1283.0400390625,3665340000
912,2011-07-01,1339.6700439453125,1339.6700439453125,1341.010009765625,1318.1800537109375,1320.6400146484375,3796930000
913,2011-07-08,1343.800048828125,1343.800048828125,1352.3900146484375,1333.7099609375,1352.3900146484375,3594360000
914,2011-07-15,1316.1400146484375,1316.1400146484375,1317.699951171875,1307.52001953125,1308.8699951171875,4242760000
915,2011-07-22,1345.02001953125,1345.02001953125,1346.0999755859375,1336.949951171875,1343.800048828125,3522830000
916,2011-07-29,1292.280029296875,1292.280029296875,1304.1600341796875,1282.8599853515625,1300.1199951171875,5061190000
917,2011-08-05,1199.3800048828125,1199.3800048828125,1218.1099853515625,1168.0899658203125,1200.280029296875,5454590000
918,2011-08-12,1178.81005859375,1178.81005859375,1189.0400390625,1170.739990234375,1172.8699951171875,5640380000
919,2011-08-19,1123.530029296875,1123.530029296875,1154.5400390625,1122.050048828125,1140.469970703125,5167560000
920,2011-08-26,1176.800048828125,1176.800048828125,1181.22998046875,1135.9100341796875,1158.8499755859375,5035320000
921,2011-09-02,1173.969970703125,1173.969970703125,1203.9000244140625,1170.56005859375,1203.9000244140625,4401740000
922,2011-09-09,1154.22998046875,1154.22998046875,1185.3699951171875,1148.3699951171875,1185.3699951171875,4586370000
923,2011-09-16,1216.010009765625,1216.010009765625,1220.06005859375,1204.4599609375,1209.2099609375,5248890000
924,2011-09-23,1136.4300537109375,1136.4300537109375,1141.719970703125,1121.3599853515625,1128.8199462890625,5639930000
925,2011-09-30,1131.4200439453125,1131.4200439453125,1159.9300537109375,1131.3399658203125,1159.9300537109375,4416790000
926,2011-10-07,1155.4599609375,1155.4599609375,1171.4000244140625,1150.260009765625,1165.030029296875,5580380000
927,2011-10-14,1224.5799560546875,1224.5799560546875,1224.6099853515625,1205.6500244140625,1205.6500244140625,4116690000
928,2011-10-21,1238.25,1238.25,1239.030029296875,1215.3900146484375,1215.3900146484375,4980770000
929,2011-10-28,1285.0899658203125,1285.0899658203125,1287.0799560546875,1277.010009765625,1284.3900146484375,4536690000
930,2011-11-04,1253.22998046875,1253.22998046875,1260.8199462890625,1238.9200439453125,1260.8199462890625,3830650000
931,2011-11-11,1263.8499755859375,1263.8499755859375,1266.97998046875,1240.1199951171875,1240.1199951171875,3370180000
932,2011-11-18,1215.6500244140625,1215.6500244140625,1223.510009765625,1211.3599853515625,1216.18994140625,3827610000
933,2011-11-25,1158.6700439453125,1158.6700439453125,1172.6600341796875,1158.6600341796875,1161.4100341796875,1664200000
934,2011-12-02,1244.280029296875,1244.280029296875,1260.0799560546875,1243.3499755859375,1246.030029296875,4144310000
935,2011-12-09,1255.18994140625,1255.18994140625,1258.25,1234.47998046875,1234.47998046875,3830610000
936,2011-12-16,1219.6600341796875,1219.6600341796875,1231.0400390625,1215.199951171875,1216.0899658203125,5345800000
937,2011-12-23,1265.3299560546875,1265.3299560546875,1265.4200439453125,1254.0,1254.0,2233830000
938,2011-12-30,1257.5999755859375,1257.5999755859375,1264.1199951171875,1257.4599609375,1262.8199462890625,2271850000
939,2012-01-06,1277.81005859375,1277.81005859375,1281.8399658203125,1273.3399658203125,1280.9300537109375,3656830000
940,2012-01-13,1289.0899658203125,1289.0899658203125,1294.8199462890625,1277.5799560546875,1294.8199462890625,3692370000
941,2012-01-20,1315.3800048828125,1315.3800048828125,1315.3800048828125,1309.1700439453125,1314.489990234375,3912620000
942,2012-01-27,1316.3299560546875,1316.3299560546875,1320.06005859375,1311.719970703125,1318.25,4007380000
943,2012-02-03,1344.9000244140625,1344.9000244140625,1345.3399658203125,1326.2099609375,1326.2099609375,4608550000
944,2012-02-10,1342.6400146484375,1342.6400146484375,1351.2099609375,1337.3499755859375,1351.2099609375,3877580000
945,2012-02-17,1361.22998046875,1361.22998046875,1363.4000244140625,1357.239990234375,1358.06005859375,3717640000
946,2012-02-24,1365.739990234375,1365.739990234375,1368.9200439453125,1363.4599609375,1363.4599609375,3505360000
947,2012-03-02,1369.6300048828125,1369.6300048828125,1374.530029296875,1366.4200439453125,1374.0899658203125,3283490000
948,2012-03-09,1370.8699951171875,1370.8699951171875,1374.760009765625,1365.969970703125,1365.969970703125,3639470000
949,2012-03-16,1404.1700439453125,1404.1700439453125,1405.8800048828125,1401.469970703125,1402.550048828125,5163950000
950,2012-03-23,1397.1099853515625,1397.1099853515625,1399.1800537109375,1386.8699951171875,1392.780029296875,3472950000
951,2012-03-30,1408.469970703125,1408.469970703125,1410.8900146484375,1401.4200439453125,1403.31005859375,3676890000
952,2012-04-06,1398.0799560546875,1398.0799560546875,1401.5999755859375,1392.9200439453125,1398.7900390625,3303740000
953,2012-04-13,1370.260009765625,1370.260009765625,1387.6099853515625,1369.8499755859375,1387.6099853515625,3631160000
954,2012-04-20,1378.530029296875,1378.530029296875,1387.4000244140625,1376.9599609375,1376.9599609375,3833320000
955,2012-04-27,1403.3599853515625,1403.3599853515625,1406.6400146484375,1397.31005859375,1400.18994140625,3645830000
956,2012-05-04,1369.0999755859375,1369.0999755859375,1391.510009765625,1367.9599609375,1391.510009765625,3975140000
957,2012-05-11,1353.3900146484375,1353.3900146484375,1365.6600341796875,1348.8900146484375,1358.1099853515625,3869070000
958,2012-05-18,1295.219970703125,1295.219970703125,1312.239990234375,1291.97998046875,1305.050048828125,4512470000
959,2012-05-25,1317.8199462890625,1317.8199462890625,1324.199951171875,1314.22998046875,1320.81005859375,2872660000
960,2012-06-01,1278.0400390625,1278.0400390625,1309.8699951171875,1277.25,1309.8699951171875,4669350000
961,2012-06-08,1325.6600341796875,1325.6600341796875,1325.81005859375,1307.77001953125,1314.989990234375,3497190000
962,2012-06-15,1342.8399658203125,1342.8399658203125,1343.3199462890625,1329.18994140625,1329.18994140625,4401570000
963,2012-06-22,1335.02001953125,1335.02001953125,1337.8199462890625,1325.9200439453125,1325.9200439453125,5271490000
964,2012-06-29,1362.1600341796875,1362.1600341796875,1362.1700439453125,1330.1199951171875,1330.1199951171875,4590480000
965,2012-07-06,1354.6800537109375,1354.6800537109375,1367.0899658203125,1348.030029296875,1367.0899658203125,2745140000
966,2012-07-13,1356.780029296875,1356.780029296875,1357.699951171875,1334.81005859375,1334.81005859375,3212930000
967,2012-07-20,1362.6600341796875,1362.6600341796875,1376.510009765625,1362.18994140625,1376.510009765625,3925020000
968,2012-07-27,1385.969970703125,1385.969970703125,1389.18994140625,1360.050048828125,1360.050048828125,4399010000
969,2012-08-03,1390.989990234375,1390.989990234375,1394.1600341796875,1365.449951171875,1365.449951171875,3751170000
970,2012-08-10,1405.8699951171875,1405.8699951171875,1405.97998046875,1395.6199951171875,1402.5799560546875,2767980000
971,2012-08-17,1418.1600341796875,1418.1600341796875,1418.7099609375,1414.6700439453125,1415.8399658203125,2922990000
972,2012-08-24,1411.1300048828125,1411.1300048828125,1413.4599609375,1398.0400390625,1401.989990234375,2598790000
973,2012-08-31,1406.5799560546875,1406.5799560546875,1413.0899658203125,1398.9599609375,1400.0699462890625,2938250000
974,2012-09-07,1437.9200439453125,1437.9200439453125,1437.9200439453125,1431.449951171875,1432.1199951171875,3717620000
975,2012-09-14,1465.77001953125,1465.77001953125,1474.510009765625,1460.0699462890625,1460.0699462890625,5041990000
976,2012-09-21,1460.1500244140625,1460.1500244140625,1467.0699462890625,1459.510009765625,1460.3399658203125,4833870000
977,2012-09-28,1440.6700439453125,1440.6700439453125,1447.1300048828125,1435.5999755859375,1447.1300048828125,3509230000
978,2012-10-05,1460.9300537109375,1460.9300537109375,1470.9599609375,1456.8900146484375,1461.4000244140625,3172940000
979,2012-10-12,1428.5899658203125,1428.5899658203125,1438.4300537109375,1425.530029296875,1432.8399658203125,3134750000
980,2012-10-19,1433.18994140625,1433.18994140625,1457.3399658203125,1429.8499755859375,1457.3399658203125,3875170000
981,2012-10-26,1411.93994140625,1411.93994140625,1417.0899658203125,1403.280029296875,1412.969970703125,3284910000
982,2012-11-02,1414.199951171875,1414.199951171875,1434.27001953125,1412.9100341796875,1427.5899658203125,3732480000
983,2012-11-09,1379.8499755859375,1379.8499755859375,1391.3900146484375,1373.030029296875,1377.550048828125,3647350000
984,2012-11-16,1359.8800048828125,1359.8800048828125,1362.030029296875,1343.3499755859375,1353.3599853515625,4045910000
985,2012-11-23,1409.1500244140625,1409.1500244140625,1409.1600341796875,1391.030029296875,1391.030029296875,1504960000
986,2012-11-30,1416.1800537109375,1416.1800537109375,1418.8599853515625,1411.6300048828125,1415.949951171875,3966000000
987,2012-12-07,1418.0699462890625,1418.0699462890625,1420.3399658203125,1410.9000244140625,1413.949951171875,3125160000
988,2012-12-14,1413.5799560546875,1413.5799560546875,1419.449951171875,1411.8800048828125,1419.449951171875,3210170000
989,2012-12-21,1430.1500244140625,1430.1500244140625,1443.6700439453125,1422.5799560546875,1443.6700439453125,5229160000
990,2012-12-28,1402.4300537109375,1402.4300537109375,1418.0999755859375,1401.5799560546875,1418.0999755859375,2426680000
991,2013-01-04,1466.469970703125,1466.469970703125,1467.93994140625,1458.989990234375,1459.3699951171875,3424290000
992,2013-01-11,1472.050048828125,1472.050048828125,1472.75,1467.5799560546875,1472.1199951171875,3340650000
993,2013-01-18,1485.97998046875,1485.97998046875,1485.97998046875,1475.81005859375,1480.949951171875,3795740000
994,2013-01-25,1502.9599609375,1502.9599609375,1503.260009765625,1494.8199462890625,1494.8199462890625,3476290000
995,2013-02-01,1513.1700439453125,1513.1700439453125,1514.4100341796875,1498.1099853515625,1498.1099853515625,3836320000
996,2013-02-08,1517.9300537109375,1517.9300537109375,1518.31005859375,1509.3900146484375,1509.3900146484375,2986150000
997,2013-02-15,1519.7900390625,1519.7900390625,1524.239990234375,1514.1400146484375,1521.3800048828125,3838510000
998,2013-02-22,1515.5999755859375,1515.5999755859375,1515.6400146484375,1502.4200439453125,1502.4200439453125,3419320000
999,2013-03-01,1518.199951171875,1518.199951171875,1519.989990234375,1501.47998046875,1514.6800537109375,3695610000
1000,2013-03-08,1551.1800537109375,1551.1800537109375,1552.47998046875,1542.93994140625,1544.260009765625,3652260000
1001,2013-03-15,1560.699951171875,1560.699951171875,1563.6199951171875,1555.739990234375,1563.2099609375,5175850000
1002,2013-03-22,1556.8900146484375,1556.8900146484375,1557.739990234375,1545.9000244140625,1545.9000244140625,2948380000
1003,2013-03-29,1569.18994140625,1569.18994140625,1570.280029296875,1561.0799560546875,1562.8599853515625,3304440000
1004,2013-04-05,1553.280029296875,1553.280029296875,1559.97998046875,1539.5,1559.97998046875,3515410000
1005,2013-04-12,1588.8499755859375,1588.8499755859375,1593.300048828125,1579.969970703125,1593.300048828125,3206290000
1006,2013-04-19,1555.25,1555.25,1555.8900146484375,1539.4000244140625,1541.6099853515625,3569870000
1007,2013-04-26,1582.239990234375,1582.239990234375,1585.780029296875,1577.56005859375,1585.1600341796875,3198620000
1008,2013-05-03,1614.4200439453125,1614.4200439453125,1618.4599609375,1597.5999755859375,1597.5999755859375,3603910000
1009,2013-05-10,1633.699951171875,1633.699951171875,1633.699951171875,1623.7099609375,1626.68994140625,3086470000
1010,2013-05-17,1667.469970703125,1667.469970703125,1667.469970703125,1652.449951171875,1652.449951171875,3440710000
1011,2013-05-24,1649.5999755859375,1649.5999755859375,1649.780029296875,1636.8800048828125,1646.6700439453125,2758080000
1012,2013-05-31,1630.739990234375,1630.739990234375,1658.989990234375,1630.739990234375,1652.1300048828125,4099600000
1013,2013-06-07,1643.3800048828125,1643.3800048828125,1644.4000244140625,1625.27001953125,1625.27001953125,3371990000
1014,2013-06-14,1626.72998046875,1626.72998046875,1640.800048828125,1623.9599609375,1635.52001953125,2939400000
1015,2013-06-21,1592.4300537109375,1592.4300537109375,1599.18994140625,1577.699951171875,1588.6199951171875,5797280000
1016,2013-06-28,1606.280029296875,1606.280029296875,1615.93994140625,1601.06005859375,1611.1199951171875,4977190000
1017,2013-07-05,1631.8900146484375,1631.8900146484375,1632.0699462890625,1614.7099609375,1618.6500244140625,2634140000
1018,2013-07-12,1680.18994140625,1680.18994140625,1680.18994140625,1672.3299560546875,1675.260009765625,3039070000
1019,2013-07-19,1692.0899658203125,1692.0899658203125,1692.0899658203125,1684.0799560546875,1686.1500244140625,3302580000
1020,2013-07-26,1691.6500244140625,1691.6500244140625,1691.8499755859375,1676.030029296875,1687.31005859375,2762770000
1021,2013-08-02,1709.6700439453125,1709.6700439453125,1709.6700439453125,1700.6800537109375,1706.0999755859375,3136630000
1022,2013-08-09,1691.4200439453125,1691.4200439453125,1699.4200439453125,1686.02001953125,1696.0999755859375,2957670000
1023,2013-08-16,1655.8299560546875,1655.8299560546875,1663.5999755859375,1652.6099853515625,1661.219970703125,3211450000
1024,2013-08-23,1663.5,1663.5,1664.8499755859375,1654.81005859375,1659.9200439453125,2582670000
1025,2013-08-30,1632.969970703125,1632.969970703125,1640.0799560546875,1628.050048828125,1638.8900146484375,2734300000
1026,2013-09-06,1655.1700439453125,1655.1700439453125,1664.8299560546875,1640.6199951171875,1657.43994140625,3123880000
1027,2013-09-13,1687.989990234375,1687.989990234375,1688.72998046875,1682.219970703125,1685.0400390625,2736500000
1028,2013-09-20,1709.9100341796875,1709.9100341796875,1725.22998046875,1708.8900146484375,1722.43994140625,5074030000
1029,2013-09-27,1691.75,1691.75,1695.52001953125,1687.1099853515625,1695.52001953125,2951700000
1030,2013-10-04,1690.5,1690.5,1691.93994140625,1677.3299560546875,1678.7900390625,2880270000
1031,2013-10-11,1703.199951171875,1703.199951171875,1703.43994140625,1688.52001953125,1691.0899658203125,2944670000
1032,2013-10-18,1744.5,1744.5,1745.31005859375,1735.739990234375,1736.719970703125,3664890000
1033,2013-10-25,1759.77001953125,1759.77001953125,1759.8199462890625,1752.449951171875,1756.010009765625,3175720000
1034,2013-11-01,1761.6400146484375,1761.6400146484375,1765.6700439453125,1752.699951171875,1758.699951171875,3686290000
1035,2013-11-08,1770.6099853515625,1770.6099853515625,1770.780029296875,1747.6300048828125,1748.3699951171875,3837170000
1036,2013-11-15,1798.1800537109375,1798.1800537109375,1798.219970703125,1790.6600341796875,1790.6600341796875,3254820000
1037,2013-11-22,1804.760009765625,1804.760009765625,1804.8399658203125,1794.699951171875,1797.2099609375,3055140000
1038,2013-11-29,1805.81005859375,1805.81005859375,1813.550048828125,1803.97998046875,1808.68994140625,1598300000
1039,2013-12-06,1805.0899658203125,1805.0899658203125,1806.0400390625,1788.3599853515625,1788.3599853515625,3150030000
1040,2013-12-13,1775.3199462890625,1775.3199462890625,1780.9200439453125,1772.449951171875,1777.97998046875,3061070000
1041,2013-12-20,1818.3199462890625,1818.3199462890625,1823.75,1810.25,1810.3900146484373,5097700000
1042,2013-12-27,1841.4000244140625,1841.4000244140625,1844.8900146484373,1839.81005859375,1842.969970703125,2052920000
1043,2014-01-03,1831.3699951171875,1831.3699951171875,1838.239990234375,1829.1300048828125,1833.2099609375,2774270000
1044,2014-01-10,1842.3699951171875,1842.3699951171875,1843.1500244140625,1832.4300537109373,1840.06005859375,3335710000
1045,2014-01-17,1838.699951171875,1838.699951171875,1846.0400390625,1835.22998046875,1844.22998046875,3626120000
1046,2014-01-24,1790.2900390625,1790.2900390625,1826.9599609375,1790.2900390625,1826.9599609375,4618450000
1047,2014-01-31,1782.5899658203125,1782.5899658203125,1793.8800048828125,1772.260009765625,1790.8800048828125,4059690000
1048,2014-02-07,1797.02001953125,1797.02001953125,1798.030029296875,1776.010009765625,1776.010009765625,3775990000
1049,2014-02-14,1838.6300048828125,1838.6300048828125,1841.6500244140625,1825.5899658203125,1828.4599609375,3114750000
1050,2014-02-21,1836.25,1836.25,1846.1300048828125,1835.5999755859373,1841.0699462890625,3403880000
1051,2014-02-28,1859.449951171875,1859.449951171875,1867.9200439453125,1847.6700439453125,1855.1199951171875,3917450000
1052,2014-03-07,1878.0400390625,1878.0400390625,1883.5699462890625,1870.56005859375,1878.52001953125,3564740000
1053,2014-03-14,1841.1300048828125,1841.1300048828125,1852.43994140625,1839.5699462890625,1845.0699462890625,3285460000
1054,2014-03-21,1866.52001953125,1866.52001953125,1883.969970703125,1863.4599609375,1874.530029296875,5270710000
1055,2014-03-28,1857.6199951171875,1857.6199951171875,1866.6300048828125,1850.0699462890625,1850.0699462890625,2955520000
1056,2014-04-04,1865.0899658203125,1865.0899658203125,1897.280029296875,1863.260009765625,1890.25,3583750000
1057,2014-04-11,1815.68994140625,1815.68994140625,1835.0699462890625,1814.3599853515625,1830.6500244140625,3743460000
1058,2014-04-18,1864.8499755859373,1864.8499755859373,1869.6300048828125,1856.719970703125,1861.72998046875,3341430000
1059,2014-04-25,1863.4000244140625,1863.4000244140625,1877.719970703125,1859.699951171875,1877.719970703125,3213020000
1060,2014-05-02,1881.1400146484373,1881.1400146484373,1891.3299560546875,1878.5,1885.300048828125,3159560000
1061,2014-05-09,1878.47998046875,1878.47998046875,1878.5699462890625,1867.02001953125,1875.27001953125,3025020000
1062,2014-05-16,1877.8599853515625,1877.8599853515625,1878.280029296875,1864.8199462890625,1871.18994140625,3173650000
1063,2014-05-23,1900.530029296875,1900.530029296875,1901.260009765625,1893.3199462890625,1893.3199462890625,2396280000
1064,2014-05-30,1923.5699462890625,1923.5699462890625,1924.030029296875,1916.6400146484373,1920.3299560546875,3263490000
1065,2014-06-06,1949.43994140625,1949.43994140625,1949.43994140625,1942.4100341796875,1942.4100341796875,2864300000
1066,2014-06-13,1936.1600341796875,1936.1600341796875,1937.300048828125,1927.68994140625,1930.800048828125,2598230000
1067,2014-06-20,1962.8699951171875,1962.8699951171875,1963.9100341796875,1959.1700439453125,1960.449951171875,4336240000
1068,2014-06-27,1960.9599609375,1960.9599609375,1961.469970703125,1952.1800537109373,1956.56005859375,4290590000
1069,2014-07-04,1985.43994140625,1985.43994140625,1985.5899658203125,1975.8800048828125,1975.8800048828125,1998090000
1070,2014-07-11,1967.5699462890625,1967.5699462890625,1968.6700439453125,1959.6300048828125,1965.760009765625,2684630000
1071,2014-07-18,1978.219970703125,1978.219970703125,1979.9100341796875,1960.8199462890625,1961.5400390625,3106060000
1072,2014-07-25,1978.3399658203125,1978.3399658203125,1984.5999755859373,1974.3699951171875,1984.5999755859373,2638960000
1073,2014-08-01,1925.1500244140625,1925.1500244140625,1937.3499755859373,1916.3699951171875,1929.800048828125,3789660000
1074,2014-08-08,1931.5899658203125,1931.5899658203125,1932.3800048828125,1909.010009765625,1910.3499755859373,2902280000
1075,2014-08-15,1955.06005859375,1955.06005859375,1964.0400390625,1941.5,1958.8699951171875,3023380000
1076,2014-08-22,1988.4000244140625,1988.4000244140625,1993.5400390625,1984.760009765625,1992.5999755859373,2301860000
1077,2014-08-29,2003.3699951171875,2003.3699951171875,2003.3800048828125,1994.6500244140625,1998.449951171875,2259130000
1078,2014-09-05,2007.7099609375,2007.7099609375,2007.7099609375,1990.0999755859373,1998.0,2818300000
1079,2014-09-12,1985.5400390625,1985.5400390625,1996.739990234375,1980.260009765625,1996.739990234375,3206570000
1080,2014-09-19,2010.4000244140625,2010.4000244140625,2019.260009765625,2006.5899658203125,2012.739990234375,4880220000
1081,2014-09-26,1982.8499755859373,1982.8499755859373,1986.3699951171875,1966.219970703125,1966.219970703125,2929440000
1082,2014-10-03,1967.9000244140625,1967.9000244140625,1971.18994140625,1948.1199951171875,1948.1199951171875,3560970000
1083,2014-10-10,1906.1300048828125,1906.1300048828125,1936.97998046875,1906.050048828125,1925.6300048828125,4550540000
1084,2014-10-17,1886.760009765625,1886.760009765625,1898.1600341796875,1864.9100341796875,1864.9100341796875,4482120000
1085,2014-10-24,1964.5799560546875,1964.5799560546875,1965.27001953125,1946.27001953125,1951.5899658203125,3078380000
1086,2014-10-31,2018.050048828125,2018.050048828125,2018.18994140625,2001.199951171875,2001.199951171875,4292290000
1087,2014-11-07,2031.9200439453125,2031.9200439453125,2034.260009765625,2025.0699462890625,2032.3599853515625,3704280000
1088,2014-11-14,2039.8199462890625,2039.8199462890625,2042.219970703125,2035.199951171875,2039.739990234375,3227130000
1089,2014-11-21,2063.5,2063.5,2071.4599609375,2056.75,2057.4599609375,3916420000
1090,2014-11-28,2067.56005859375,2067.56005859375,2075.760009765625,2065.06005859375,2074.780029296875,2504640000
1091,2014-12-05,2075.3701171875,2075.3701171875,2079.469970703125,2070.81005859375,2072.780029296875,3419620000
1092,2014-12-12,2002.3299560546875,2002.3299560546875,2032.25,2002.3299560546875,2030.3599853515625,4157650000
1093,2014-12-19,2070.64990234375,2070.64990234375,2077.85009765625,2061.030029296875,2061.0400390625,6465530000
1094,2014-12-26,2088.77001953125,2088.77001953125,2092.699951171875,2084.300048828125,2084.300048828125,1735230000
1095,2015-01-02,2058.199951171875,2058.199951171875,2072.360107421875,2046.0400390625,2058.89990234375,2708700000
1096,2015-01-09,2044.81005859375,2044.81005859375,2064.429931640625,2038.3299560546875,2063.449951171875,3364140000
1097,2015-01-16,2019.4200439453125,2019.4200439453125,2020.4599609375,1988.1199951171875,1992.25,4056410000
1098,2015-01-23,2051.820068359375,2051.820068359375,2062.97998046875,2050.5400390625,2062.97998046875,3573560000
1099,2015-01-30,1994.989990234375,1994.989990234375,2023.3199462890625,1993.3800048828125,2019.3499755859373,4568650000
1100,2015-02-06,2055.469970703125,2055.469970703125,2072.39990234375,2049.969970703125,2062.280029296875,4232970000
1101,2015-02-13,2096.989990234375,2096.989990234375,2097.030029296875,2086.699951171875,2088.780029296875,3527450000
1102,2015-02-20,2110.300048828125,2110.300048828125,2110.610107421875,2085.43994140625,2097.64990234375,3281600000
1103,2015-02-27,2104.5,2104.5,2112.739990234375,2103.75,2110.8798828125,3547380000
1104,2015-03-06,2071.260009765625,2071.260009765625,2100.909912109375,2067.27001953125,2100.909912109375,3853570000
1105,2015-03-13,2053.39990234375,2053.39990234375,2064.56005859375,2041.1700439453125,2064.56005859375,3498560000
1106,2015-03-20,2108.10009765625,2108.10009765625,2113.919921875,2090.320068359375,2090.320068359375,5554120000
1107,2015-03-27,2061.02001953125,2061.02001953125,2062.830078125,2052.9599609375,2055.780029296875,3008550000
1108,2015-04-03,2066.9599609375,2066.9599609375,2072.169921875,2057.320068359375,2060.030029296875,3095960000
1109,2015-04-10,2102.06005859375,2102.06005859375,2102.610107421875,2091.510009765625,2091.510009765625,3156200000
1110,2015-04-17,2081.179931640625,2081.179931640625,2102.580078125,2072.3701171875,2102.580078125,3627600000
1111,2015-04-24,2117.68994140625,2117.68994140625,2120.919921875,2112.800048828125,2112.800048828125,3375780000
1112,2015-05-01,2108.2900390625,2108.2900390625,2108.409912109375,2087.3798828125,2087.3798828125,3379390000
1113,2015-05-08,2116.10009765625,2116.10009765625,2117.659912109375,2092.1298828125,2092.1298828125,3399440000
1114,2015-05-15,2122.72998046875,2122.72998046875,2123.889892578125,2116.81005859375,2122.070068359375,3092080000
1115,2015-05-22,2126.06005859375,2126.06005859375,2132.14990234375,2126.06005859375,2130.360107421875,2571860000
1116,2015-05-29,2107.389892578125,2107.389892578125,2120.659912109375,2104.889892578125,2120.659912109375,3927390000
1117,2015-06-05,2092.830078125,2092.830078125,2100.989990234375,2085.669921875,2095.090087890625,3243690000
1118,2015-06-12,2094.110107421875,2094.110107421875,2107.429931640625,2091.330078125,2107.429931640625,2719400000
1119,2015-06-19,2109.989990234375,2109.989990234375,2121.639892578125,2109.449951171875,2121.06005859375,4449810000
1120,2015-06-26,2101.489990234375,2101.489990234375,2108.919921875,2095.3798828125,2102.6201171875,5025470000
1121,2015-07-03,2076.780029296875,2076.780029296875,2085.06005859375,2071.02001953125,2078.030029296875,2996540000
1122,2015-07-10,2076.6201171875,2076.6201171875,2081.31005859375,2052.739990234375,2052.739990234375,3065070000
1123,2015-07-17,2126.639892578125,2126.639892578125,2128.909912109375,2119.8798828125,2126.800048828125,3362750000
1124,2015-07-24,2079.64990234375,2079.64990234375,2106.010009765625,2077.090087890625,2102.239990234375,3870040000
1125,2015-07-31,2103.840087890625,2103.840087890625,2114.239990234375,2102.070068359375,2111.60009765625,3681340000
1126,2015-08-07,2077.570068359375,2077.570068359375,2082.610107421875,2067.909912109375,2082.610107421875,3602320000
1127,2015-08-14,2091.5400390625,2091.5400390625,2092.449951171875,2080.610107421875,2083.14990234375,2795590000
1128,2015-08-21,1970.8900146484373,1970.8900146484373,2034.0799560546875,1970.8900146484373,2034.0799560546875,5018240000
1129,2015-08-28,1988.8699951171875,1988.8699951171875,1993.47998046875,1975.18994140625,1986.06005859375,3949080000
1130,2015-09-04,1921.219970703125,1921.219970703125,1947.760009765625,1911.2099609375,1947.760009765625,3167090000
1131,2015-09-11,1961.050048828125,1961.050048828125,1961.050048828125,1939.18994140625,1951.449951171875,3218590000
1132,2015-09-18,1958.030029296875,1958.030029296875,1989.6600341796875,1953.449951171875,1989.6600341796875,6021240000
1133,2015-09-25,1931.3399658203125,1931.3399658203125,1952.8900146484373,1921.5,1935.9300537109373,3721870000
1134,2015-10-02,1951.3599853515625,1951.3599853515625,1951.3599853515625,1893.699951171875,1921.77001953125,4378570000
1135,2015-10-09,2014.8900146484373,2014.8900146484373,2020.1300048828125,2007.6099853515625,2013.72998046875,3706900000
1136,2015-10-16,2033.1099853515625,2033.1099853515625,2033.5400390625,2020.4599609375,2024.3699951171875,3595430000
1137,2015-10-23,2075.14990234375,2075.14990234375,2079.739990234375,2058.18994140625,2058.18994140625,4108460000
1138,2015-10-30,2079.360107421875,2079.360107421875,2094.320068359375,2079.340087890625,2090.0,4256200000
1139,2015-11-06,2099.199951171875,2099.199951171875,2101.909912109375,2083.739990234375,2098.60009765625,4369020000
1140,2015-11-13,2023.0400390625,2023.0400390625,2044.6400146484373,2022.02001953125,2044.6400146484373,4278750000
1141,2015-11-20,2089.169921875,2089.169921875,2097.06005859375,2082.820068359375,2082.820068359375,3929600000
1142,2015-11-27,2090.110107421875,2090.110107421875,2093.2900390625,2084.1298828125,2088.820068359375,1466840000
1143,2015-12-04,2091.68994140625,2091.68994140625,2093.840087890625,2051.239990234375,2051.239990234375,4214910000
1144,2015-12-11,2012.3699951171875,2012.3699951171875,2047.27001953125,2008.800048828125,2047.27001953125,4301060000
1145,2015-12-18,2005.550048828125,2005.550048828125,2040.81005859375,2005.3299560546875,2040.81005859375,6683070000
1146,2015-12-25,2060.989990234375,2060.989990234375,2067.360107421875,2058.72998046875,2063.52001953125,1411860000
1147,2016-01-01,2043.93994140625,2043.93994140625,2062.5400390625,2043.6199951171875,2060.590087890625,2655330000
1148,2016-01-08,1922.030029296875,1922.030029296875,1960.4000244140625,1918.4599609375,1945.969970703125,4664940000
1149,2016-01-15,1880.3299560546875,1880.3299560546875,1916.6800537109373,1857.8299560546875,1916.6800537109373,5468460000
1150,2016-01-22,1906.9000244140625,1906.9000244140625,1908.8499755859373,1877.4000244140625,1877.4000244140625,4901760000
1151,2016-01-29,1940.239990234375,1940.239990234375,1940.239990234375,1894.0,1894.0,5497570000
1152,2016-02-05,1880.050048828125,1880.050048828125,1913.0699462890625,1872.6500244140625,1913.0699462890625,4929940000
1153,2016-02-12,1864.780029296875,1864.780029296875,1864.780029296875,1833.4000244140625,1833.4000244140625,4696920000
1154,2016-02-19,1917.780029296875,1917.780029296875,1918.780029296875,1902.1700439453125,1916.739990234375,4142850000
1155,2016-02-26,1948.050048828125,1948.050048828125,1962.9599609375,1945.780029296875,1954.949951171875,4348510000
1156,2016-03-04,1999.989990234375,1999.989990234375,2009.1300048828125,1986.77001953125,1994.010009765625,6049930000
1157,2016-03-11,2022.18994140625,2022.18994140625,2022.3699951171875,1994.7099609375,1994.7099609375,4078620000
1158,2016-03-18,2049.580078125,2049.580078125,2052.360107421875,2041.1600341796875,2041.1600341796875,6503140000
1159,2016-03-25,2035.93994140625,2035.93994140625,2036.0400390625,2022.489990234375,2032.47998046875,3407720000
1160,2016-04-01,2072.780029296875,2072.780029296875,2075.070068359375,2043.97998046875,2056.6201171875,3749990000
1161,2016-04-08,2047.5999755859373,2047.5999755859373,2060.6298828125,2041.68994140625,2045.5400390625,3359530000
1162,2016-04-15,2080.72998046875,2080.72998046875,2083.219970703125,2076.31005859375,2083.10009765625,3701450000
1163,2016-04-22,2091.580078125,2091.580078125,2094.320068359375,2081.199951171875,2091.489990234375,3790580000
1164,2016-04-29,2065.300048828125,2065.300048828125,2073.85009765625,2052.280029296875,2071.820068359375,4704720000
1165,2016-05-06,2057.139892578125,2057.139892578125,2057.719970703125,2039.449951171875,2047.77001953125,3796350000
1166,2016-05-13,2046.6099853515625,2046.6099853515625,2066.7900390625,2043.1300048828125,2062.5,3579880000
1167,2016-05-20,2052.320068359375,2052.320068359375,2058.35009765625,2041.8800048828125,2041.8800048828125,3507650000
1168,2016-05-27,2099.06005859375,2099.06005859375,2099.06005859375,2090.06005859375,2090.06005859375,3079150000
1169,2016-06-03,2099.1298828125,2099.1298828125,2104.070068359375,2085.360107421875,2104.070068359375,3627780000
1170,2016-06-10,2096.070068359375,2096.070068359375,2109.570068359375,2089.9599609375,2109.570068359375,3515010000
1171,2016-06-17,2071.219970703125,2071.219970703125,2078.199951171875,2062.840087890625,2078.199951171875,4952630000
1172,2016-06-24,2037.4100341796875,2037.4100341796875,2103.81005859375,2032.5699462890625,2103.81005859375,7597450000
1173,2016-07-01,2102.949951171875,2102.949951171875,2108.7099609375,2097.89990234375,2099.340087890625,3458890000
1174,2016-07-08,2129.89990234375,2129.89990234375,2131.7099609375,2106.969970703125,2106.969970703125,3607500000
1175,2016-07-15,2161.739990234375,2161.739990234375,2169.050048828125,2155.7900390625,2165.1298828125,3122600000
1176,2016-07-22,2175.030029296875,2175.030029296875,2175.110107421875,2163.239990234375,2166.469970703125,3023280000
1177,2016-07-29,2173.60009765625,2173.60009765625,2177.090087890625,2163.489990234375,2168.830078125,4038840000
1178,2016-08-05,2182.8701171875,2182.8701171875,2182.8701171875,2168.7900390625,2168.7900390625,3663070000
1179,2016-08-12,2184.050048828125,2184.050048828125,2186.280029296875,2179.419921875,2183.739990234375,3000660000
1180,2016-08-19,2183.8701171875,2183.8701171875,2185.0,2175.1298828125,2184.239990234375,3084800000
1181,2016-08-26,2169.0400390625,2169.0400390625,2187.93994140625,2160.389892578125,2175.10009765625,3342340000
1182,2016-09-02,2179.97998046875,2179.97998046875,2184.8701171875,2173.590087890625,2177.489990234375,3091120000
1183,2016-09-09,2127.81005859375,2127.81005859375,2169.080078125,2127.81005859375,2169.080078125,4233960000
1184,2016-09-16,2139.159912109375,2139.159912109375,2146.47998046875,2131.199951171875,2146.47998046875,5014360000
1185,2016-09-23,2164.68994140625,2164.68994140625,2173.75,2163.969970703125,2173.2900390625,3289860000
1186,2016-09-30,2168.27001953125,2168.27001953125,2175.300048828125,2156.510009765625,2156.510009765625,4158800000
1187,2016-10-07,2153.739990234375,2153.739990234375,2165.860107421875,2144.85009765625,2164.18994140625,3578770000
1188,2016-10-14,2132.97998046875,2132.97998046875,2149.18994140625,2132.97998046875,2139.679931640625,3187910000
1189,2016-10-21,2141.159912109375,2141.159912109375,2142.6298828125,2130.090087890625,2139.429931640625,3456390000
1190,2016-10-28,2126.409912109375,2126.409912109375,2140.719970703125,2119.360107421875,2132.22998046875,4028270000
1191,2016-11-04,2085.179931640625,2085.179931640625,2099.070068359375,2083.7900390625,2083.7900390625,3841910000
1192,2016-11-11,2164.449951171875,2164.449951171875,2165.919921875,2152.489990234375,2162.7099609375,4993990000
1193,2016-11-18,2181.89990234375,2181.89990234375,2189.889892578125,2180.3798828125,2186.85009765625,3580900000
1194,2016-11-25,2213.35009765625,2213.35009765625,2213.35009765625,2206.27001953125,2206.27001953125,1584590000
1195,2016-12-02,2191.949951171875,2191.949951171875,2197.949951171875,2188.3701171875,2191.1201171875,3782370000
1196,2016-12-09,2259.530029296875,2259.530029296875,2259.800048828125,2249.22998046875,2249.72998046875,3886460000
1197,2016-12-16,2258.070068359375,2258.070068359375,2268.050048828125,2254.239990234375,2266.81005859375,5928980000
1198,2016-12-23,2263.7900390625,2263.7900390625,2263.7900390625,2258.840087890625,2260.25,2021230000
1199,2016-12-30,2238.830078125,2238.830078125,2253.580078125,2233.6201171875,2251.610107421875,2671550000
1200,2017-01-06,2276.97998046875,2276.97998046875,2282.10009765625,2264.06005859375,2271.139892578125,3342080000
1201,2017-01-13,2274.639892578125,2274.639892578125,2278.679931640625,2271.510009765625,2272.739990234375,3090680000
1202,2017-01-20,2271.31005859375,2271.31005859375,2276.9599609375,2265.010009765625,2269.9599609375,3536850000
1203,2017-01-27,2294.68994140625,2294.68994140625,2299.02001953125,2291.6201171875,2299.02001953125,3137420000
1204,2017-02-03,2297.419921875,2297.419921875,2298.31005859375,2287.8798828125,2288.5400390625,3605970000
1205,2017-02-10,2316.10009765625,2316.10009765625,2319.22998046875,2311.10009765625,2312.27001953125,3496600000
1206,2017-02-17,2351.159912109375,2351.159912109375,2351.159912109375,2339.580078125,2343.010009765625,3516830000
1207,2017-02-24,2367.340087890625,2367.340087890625,2367.340087890625,2352.8701171875,2355.72998046875,3832410000
1208,2017-03-03,2383.1201171875,2383.1201171875,2383.889892578125,2375.389892578125,2380.919921875,3556670000
1209,2017-03-10,2372.60009765625,2372.60009765625,2376.860107421875,2363.0400390625,2372.52001953125,3434400000
1210,2017-03-17,2378.25,2378.25,2385.7099609375,2377.639892578125,2383.7099609375,5179820000
1211,2017-03-24,2343.97998046875,2343.97998046875,2356.219970703125,2335.739990234375,2350.419921875,2978530000
1212,2017-03-31,2362.719970703125,2362.719970703125,2370.35009765625,2362.60009765625,2364.820068359375,3356740000
1213,2017-04-07,2355.5400390625,2355.5400390625,2363.760009765625,2350.739990234375,2356.590087890625,3054700000
1214,2017-04-14,2328.949951171875,2328.949951171875,2348.260009765625,2328.949951171875,2341.97998046875,3146380000
1215,2017-04-21,2348.68994140625,2348.68994140625,2356.179931640625,2344.510009765625,2354.739990234375,3524160000
1216,2017-04-28,2384.199951171875,2384.199951171875,2393.679931640625,2382.360107421875,2393.679931640625,3721350000
1217,2017-05-05,2399.2900390625,2399.2900390625,2399.2900390625,2389.3798828125,2392.3701171875,3543240000
1218,2017-05-12,2390.89990234375,2390.89990234375,2392.43994140625,2387.18994140625,2392.43994140625,3304620000
1219,2017-05-19,2381.72998046875,2381.72998046875,2389.06005859375,2370.429931640625,2371.3701171875,3831700000
1220,2017-05-26,2415.820068359375,2415.820068359375,2416.679931640625,2412.199951171875,2414.5,2806930000
1221,2017-06-02,2439.070068359375,2439.070068359375,2440.22998046875,2427.7099609375,2431.280029296875,3465500000
1222,2017-06-09,2431.77001953125,2431.77001953125,2446.199951171875,2415.699951171875,2436.389892578125,4029860000
1223,2017-06-16,2433.14990234375,2433.14990234375,2433.14990234375,2422.8798828125,2431.239990234375,5299380000
1224,2017-06-23,2438.300048828125,2438.300048828125,2441.39990234375,2431.110107421875,2434.64990234375,5282460000
1225,2017-06-30,2423.409912109375,2423.409912109375,2432.7099609375,2421.64990234375,2429.199951171875,3366030000
1226,2017-07-07,2425.179931640625,2425.179931640625,2426.919921875,2413.52001953125,2413.52001953125,2929390000
1227,2017-07-14,2459.27001953125,2459.27001953125,2463.5400390625,2446.68994140625,2449.159912109375,2738460000
1228,2017-07-21,2472.5400390625,2472.5400390625,2472.5400390625,2465.06005859375,2467.39990234375,3066880000
1229,2017-07-28,2472.10009765625,2472.10009765625,2473.530029296875,2464.659912109375,2469.1201171875,3302850000
1230,2017-08-04,2476.830078125,2476.830078125,2480.0,2472.080078125,2476.8798828125,3239980000
1231,2017-08-11,2441.320068359375,2441.320068359375,2448.090087890625,2437.85009765625,2441.0400390625,3161830000
1232,2017-08-18,2425.550048828125,2425.550048828125,2440.27001953125,2420.68994140625,2427.639892578125,3426970000
1233,2017-08-25,2443.050048828125,2443.050048828125,2453.9599609375,2442.219970703125,2444.719970703125,2593350000
1234,2017-09-01,2476.550048828125,2476.550048828125,2480.3798828125,2473.85009765625,2474.419921875,2712780000
1235,2017-09-08,2461.429931640625,2461.429931640625,2467.110107421875,2459.39990234375,2462.25,3308360000
1236,2017-09-15,2500.22998046875,2500.22998046875,2500.22998046875,2493.159912109375,2495.669921875,4862970000
1237,2017-09-22,2502.219970703125,2502.219970703125,2503.469970703125,2496.5400390625,2497.260009765625,2877980000
1238,2017-09-29,2519.360107421875,2519.360107421875,2519.43994140625,2507.989990234375,2509.9599609375,3220260000
1239,2017-10-06,2549.330078125,2549.330078125,2549.409912109375,2543.7900390625,2547.43994140625,2898270000
1240,2017-10-13,2553.169921875,2553.169921875,2557.64990234375,2552.090087890625,2555.659912109375,3150470000
1241,2017-10-20,2575.2099609375,2575.2099609375,2575.43994140625,2567.56005859375,2567.56005859375,3394450000
1242,2017-10-27,2581.070068359375,2581.070068359375,2582.97998046875,2565.93994140625,2570.260009765625,3896100000
1243,2017-11-03,2587.840087890625,2587.840087890625,2588.419921875,2576.77001953125,2581.929931640625,3568710000
1244,2017-11-10,2582.300048828125,2582.300048828125,2583.81005859375,2575.570068359375,2580.179931640625,3489740000
1245,2017-11-17,2578.85009765625,2578.85009765625,2583.9599609375,2577.6201171875,2582.93994140625,3309800000
1246,2017-11-24,2602.419921875,2602.419921875,2604.2099609375,2600.419921875,2600.419921875,1385890000
1247,2017-12-01,2642.219970703125,2642.219970703125,2650.6201171875,2605.52001953125,2645.10009765625,3950930000
1248,2017-12-08,2651.5,2651.5,2651.64990234375,2644.10009765625,2646.2099609375,3126750000
1249,2017-12-15,2675.81005859375,2675.81005859375,2679.6298828125,2659.139892578125,2660.6298828125,5736910000
1250,2017-12-22,2683.340087890625,2683.340087890625,2685.35009765625,2678.1298828125,2684.219970703125,2401030000
1251,2017-12-29,2673.610107421875,2673.610107421875,2692.1201171875,2673.610107421875,2689.14990234375,2447760000
1252,2018-01-05,2743.14990234375,2743.14990234375,2743.449951171875,2727.919921875,2731.330078125,3239280000
1253,2018-01-12,2786.239990234375,2786.239990234375,2787.85009765625,2769.639892578125,2770.179931640625,3587220000
1254,2018-01-19,2810.300048828125,2810.300048828125,2810.330078125,2798.080078125,2802.60009765625,3724230000
1255,2018-01-26,2872.8701171875,2872.8701171875,2872.8701171875,2846.179931640625,2847.47998046875,3474680000
1256,2018-02-02,2762.1298828125,2762.1298828125,2808.919921875,2759.969970703125,2808.919921875,4340220000
1257,2018-02-09,2619.550048828125,2619.550048828125,2638.669921875,2532.68994140625,2601.780029296875,5690110000
1258,2018-02-16,2732.219970703125,2732.219970703125,2754.419921875,2725.110107421875,2727.139892578125,3646920000
1259,2018-02-23,2747.300048828125,2747.300048828125,2747.760009765625,2713.739990234375,2715.800048828125,3200360000
1260,2018-03-02,2691.25,2691.25,2696.25,2647.320068359375,2658.889892578125,3891250000
1261,2018-03-09,2786.570068359375,2786.570068359375,2786.570068359375,2751.5400390625,2752.909912109375,3376870000
1262,2018-03-16,2752.010009765625,2752.010009765625,2761.85009765625,2749.969970703125,2750.570068359375,5429140000
1263,2018-03-23,2588.260009765625,2588.260009765625,2657.669921875,2585.889892578125,2646.7099609375,3829380000
1264,2018-03-30,2640.8701171875,2640.8701171875,2659.070068359375,2609.719970703125,2614.409912109375,3572360000
1265,2018-04-06,2604.469970703125,2604.469970703125,2656.8798828125,2586.27001953125,2645.820068359375,3312390000
1266,2018-04-13,2656.300048828125,2656.300048828125,2680.260009765625,2645.050048828125,2676.89990234375,2988540000
1267,2018-04-20,2670.139892578125,2670.139892578125,2693.93994140625,2660.610107421875,2692.56005859375,3428260000
1268,2018-04-27,2669.909912109375,2669.909912109375,2677.35009765625,2659.010009765625,2675.469970703125,3234510000
1269,2018-05-04,2663.419921875,2663.419921875,2670.929931640625,2615.320068359375,2621.449951171875,3335260000
1270,2018-05-11,2727.719970703125,2727.719970703125,2732.860107421875,2717.449951171875,2722.699951171875,2874850000
1271,2018-05-18,2712.969970703125,2712.969970703125,2719.5,2709.179931640625,2717.35009765625,3383270000
1272,2018-05-25,2721.330078125,2721.330078125,2727.360107421875,2714.989990234375,2723.60009765625,3015260000
1273,2018-06-01,2734.6201171875,2734.6201171875,2736.929931640625,2718.699951171875,2718.699951171875,3694310000
1274,2018-06-08,2779.030029296875,2779.030029296875,2779.389892578125,2763.590087890625,2765.840087890625,3138850000
1275,2018-06-15,2779.659912109375,2779.659912109375,2782.81005859375,2761.72998046875,2777.780029296875,5451990000
1276,2018-06-22,2754.8798828125,2754.8798828125,2764.169921875,2752.679931640625,2760.7900390625,5468110000
1277,2018-06-29,2718.3701171875,2718.3701171875,2743.260009765625,2718.030029296875,2727.1298828125,3586800000
1278,2018-07-06,2759.820068359375,2759.820068359375,2764.409912109375,2733.52001953125,2737.679931640625,2590250000
1279,2018-07-13,2801.31005859375,2801.31005859375,2804.530029296875,2791.68994140625,2796.929931640625,2619790000
1280,2018-07-20,2801.830078125,2801.830078125,2809.699951171875,2800.010009765625,2804.550048828125,3243250000
1281,2018-07-27,2818.820068359375,2818.820068359375,2843.169921875,2808.340087890625,2842.35009765625,3434370000
1282,2018-08-03,2840.35009765625,2840.35009765625,2840.3798828125,2827.3701171875,2829.6201171875,3043690000
1283,2018-08-10,2833.280029296875,2833.280029296875,2842.199951171875,2825.81005859375,2838.89990234375,3265590000
1284,2018-08-17,2850.1298828125,2850.1298828125,2855.6298828125,2833.72998046875,2838.320068359375,3037640000
1285,2018-08-24,2874.68994140625,2874.68994140625,2876.159912109375,2862.35009765625,2862.35009765625,2603010000
1286,2018-08-31,2901.52001953125,2901.52001953125,2906.320068359375,2891.72998046875,2898.3701171875,2887220000
1287,2018-09-07,2871.679931640625,2871.679931640625,2883.81005859375,2864.1201171875,2868.260009765625,2976580000
1288,2018-09-14,2904.97998046875,2904.97998046875,2908.300048828125,2895.77001953125,2906.3798828125,3179410000
1289,2018-09-21,2929.669921875,2929.669921875,2940.909912109375,2927.110107421875,2936.760009765625,5652470000
1290,2018-09-28,2913.97998046875,2913.97998046875,2920.530029296875,2907.5,2910.030029296875,3461680000
1291,2018-10-05,2885.570068359375,2885.570068359375,2909.639892578125,2869.2900390625,2902.5400390625,3340820000
1292,2018-10-12,2767.1298828125,2767.1298828125,2775.77001953125,2729.43994140625,2770.5400390625,4024010000
1293,2018-10-19,2767.780029296875,2767.780029296875,2797.77001953125,2760.27001953125,2775.659912109375,3593940000
1294,2018-10-26,2658.68994140625,2658.68994140625,2692.3798828125,2628.159912109375,2667.860107421875,4804330000
1295,2018-11-02,2723.06005859375,2723.06005859375,2756.550048828125,2700.43994140625,2745.449951171875,4261230000
1296,2018-11-09,2781.010009765625,2781.010009765625,2794.10009765625,2764.239990234375,2794.10009765625,4029030000
1297,2018-11-16,2736.27001953125,2736.27001953125,2746.75,2712.159912109375,2718.5400390625,3996970000
1298,2018-11-23,2632.56005859375,2632.56005859375,2647.550048828125,2631.090087890625,2633.360107421875,1651680000
1299,2018-11-30,2760.169921875,2760.169921875,2760.8798828125,2732.760009765625,2737.760009765625,4668310000
1300,2018-12-07,2633.080078125,2633.080078125,2708.5400390625,2623.139892578125,2691.260009765625,4242240000
1301,2018-12-14,2599.949951171875,2599.949951171875,2635.070068359375,2593.840087890625,2629.679931640625,4064370000
1302,2018-12-21,2416.6201171875,2416.6201171875,2504.409912109375,2408.550048828125,2465.3798828125,7657890000
1303,2018-12-28,2485.739990234375,2485.739990234375,2520.27001953125,2472.889892578125,2498.77001953125,3728440000
1304,2019-01-04,2531.93994140625,2531.93994140625,2538.070068359375,2474.330078125,2474.330078125,4234140000
1305,2019-01-11,2596.260009765625,2596.260009765625,2596.27001953125,2577.39990234375,2588.110107421875,3447460000
1306,2019-01-18,2670.7099609375,2670.7099609375,2675.469970703125,2647.580078125,2651.27001953125,4009010000
1307,2019-01-25,2664.760009765625,2664.760009765625,2672.3798828125,2657.330078125,2657.43994140625,3821000000
1308,2019-02-01,2706.530029296875,2706.530029296875,2716.659912109375,2696.8798828125,2702.320068359375,3782490000
1309,2019-02-08,2707.8798828125,2707.8798828125,2708.070068359375,2681.830078125,2692.360107421875,3649510000
1310,2019-02-15,2775.60009765625,2775.60009765625,2775.659912109375,2760.239990234375,2760.239990234375,3648680000
1311,2019-02-22,2792.669921875,2792.669921875,2794.199951171875,2779.110107421875,2780.669921875,3429350000
1312,2019-03-01,2803.68994140625,2803.68994140625,2808.02001953125,2787.3798828125,2798.219970703125,3994950000
1313,2019-03-08,2743.070068359375,2743.070068359375,2744.1298828125,2722.27001953125,2730.7900390625,3424300000
1314,2019-03-15,2822.47998046875,2822.47998046875,2830.72998046875,2810.7900390625,2810.7900390625,5969780000
1315,2019-03-22,2800.7099609375,2800.7099609375,2846.159912109375,2800.469970703125,2844.52001953125,4253730000
1316,2019-03-29,2834.39990234375,2834.39990234375,2836.030029296875,2819.22998046875,2828.27001953125,3752520000
1317,2019-04-05,2892.739990234375,2892.739990234375,2893.239990234375,2882.989990234375,2884.159912109375,3155970000
1318,2019-04-12,2907.409912109375,2907.409912109375,2910.5400390625,2898.3701171875,2900.860107421875,3726050000
1319,2019-04-19,2905.030029296875,2905.030029296875,2908.39990234375,2891.89990234375,2904.81005859375,3507100000
1320,2019-04-26,2939.8798828125,2939.8798828125,2939.8798828125,2917.56005859375,2925.81005859375,3264390000
1321,2019-05-03,2945.639892578125,2945.639892578125,2947.85009765625,2929.2099609375,2929.2099609375,3357180000
1322,2019-05-10,2881.39990234375,2881.39990234375,2891.31005859375,2825.389892578125,2863.10009765625,3566780000
1323,2019-05-17,2859.530029296875,2859.530029296875,2885.47998046875,2854.22998046875,2858.60009765625,3316040000
1324,2019-05-24,2826.06005859375,2826.06005859375,2841.360107421875,2820.18994140625,2832.409912109375,2889230000
1325,2019-05-31,2752.06005859375,2752.06005859375,2768.97998046875,2750.52001953125,2766.14990234375,3982670000
1326,2019-06-07,2873.340087890625,2873.340087890625,2884.969970703125,2852.8701171875,2852.8701171875,3244380000
1327,2019-06-14,2886.97998046875,2886.97998046875,2894.449951171875,2879.6201171875,2886.820068359375,2992810000
1328,2019-06-21,2950.4599609375,2950.4599609375,2964.14990234375,2946.8701171875,2952.7099609375,5003540000
1329,2019-06-28,2941.760009765625,2941.760009765625,2943.97998046875,2929.050048828125,2932.93994140625,5422650000
1330,2019-07-05,2990.409912109375,2990.409912109375,2994.030029296875,2967.969970703125,2984.25,2434680000
1331,2019-07-12,3013.77001953125,3013.77001953125,3013.919921875,3001.8701171875,3003.360107421875,2984140000
1332,2019-07-19,2976.610107421875,2976.610107421875,3006.02001953125,2975.860107421875,3004.260009765625,3285890000
1333,2019-07-26,3025.860107421875,3025.860107421875,3027.97998046875,3012.590087890625,3013.25,3260170000
1334,2019-08-02,2932.050048828125,2932.050048828125,2945.5,2914.110107421875,2943.89990234375,3882810000
1335,2019-08-09,2918.64990234375,2918.64990234375,2935.75,2900.14990234375,2930.510009765625,3356850000
1336,2019-08-16,2888.679931640625,2888.679931640625,2893.6298828125,2864.739990234375,2864.739990234375,3524080000
1337,2019-08-23,2847.110107421875,2847.110107421875,2927.010009765625,2834.969970703125,2911.070068359375,3942520000
1338,2019-08-30,2926.4599609375,2926.4599609375,2940.429931640625,2913.320068359375,2937.090087890625,3009910000
1339,2019-09-06,2978.7099609375,2978.7099609375,2985.030029296875,2972.510009765625,2980.330078125,3209340000
1340,2019-09-13,3007.389892578125,3007.389892578125,3017.330078125,3002.89990234375,3012.2099609375,3557010000
1341,2019-09-20,2992.070068359375,2992.070068359375,3016.3701171875,2984.679931640625,3008.419921875,6103440000
1342,2019-09-27,2961.7900390625,2961.7900390625,2987.31005859375,2945.530029296875,2985.469970703125,3246480000
1343,2019-10-04,2952.010009765625,2952.010009765625,2953.739990234375,2918.56005859375,2918.56005859375,3005600000
1344,2019-10-11,2970.27001953125,2970.27001953125,2993.280029296875,2963.070068359375,2963.070068359375,3581320000
1345,2019-10-18,2986.199951171875,2986.199951171875,3000.0,2976.31005859375,2996.840087890625,3268970000
1346,2019-10-25,3022.550048828125,3022.550048828125,3027.389892578125,3001.93994140625,3003.320068359375,3379060000
1347,2019-11-01,3066.909912109375,3066.909912109375,3066.949951171875,3050.719970703125,3050.719970703125,3956290000
1348,2019-11-08,3093.080078125,3093.080078125,3093.090087890625,3073.580078125,3081.25,3508160000
1349,2019-11-15,3120.4599609375,3120.4599609375,3120.4599609375,3104.60009765625,3107.919921875,3359800000
1350,2019-11-22,3110.2900390625,3110.2900390625,3112.8701171875,3099.260009765625,3111.409912109375,3235270000
1351,2019-11-29,3140.97998046875,3140.97998046875,3150.300048828125,3139.340087890625,3147.179931640625,1743420000
1352,2019-12-06,3145.909912109375,3145.909912109375,3150.60009765625,3134.6201171875,3134.6201171875,3483310000
1353,2019-12-13,3168.800048828125,3168.800048828125,3182.679931640625,3156.510009765625,3166.64990234375,3757650000
1354,2019-12-20,3221.219970703125,3221.219970703125,3225.64990234375,3216.030029296875,3223.330078125,6457480000
1355,2019-12-27,3240.02001953125,3240.02001953125,3247.929931640625,3234.3701171875,3247.22998046875,2429150000
1356,2020-01-03,3234.85009765625,3234.85009765625,3246.14990234375,3222.340087890625,3226.360107421875,3484700000
1357,2020-01-10,3265.35009765625,3265.35009765625,3282.989990234375,3260.860107421875,3281.81005859375,3214580000
1358,2020-01-17,3329.6201171875,3329.6201171875,3329.8798828125,3318.860107421875,3323.659912109375,3726220000
1359,2020-01-24,3295.469970703125,3295.469970703125,3333.179931640625,3281.530029296875,3333.10009765625,3708780000
1360,2020-01-31,3225.52001953125,3225.52001953125,3282.330078125,3214.679931640625,3282.330078125,4529700000
1361,2020-02-07,3327.7099609375,3327.7099609375,3341.419921875,3322.1201171875,3335.5400390625,3733920000
1362,2020-02-14,3380.159912109375,3380.159912109375,3380.68994140625,3366.14990234375,3378.080078125,3419700000
1363,2020-02-21,3337.75,3337.75,3360.760009765625,3328.449951171875,3360.5,3908780000
1364,2020-02-28,2954.219970703125,2954.219970703125,2959.719970703125,2855.840087890625,2916.89990234375,8569570000
1365,2020-03-06,2972.3701171875,2972.3701171875,2985.929931640625,2901.5400390625,2954.199951171875,6555240000
1366,2020-03-13,2711.02001953125,2711.02001953125,2711.330078125,2492.3701171875,2569.989990234375,8299070000
1367,2020-03-20,2304.919921875,2304.919921875,2453.010009765625,2295.56005859375,2431.93994140625,9053950000
1368,2020-03-27,2541.469970703125,2541.469970703125,2615.909912109375,2520.02001953125,2555.8701171875,6201670000
1369,2020-04-03,2488.64990234375,2488.64990234375,2538.179931640625,2459.9599609375,2514.919921875,6096970000
1370,2020-04-10,2789.820068359375,2789.820068359375,2818.570068359375,2762.360107421875,2776.989990234375,7899550000
1371,2020-04-17,2874.56005859375,2874.56005859375,2879.219970703125,2830.8798828125,2842.429931640625,5804810000
1372,2020-04-24,2836.739990234375,2836.739990234375,2842.7099609375,2791.760009765625,2812.639892578125,5382810000
1373,2020-05-01,2830.7099609375,2830.7099609375,2869.090087890625,2821.610107421875,2869.090087890625,4759810000
1374,2020-05-08,2929.800048828125,2929.800048828125,2932.159912109375,2902.8798828125,2908.830078125,4876030000
1375,2020-05-15,2863.699951171875,2863.699951171875,2865.010009765625,2816.780029296875,2829.949951171875,5507700000
1376,2020-05-22,2955.449951171875,2955.449951171875,2956.760009765625,2933.590087890625,2948.050048828125,3970860000
1377,2020-05-29,3044.31005859375,3044.31005859375,3049.169921875,2998.610107421875,3025.169921875,7297550000
1378,2020-06-05,3193.929931640625,3193.929931640625,3211.719970703125,3163.840087890625,3163.840087890625,8639300000
1379,2020-06-12,3041.31005859375,3041.31005859375,3088.419921875,2984.469970703125,3071.0400390625,5845330000
1380,2020-06-19,3097.739990234375,3097.739990234375,3155.530029296875,3083.110107421875,3140.2900390625,8346650000
1381,2020-06-26,3009.050048828125,3009.050048828125,3073.72998046875,3004.6298828125,3073.199951171875,8107850000
1382,2020-07-03,3130.010009765625,3130.010009765625,3165.81005859375,3124.52001953125,3143.639892578125,4197720000
1383,2020-07-10,3185.0400390625,3185.0400390625,3186.820068359375,3136.219970703125,3152.469970703125,4524190000
1384,2020-07-17,3224.72998046875,3224.72998046875,3233.52001953125,3205.64990234375,3224.2099609375,4012850000
1385,2020-07-24,3215.6298828125,3215.6298828125,3227.260009765625,3200.050048828125,3218.580078125,3689410000
1386,2020-07-31,3271.1201171875,3271.1201171875,3272.169921875,3220.260009765625,3270.449951171875,5007530000
1387,2020-08-07,3351.280029296875,3351.280029296875,3352.5400390625,3328.719970703125,3340.050048828125,4110030000
1388,2020-08-14,3372.85009765625,3372.85009765625,3378.510009765625,3361.639892578125,3368.659912109375,3200060000
1389,2020-08-21,3397.159912109375,3397.159912109375,3399.9599609375,3379.31005859375,3386.010009765625,3505010000
1390,2020-08-28,3508.010009765625,3508.010009765625,3509.22998046875,3484.320068359375,3494.68994140625,3868510000
1391,2020-09-04,3426.9599609375,3426.9599609375,3479.14990234375,3349.6298828125,3453.60009765625,4438720000
1392,2020-09-11,3340.969970703125,3340.969970703125,3368.949951171875,3310.469970703125,3352.699951171875,3710090000
1393,2020-09-18,3319.469970703125,3319.469970703125,3362.27001953125,3292.39990234375,3357.3798828125,7076400000
1394,2020-09-25,3298.4599609375,3298.4599609375,3306.8798828125,3228.43994140625,3236.659912109375,3803330000
1395,2020-10-02,3348.419921875,3348.419921875,3369.10009765625,3323.68994140625,3338.93994140625,3975180000
1396,2020-10-09,3477.139892578125,3477.139892578125,3482.340087890625,3458.070068359375,3459.669921875,3944090000
1397,2020-10-16,3483.81005859375,3483.81005859375,3515.760009765625,3480.449951171875,3493.5,4688030000
1398,2020-10-23,3465.389892578125,3465.389892578125,3466.4599609375,3440.449951171875,3464.89990234375,3651600000
1399,2020-10-30,3269.9599609375,3269.9599609375,3304.929931640625,3233.93994140625,3293.590087890625,4843930000
1400,2020-11-06,3509.43994140625,3509.43994140625,3521.580078125,3484.340087890625,3508.340087890625,4842460000
1401,2020-11-13,3585.14990234375,3585.14990234375,3593.659912109375,3552.570068359375,3552.570068359375,4719580000
1402,2020-11-20,3557.5400390625,3557.5400390625,3581.22998046875,3556.85009765625,3579.31005859375,4236370000
1403,2020-11-27,3638.35009765625,3638.35009765625,3644.31005859375,3629.330078125,3638.550048828125,2778390000
1404,2020-12-04,3699.1201171875,3699.1201171875,3699.199951171875,3670.93994140625,3670.93994140625,5099620000
1405,2020-12-11,3663.4599609375,3663.4599609375,3665.909912109375,3633.39990234375,3656.080078125,4375470000
1406,2020-12-18,3709.409912109375,3709.409912109375,3726.699951171875,3685.840087890625,3722.389892578125,7097100000
1407,2020-12-25,3703.06005859375,3703.06005859375,3703.820068359375,3689.320068359375,3694.030029296875,1883780000
1408,2021-01-01,3756.070068359375,3756.070068359375,3760.199951171875,3726.8798828125,3733.27001953125,3179040000
1409,2021-01-08,3824.679931640625,3824.679931640625,3826.68994140625,3783.60009765625,3815.050048828125,4773040000
1410,2021-01-15,3768.25,3768.25,3788.72998046875,3749.6201171875,3788.72998046875,5369820000
1411,2021-01-22,3841.469970703125,3841.469970703125,3852.31005859375,3830.409912109375,3844.239990234375,5110890000
1412,2021-01-29,3714.239990234375,3714.239990234375,3778.050048828125,3694.1201171875,3778.050048828125,6643370000
1413,2021-02-05,3886.830078125,3886.830078125,3894.56005859375,3874.929931640625,3878.300048828125,4879470000
1414,2021-02-12,3934.830078125,3934.830078125,3937.22998046875,3905.780029296875,3911.64990234375,4135060000
1415,2021-02-19,3906.7099609375,3906.7099609375,3930.409912109375,3903.070068359375,3921.159912109375,4845320000
1416,2021-02-26,3811.14990234375,3811.14990234375,3861.080078125,3789.5400390625,3839.659912109375,6526070000
1417,2021-03-05,3841.93994140625,3841.93994140625,3851.68994140625,3730.18994140625,3793.580078125,6851070000
1418,2021-03-12,3943.340087890625,3943.340087890625,3944.989990234375,3915.2099609375,3924.52001953125,4476280000
1419,2021-03-19,3913.10009765625,3913.10009765625,3930.1201171875,3886.75,3913.139892578125,7757420000
1420,2021-03-26,3974.5400390625,3974.5400390625,3978.18994140625,3917.1201171875,3917.1201171875,5483160000
1421,2021-04-02,4019.8701171875,4019.8701171875,4020.6298828125,3992.780029296875,3992.780029296875,4162130000
1422,2021-04-09,4128.7998046875,4128.7998046875,4129.47998046875,4095.510009765625,4096.10986328125,3640390000
1423,2021-04-16,4185.47021484375,4185.47021484375,4191.31005859375,4170.75,4174.14013671875,4163820000
1424,2021-04-23,4180.169921875,4180.169921875,4194.169921875,4138.77978515625,4138.77978515625,3569880000
1425,2021-04-30,4181.169921875,4181.169921875,4198.10009765625,4174.85009765625,4198.10009765625,4300880000
1426,2021-05-07,4232.60009765625,4232.60009765625,4238.0400390625,4201.64013671875,4210.33984375,4016080000
1427,2021-05-14,4173.85009765625,4173.85009765625,4183.1298828125,4129.580078125,4129.580078125,4008880000
1428,2021-05-21,4155.85986328125,4155.85986328125,4188.72021484375,4151.72021484375,4168.60986328125,3995250000
1429,2021-05-28,4204.10986328125,4204.10986328125,4218.35986328125,4203.56982421875,4210.77001953125,4649250000
1430,2021-06-04,4229.89013671875,4229.89013671875,4233.4501953125,4206.0498046875,4206.0498046875,4139790000
1431,2021-06-11,4247.43994140625,4247.43994140625,4248.3798828125,4232.25,4242.89990234375,3815010000
1432,2021-06-18,4166.4501953125,4166.4501953125,4204.77978515625,4164.39990234375,4204.77978515625,6817010000
1433,2021-06-25,4280.7001953125,4280.7001953125,4286.1201171875,4271.16015625,4274.4501953125,7341450000
1434,2021-07-02,4352.33984375,4352.33984375,4355.43017578125,4326.60009765625,4326.60009765625,3225840000
1435,2021-07-09,4369.5498046875,4369.5498046875,4371.60009765625,4329.3798828125,4329.3798828125,3531120000
1436,2021-07-16,4327.16015625,4327.16015625,4375.08984375,4322.52978515625,4367.43017578125,3985700000
1437,2021-07-23,4411.7900390625,4411.7900390625,4415.18017578125,4381.2001953125,4381.2001953125,4540070000
1438,2021-07-30,4395.259765625,4395.259765625,4412.25,4389.64990234375,4395.1201171875,3956740000
1439,2021-08-06,4436.52001953125,4436.52001953125,4440.81982421875,4429.06982421875,4429.06982421875,3451870000
1440,2021-08-13,4468.0,4468.0,4468.3701171875,4460.81982421875,4464.83984375,3016470000
1441,2021-08-20,4441.669921875,4441.669921875,4444.35009765625,4406.7998046875,4410.56005859375,3652610000
1442,2021-08-27,4509.3701171875,4509.3701171875,4513.330078125,4474.10009765625,4474.10009765625,3331200000
1443,2021-09-03,4535.43017578125,4535.43017578125,4541.4501953125,4521.2998046875,4532.419921875,3217530000
1444,2021-09-10,4458.580078125,4458.580078125,4520.47021484375,4457.66015625,4506.919921875,3623180000
1445,2021-09-17,4432.990234375,4432.990234375,4471.52001953125,4427.759765625,4469.740234375,7289530000
1446,2021-09-24,4455.47998046875,4455.47998046875,4463.1201171875,4430.27001953125,4438.0400390625,3384290000
1447,2021-10-01,4357.0400390625,4357.0400390625,4375.18994140625,4288.52001953125,4317.16015625,4010370000
1448,2021-10-08,4391.33984375,4391.33984375,4412.02001953125,4386.22021484375,4406.509765625,3280160000
1449,2021-10-15,4471.3701171875,4471.3701171875,4475.81982421875,4447.68994140625,4447.68994140625,3819380000
1450,2021-10-22,4544.89990234375,4544.89990234375,4559.669921875,4524.0,4546.1201171875,3758220000
1451,2021-10-29,4605.3798828125,4605.3798828125,4608.080078125,4567.58984375,4572.8701171875,4510200000
1452,2021-11-05,4697.52978515625,4697.52978515625,4718.5,4681.31982421875,4699.259765625,4467180000
1453,2021-11-12,4682.85009765625,4682.85009765625,4688.47021484375,4650.77001953125,4655.240234375,3728600000
1454,2021-11-19,4697.9599609375,4697.9599609375,4717.75,4694.22021484375,4708.43994140625,4253180000
1455,2021-11-26,4594.6201171875,4594.6201171875,4664.6298828125,4585.43017578125,4664.6298828125,3517700000
1456,2021-12-03,4538.43017578125,4538.43017578125,4608.02978515625,4495.1201171875,4589.490234375,5240070000
1457,2021-12-10,4712.02001953125,4712.02001953125,4713.56982421875,4670.240234375,4687.64013671875,3870110000
1458,2021-12-17,4620.64013671875,4620.64013671875,4666.7001953125,4600.22021484375,4652.5,7987090000
1459,2021-12-24,4725.7900390625,4725.7900390625,4740.740234375,4703.9599609375,4703.9599609375,2913040000
1460,2021-12-31,4766.18017578125,4766.18017578125,4786.830078125,4765.75,4775.2099609375,2677820000
1461,2022-01-07,4677.02978515625,4677.02978515625,4707.9501953125,4662.740234375,4697.66015625,4181510000
1462,2022-01-14,4662.85009765625,4662.85009765625,4665.1298828125,4614.75,4637.990234375,4338490000
1463,2022-01-21,4397.93994140625,4397.93994140625,4494.52001953125,4395.33984375,4471.3798828125,5589100000
1464,2022-01-28,4431.85009765625,4431.85009765625,4432.72021484375,4292.4599609375,4336.18994140625,5031090000
1465,2022-02-04,4500.52978515625,4500.52978515625,4539.66015625,4451.5,4482.7900390625,4706290000
1466,2022-02-11,4418.64013671875,4418.64013671875,4526.330078125,4401.41015625,4506.27001953125,5251500000
1467,2022-02-18,4348.8701171875,4348.8701171875,4394.60009765625,4327.22021484375,4384.56982421875,4708060000
1468,2022-02-25,4384.64990234375,4384.64990234375,4385.33984375,4286.830078125,4298.3798828125,5177060000
1469,2022-03-04,4328.8701171875,4328.8701171875,4342.1201171875,4284.97998046875,4342.1201171875,5797380000
1470,2022-03-11,4204.31005859375,4204.31005859375,4291.009765625,4200.490234375,4279.5,4938640000
1471,2022-03-18,4463.1201171875,4463.1201171875,4465.39990234375,4390.56982421875,4407.33984375,8278430000
1472,2022-03-25,4543.06005859375,4543.06005859375,4546.02978515625,4501.06982421875,4522.91015625,4305020000
1473,2022-04-01,4545.85986328125,4545.85986328125,4548.7001953125,4507.56982421875,4540.31982421875,4562940000
1474,2022-04-08,4488.27978515625,4488.27978515625,4520.41015625,4474.60009765625,4494.14990234375,4083200000
1475,2022-04-15,4392.58984375,4392.58984375,4460.4599609375,4390.77001953125,4449.1201171875,4083090000
1476,2022-04-22,4271.77978515625,4271.77978515625,4385.830078125,4267.6201171875,4385.830078125,4651940000
1477,2022-04-29,4131.93017578125,4131.93017578125,4269.68017578125,4124.27978515625,4253.75,5084030000
1478,2022-05-06,4123.33984375,4123.33984375,4157.68994140625,4067.909912109375,4128.169921875,5116940000
1479,2022-05-13,4023.889892578125,4023.889892578125,4038.8798828125,3963.89990234375,3963.89990234375,5183340000
1480,2022-05-20,3901.360107421875,3901.360107421875,3943.419921875,3810.320068359375,3927.760009765625,5130730000
1481,2022-05-27,4158.240234375,4158.240234375,4158.490234375,4077.429931640625,4077.429931640625,4375620000
1482,2022-06-03,4108.5400390625,4108.5400390625,4142.669921875,4098.669921875,4137.56982421875,3711110000
1483,2022-06-10,3900.860107421875,3900.860107421875,3974.389892578125,3900.159912109375,3974.389892578125,4889640000
1484,2022-06-17,3674.840087890625,3674.840087890625,3707.7099609375,3636.8701171875,3665.89990234375,8520740000
1485,2022-06-24,3911.739990234375,3911.739990234375,3913.64990234375,3821.75,3821.75,8120260000
1486,2022-07-01,3825.330078125,3825.330078125,3829.820068359375,3752.10009765625,3781.0,4046950000
1487,2022-07-08,3899.3798828125,3899.3798828125,3918.5,3869.340087890625,3888.260009765625,3521620000
1488,2022-07-15,3863.159912109375,3863.159912109375,3863.6201171875,3817.179931640625,3818.0,4143800000
1489,2022-07-22,3961.6298828125,3961.6298828125,4012.43994140625,3938.860107421875,3998.429931640625,3979240000
1490,2022-07-29,4130.2900390625,4130.2900390625,4140.14990234375,4079.219970703125,4087.330078125,4616360000
1491,2022-08-05,4145.18994140625,4145.18994140625,4151.580078125,4107.31005859375,4115.8701171875,4085940000
1492,2022-08-12,4280.14990234375,4280.14990234375,4280.47021484375,4219.77978515625,4225.02001953125,3788010000
1493,2022-08-19,4228.47998046875,4228.47998046875,4266.31005859375,4218.7001953125,4266.31005859375,3761340000
1494,2022-08-26,4057.659912109375,4057.659912109375,4203.0400390625,4057.659912109375,4198.740234375,3832750000
1495,2022-09-02,3924.260009765625,3924.260009765625,4018.429931640625,3906.2099609375,3994.659912109375,3665850000
1496,2022-09-09,4067.360107421875,4067.360107421875,4076.81005859375,4022.93994140625,4022.93994140625,3901940000
1497,2022-09-16,3873.330078125,3873.330078125,3880.949951171875,3837.080078125,3880.949951171875,7954650000
1498,2022-09-23,3693.22998046875,3693.22998046875,3727.139892578125,3647.469970703125,3727.139892578125,5144270000
1499,2022-09-30,3585.6201171875,3585.6201171875,3671.43994140625,3584.1298828125,3633.47998046875,5645360000
1500,2022-10-07,3639.659912109375,3639.659912109375,3706.739990234375,3620.72998046875,3706.739990234375,4449660000
1501,2022-10-14,3583.070068359375,3583.070068359375,3712.0,3579.679931640625,3690.409912109375,4243030000
1502,2022-10-21,3752.75,3752.75,3757.889892578125,3647.419921875,3657.10009765625,5078020000
1503,2022-10-28,3901.06005859375,3901.06005859375,3905.419921875,3808.260009765625,3808.260009765625,4459410000
1504,2022-11-04,3770.550048828125,3770.550048828125,3796.340087890625,3708.840087890625,3766.97998046875,5400180000
1505,2022-11-11,3992.929931640625,3992.929931640625,4001.47998046875,3944.820068359375,3963.719970703125,5593310000
1506,2022-11-18,3965.340087890625,3965.340087890625,3979.889892578125,3935.97998046875,3966.389892578125,4037360000
1507,2022-11-25,4026.1201171875,4026.1201171875,4034.02001953125,4020.760009765625,4023.340087890625,1706460000
1508,2022-12-02,4071.699951171875,4071.699951171875,4080.47998046875,4026.6298828125,4040.169921875,4012620000
1509,2022-12-09,3934.3798828125,3934.3798828125,3977.02001953125,3933.0400390625,3954.169921875,3888260000
1510,2022-12-16,3852.360107421875,3852.360107421875,3890.909912109375,3827.909912109375,3890.909912109375,7493660000
1511,2022-12-23,3844.820068359375,3844.820068359375,3845.800048828125,3797.010009765625,3815.110107421875,2819280000
1512,2022-12-30,3839.5,3839.5,3839.85009765625,3800.340087890625,3829.06005859375,2979870000
1513,2023-01-06,3895.080078125,3895.080078125,3906.18994140625,3809.56005859375,3823.3701171875,3923560000
1514,2023-01-13,3999.090087890625,3999.090087890625,4003.949951171875,3947.669921875,3960.60009765625,3939700000
1515,2023-01-20,3972.610107421875,3972.610107421875,3972.9599609375,3897.860107421875,3909.0400390625,4013360000
1516,2023-01-27,4070.56005859375,4070.56005859375,4094.2099609375,4048.699951171875,4053.719970703125,3907760000
1517,2023-02-03,4136.47998046875,4136.47998046875,4182.35986328125,4123.35986328125,4136.68994140625,4694510000
1518,2023-02-10,4090.4599609375,4090.4599609375,4094.360107421875,4060.7900390625,4068.919921875,3891520000
1519,2023-02-17,4079.090087890625,4079.090087890625,4081.510009765625,4047.949951171875,4077.389892578125,4045480000
1520,2023-02-24,3970.0400390625,3970.0400390625,3978.25,3943.080078125,3973.239990234375,3877700000
1521,2023-03-03,4045.639892578125,4045.639892578125,4048.2900390625,3995.169921875,3998.02001953125,4084730000
1522,2023-03-10,3861.590087890625,3861.590087890625,3934.050048828125,3846.320068359375,3912.77001953125,5518190000
1523,2023-03-17,3916.639892578125,3916.639892578125,3958.909912109375,3901.27001953125,3958.68994140625,9354280000
1524,2023-03-24,3970.989990234375,3970.989990234375,3972.739990234375,3909.159912109375,3939.2099609375,4583970000
1525,2023-03-31,4109.31005859375,4109.31005859375,4110.75,4056.179931640625,4056.179931640625,4525120000
1526,2023-04-07,4105.02001953125,4105.02001953125,4107.31982421875,4069.840087890625,4081.14990234375,3486690000
1527,2023-04-14,4137.64013671875,4137.64013671875,4163.18994140625,4113.2001953125,4140.10986328125,3575690000
1528,2023-04-21,4133.52001953125,4133.52001953125,4138.02001953125,4113.85986328125,4132.14013671875,3611750000
1529,2023-04-28,4169.47998046875,4169.47998046875,4170.06005859375,4127.18017578125,4129.6298828125,4087800000
1530,2023-05-05,4136.25,4136.25,4147.02001953125,4084.72998046875,4084.72998046875,4186270000
1531,2023-05-12,4124.080078125,4124.080078125,4143.740234375,4099.1201171875,4138.5400390625,3533740000
1532,2023-05-19,4191.97998046875,4191.97998046875,4212.91015625,4180.2001953125,4204.14990234375,4041900000
1533,2023-05-26,4205.4501953125,4205.4501953125,4212.8701171875,4156.16015625,4156.16015625,3715460000
1534,2023-06-02,4282.3701171875,4282.3701171875,4290.669921875,4241.009765625,4241.009765625,4454200000
1535,2023-06-09,4298.85986328125,4298.85986328125,4322.6201171875,4291.7001953125,4304.8798828125,3786510000
1536,2023-06-16,4409.58984375,4409.58984375,4448.47021484375,4407.43994140625,4440.9501953125,6848600000
1537,2023-06-23,4348.330078125,4348.330078125,4366.5498046875,4341.33984375,4354.169921875,6053620000
1538,2023-06-30,4450.3798828125,4450.3798828125,4458.47998046875,4422.43994140625,4422.43994140625,3923450000
1539,2023-07-07,4398.9501953125,4398.9501953125,4440.39013671875,4397.39990234375,4404.5400390625,3630480000
1540,2023-07-14,4505.419921875,4505.419921875,4527.759765625,4499.56005859375,4514.60986328125,3647450000
1541,2023-07-21,4536.33984375,4536.33984375,4555.0,4535.7900390625,4550.16015625,3570190000
1542,2023-07-28,4582.22998046875,4582.22998046875,4590.16015625,4564.009765625,4565.75,3981010000
1543,2023-08-04,4478.02978515625,4478.02978515625,4540.33984375,4474.5498046875,4513.9599609375,4143310000
1544,2023-08-11,4464.0498046875,4464.0498046875,4476.22998046875,4443.97998046875,4450.68994140625,3753290000
1545,2023-08-18,4369.7099609375,4369.7099609375,4381.81982421875,4335.31005859375,4344.8798828125,3940400000
1546,2023-08-25,4405.7099609375,4405.7099609375,4418.4599609375,4356.2900390625,4389.3798828125,3296180000
1547,2023-09-01,4515.77001953125,4515.77001953125,4541.25,4501.35009765625,4530.60009765625,3246260000
1548,2023-09-08,4457.490234375,4457.490234375,4473.52978515625,4448.3798828125,4451.2998046875,3259290000
1549,2023-09-15,4450.31982421875,4450.31982421875,4497.97998046875,4447.2099609375,4497.97998046875,6932230000
1550,2023-09-22,4320.06005859375,4320.06005859375,4357.39990234375,4316.490234375,4341.740234375,3349570000
1551,2023-09-29,4288.0498046875,4288.0498046875,4333.14990234375,4274.85986328125,4328.18017578125,3865960000
1552,2023-10-06,4308.5,4308.5,4324.10009765625,4219.5498046875,4234.7900390625,3902030000
1553,2023-10-13,4327.77978515625,4327.77978515625,4377.10009765625,4311.97021484375,4360.490234375,3566560000
1554,2023-10-20,4224.16015625,4224.16015625,4276.56005859375,4223.02978515625,4273.85009765625,4004030000
1555,2023-10-27,4117.3701171875,4117.3701171875,4156.7001953125,4103.77978515625,4152.93017578125,4019500000
1556,2023-11-03,4358.33984375,4358.33984375,4373.6201171875,4334.22998046875,4334.22998046875,4570960000
1557,2023-11-10,4415.240234375,4415.240234375,4418.02978515625,4353.33984375,4364.14990234375,3665080000
1558,2023-11-17,4514.02001953125,4514.02001953125,4520.1201171875,4499.66015625,4509.5498046875,3777240000
1559,2023-11-24,4559.33984375,4559.33984375,4560.31005859375,4552.7998046875,4555.83984375,1639500000
1560,2023-12-01,4594.6298828125,4594.6298828125,4599.39013671875,4554.7099609375,4559.43017578125,4397120000
1561,2023-12-08,4604.3701171875,4604.3701171875,4609.22998046875,4574.06005859375,4576.2001953125,3707010000
1562,2023-12-15,4719.18994140625,4719.18994140625,4725.52978515625,4704.68994140625,4714.22998046875,8218980000
1563,2023-12-22,4754.6298828125,4754.6298828125,4772.93994140625,4736.77001953125,4753.919921875,3046770000
1564,2023-12-29,4769.830078125,4769.830078125,4788.43017578125,4751.990234375,4782.8798828125,3126060000
