,Date,Adj Close,Close,High,Low,Open,Volume
0,1994-01-07,10.960000038146973,10.960000038146973,12.140000343322754,10.0,11.470000267028809,0
1,1994-01-14,11.149999618530272,11.149999618530272,11.220000267028809,11.0,11.140000343322754,0
2,1994-01-21,11.09000015258789,11.09000015258789,11.210000038146973,10.899999618530272,10.899999618530272,0
3,1994-01-28,9.9399995803833,9.9399995803833,10.3100004196167,9.59000015258789,9.859999656677246,0
4,1994-02-04,15.25,15.25,15.630000114440918,10.210000038146973,10.710000038146973,0
5,1994-02-11,14.460000038146973,14.460000038146973,15.18000030517578,14.199999809265137,15.18000030517578,0
6,1994-02-18,14.699999809265137,14.699999809265137,15.399999618530272,13.800000190734863,13.970000267028809,0
7,1994-02-25,14.800000190734863,14.800000190734863,15.1899995803833,14.579999923706056,15.010000228881836,0
8,1994-03-04,16.0,16.0,16.6299991607666,15.630000114440918,15.649999618530272,0
9,1994-03-11,14.869999885559082,14.869999885559082,16.139999389648438,13.890000343322754,14.770000457763672,0
10,1994-03-18,13.31999969482422,13.31999969482422,13.739999771118164,13.199999809265137,13.739999771118164,0
11,1994-03-25,13.670000076293944,13.670000076293944,13.829999923706056,12.880000114440918,13.399999618530272,0
12,1994-04-01,20.450000762939453,20.450000762939453,21.940000534057617,18.420000076293945,18.5,0
13,1994-04-08,16.920000076293945,16.920000076293945,17.579999923706055,16.420000076293945,16.5,0
14,1994-04-15,15.979999542236328,15.979999542236328,16.65999984741211,15.5,15.539999961853027,0
15,1994-04-22,14.9399995803833,14.9399995803833,15.399999618530272,14.06999969482422,14.15999984741211,0
16,1994-04-29,13.770000457763672,13.770000457763672,14.34000015258789,13.050000190734863,13.050000190734863,0
17,1994-05-06,15.079999923706056,15.079999923706056,15.539999961853027,14.789999961853027,15.109999656677246,0
18,1994-05-13,14.539999961853027,14.539999961853027,16.110000610351562,14.479999542236328,15.550000190734863,0
19,1994-05-20,12.789999961853027,12.789999961853027,13.029999732971191,11.800000190734863,11.890000343322754,0
20,1994-05-27,12.489999771118164,12.489999771118164,13.010000228881836,12.420000076293944,12.84000015258789,0
21,1994-06-03,12.1899995803833,12.1899995803833,13.359999656677246,12.100000381469728,13.279999732971191,0
22,1994-06-10,12.6899995803833,12.6899995803833,13.039999961853027,12.449999809265137,13.039999961853027,0
23,1994-06-17,12.3100004196167,12.3100004196167,12.329999923706056,10.479999542236328,10.520000457763672,0
24,1994-06-24,16.719999313354492,16.719999313354492,17.270000457763672,15.3100004196167,15.350000381469728,0
25,1994-07-01,14.359999656677246,14.359999656677246,15.260000228881836,14.359999656677246,14.890000343322754,0
26,1994-07-08,13.260000228881836,13.260000228881836,14.880000114440918,12.850000381469728,14.880000114440918,0
27,1994-07-15,11.279999732971191,11.279999732971191,11.539999961853027,11.0,11.130000114440918,0
28,1994-07-22,11.220000267028809,11.220000267028809,11.890000343322754,10.960000038146973,10.960000038146973,0
29,1994-07-29,11.130000114440918,11.130000114440918,11.739999771118164,11.050000190734863,11.229999542236328,0
30,1994-08-05,12.34000015258789,12.34000015258789,12.979999542236328,12.329999923706056,12.850000381469728,0
31,1994-08-12,11.09000015258789,11.09000015258789,12.130000114440918,11.029999732971191,11.979999542236328,0
32,1994-08-19,12.829999923706056,12.829999923706056,13.34000015258789,12.4399995803833,12.710000038146973,0
33,1994-08-26,12.1899995803833,12.1899995803833,12.84000015258789,11.020000457763672,11.15999984741211,0
34,1994-09-02,11.399999618530272,11.399999618530272,11.729999542236328,11.170000076293944,11.210000038146973,0
35,1994-09-09,13.119999885559082,13.119999885559082,13.5600004196167,11.619999885559082,11.619999885559082,0
36,1994-09-16,12.800000190734863,12.800000190734863,13.119999885559082,11.75,12.0600004196167,0
37,1994-09-23,14.529999732971191,14.529999732971191,14.869999885559082,13.789999961853027,13.789999961853027,0
38,1994-09-30,14.279999732971191,14.279999732971191,14.5600004196167,12.850000381469728,13.329999923706056,0
39,1994-10-07,14.920000076293944,14.920000076293944,15.729999542236328,14.850000381469728,15.3100004196167,0
40,1994-10-14,13.31999969482422,13.31999969482422,14.329999923706056,13.18000030517578,14.329999923706056,0
41,1994-10-21,15.90999984741211,15.90999984741211,16.459999084472656,15.8100004196167,16.139999389648438,0
42,1994-10-28,14.5600004196167,14.5600004196167,15.220000267028809,14.5600004196167,15.109999656677246,0
43,1994-11-04,16.75,16.75,16.8700008392334,14.869999885559082,14.989999771118164,0
44,1994-11-11,16.5,16.5,16.90999984741211,14.989999771118164,15.06999969482422,0
45,1994-11-18,16.0,16.0,16.270000457763672,15.609999656677246,15.770000457763672,0
46,1994-11-25,17.440000534057617,17.440000534057617,18.51000022888184,17.229999542236328,17.639999389648438,0
47,1994-12-02,16.549999237060547,16.549999237060547,17.139999389648438,16.100000381469727,16.110000610351562,0
48,1994-12-09,16.040000915527344,16.040000915527344,17.219999313354492,16.010000228881836,17.0,0
49,1994-12-16,12.789999961853027,12.789999961853027,13.130000114440918,11.869999885559082,12.869999885559082,0
50,1994-12-23,11.81999969482422,11.81999969482422,12.039999961853027,11.739999771118164,11.960000038146973,0
51,1994-12-30,13.199999809265137,13.199999809265137,13.479999542236328,12.34000015258789,12.479999542236328,0
52,1995-01-06,13.130000114440918,13.130000114440918,13.760000228881836,12.789999961853027,13.670000076293944,0
53,1995-01-13,11.100000381469728,11.100000381469728,11.859999656677246,11.020000457763672,11.460000038146973,0
54,1995-01-20,12.149999618530272,12.149999618530272,12.479999542236328,12.0,12.079999923706056,0
55,1995-01-27,11.25,11.25,11.40999984741211,10.760000228881836,10.770000457763672,0
56,1995-02-03,10.979999542236328,10.979999542236328,11.470000267028809,10.510000228881836,10.5600004196167,0
57,1995-02-10,11.279999732971191,11.279999732971191,11.710000038146973,11.15999984741211,11.5,0
58,1995-02-17,11.710000038146973,11.710000038146973,12.0600004196167,11.289999961853027,11.4399995803833,0
59,1995-02-24,10.84000015258789,10.84000015258789,11.31999969482422,10.779999732971191,10.949999809265137,0
60,1995-03-03,11.449999809265137,11.449999809265137,11.90999984741211,11.399999618530272,11.479999542236328,0
61,1995-03-10,12.380000114440918,12.380000114440918,13.270000457763672,11.699999809265137,13.270000457763672,0
62,1995-03-17,11.800000190734863,11.800000190734863,12.130000114440918,11.600000381469728,12.050000190734863,0
63,1995-03-24,11.1899995803833,11.1899995803833,11.239999771118164,10.979999542236328,11.229999542236328,0
64,1995-03-31,13.369999885559082,13.369999885559082,13.789999961853027,12.949999809265137,13.600000381469728,0
65,1995-04-07,12.850000381469728,12.850000381469728,13.65999984741211,12.720000267028809,13.140000343322754,0
66,1995-04-14,11.479999542236328,11.479999542236328,11.869999885559082,11.100000381469728,11.220000267028809,0
67,1995-04-21,11.859999656677246,11.859999656677246,12.260000228881836,10.949999809265137,11.210000038146973,0
68,1995-04-28,11.75,11.75,12.369999885559082,11.510000228881836,11.539999961853027,0
69,1995-05-05,12.0600004196167,12.0600004196167,12.65999984741211,11.81999969482422,11.90999984741211,0
70,1995-05-12,11.84000015258789,11.84000015258789,12.609999656677246,11.18000030517578,11.199999809265137,0
71,1995-05-19,12.8100004196167,12.8100004196167,13.600000381469728,12.600000381469728,12.729999542236328,0
72,1995-05-26,12.199999809265137,12.199999809265137,12.5600004196167,11.630000114440918,11.630000114440918,0
73,1995-06-02,12.979999542236328,12.979999542236328,13.3100004196167,12.40999984741211,12.770000457763672,0
74,1995-06-09,12.760000228881836,12.760000228881836,13.449999809265137,12.359999656677246,12.619999885559082,0
75,1995-06-16,10.75,10.75,10.949999809265137,10.359999656677246,10.359999656677246,0
76,1995-06-23,11.119999885559082,11.119999885559082,11.510000228881836,10.970000267028809,11.43000030517578,0
77,1995-06-30,11.380000114440918,11.380000114440918,11.510000228881836,10.75,11.06999969482422,0
78,1995-07-07,11.770000457763672,11.770000457763672,12.109999656677246,11.720000267028809,11.760000228881836,0
79,1995-07-14,12.079999923706056,12.079999923706056,12.960000038146973,11.989999771118164,12.729999542236328,0
80,1995-07-21,12.369999885559082,12.369999885559082,13.270000457763672,11.729999542236328,11.9399995803833,0
81,1995-07-28,13.18000030517578,13.18000030517578,13.81999969482422,13.029999732971191,13.050000190734863,0
82,1995-08-04,13.210000038146973,13.210000038146973,13.8100004196167,12.829999923706056,12.899999618530272,0
83,1995-08-11,12.899999618530272,12.899999618530272,13.34000015258789,12.449999809265137,12.449999809265137,0
84,1995-08-18,12.029999732971191,12.029999732971191,12.270000457763672,11.359999656677246,11.470000267028809,0
85,1995-08-25,12.329999923706056,12.329999923706056,12.6899995803833,12.109999656677246,12.229999542236328,0
86,1995-09-01,11.289999961853027,11.289999961853027,11.68000030517578,10.829999923706056,11.149999618530272,0
87,1995-09-08,11.15999984741211,11.15999984741211,11.9399995803833,10.489999771118164,11.010000228881836,0
88,1995-09-15,11.579999923706056,11.579999923706056,11.84000015258789,11.0,11.130000114440918,0
89,1995-09-22,12.460000038146973,12.460000038146973,12.9399995803833,12.369999885559082,12.789999961853027,0
90,1995-09-29,12.739999771118164,12.739999771118164,13.25,12.09000015258789,12.199999809265137,0
91,1995-10-06,13.979999542236328,13.979999542236328,14.710000038146973,13.449999809265137,13.449999809265137,0
92,1995-10-13,13.670000076293944,13.670000076293944,14.390000343322754,13.489999771118164,13.949999809265137,0
93,1995-10-20,13.460000038146973,13.460000038146973,13.770000457763672,13.130000114440918,13.460000038146973,0
94,1995-10-27,14.630000114440918,14.630000114440918,15.899999618530272,14.630000114440918,15.789999961853027,0
95,1995-11-03,12.260000228881836,12.260000228881836,13.079999923706056,12.119999885559082,12.119999885559082,0
96,1995-11-10,12.970000267028809,12.970000267028809,13.449999809265137,12.609999656677246,12.619999885559082,0
97,1995-11-17,12.489999771118164,12.489999771118164,12.800000190734863,12.350000381469728,12.609999656677246,0
98,1995-11-24,11.869999885559082,11.869999885559082,12.800000190734863,11.8100004196167,11.90999984741211,0
99,1995-12-01,11.109999656677246,11.109999656677246,11.640000343322754,11.039999961853027,11.119999885559082,0
100,1995-12-08,11.119999885559082,11.119999885559082,12.670000076293944,10.149999618530272,12.5,0
101,1995-12-15,11.4399995803833,11.4399995803833,12.220000267028809,11.119999885559082,11.220000267028809,0
102,1995-12-22,11.510000228881836,11.510000228881836,11.579999923706056,10.970000267028809,11.289999961853027,0
103,1995-12-29,12.520000457763672,12.520000457763672,13.140000343322754,12.3100004196167,12.59000015258789,0
104,1996-01-05,13.579999923706056,13.579999923706056,14.739999771118164,13.550000190734863,14.020000457763672,0
105,1996-01-12,14.229999542236328,14.229999542236328,15.0,14.149999618530272,14.279999732971191,0
106,1996-01-19,12.699999809265137,12.699999809265137,13.56999969482422,12.59000015258789,13.550000190734863,0
107,1996-01-26,12.0,12.0,12.649999618530272,11.90999984741211,12.640000343322754,0
108,1996-02-02,13.229999542236328,13.229999542236328,13.479999542236328,12.420000076293944,12.510000228881836,0
109,1996-02-09,14.630000114440918,14.630000114440918,15.399999618530272,14.170000076293944,14.270000457763672,0
110,1996-02-16,15.369999885559082,15.369999885559082,16.350000381469727,14.93000030517578,14.93000030517578,0
111,1996-02-23,14.779999732971191,14.779999732971191,15.8100004196167,14.640000343322754,14.93000030517578,0
112,1996-03-01,16.719999313354492,16.719999313354492,17.920000076293945,16.670000076293945,17.1299991607666,0
113,1996-03-08,20.700000762939453,20.700000762939453,21.36000061035156,17.5,18.86000061035156,0
114,1996-03-15,16.540000915527344,16.540000915527344,17.100000381469727,14.979999542236328,15.149999618530272,0
115,1996-03-22,17.049999237060547,17.049999237060547,17.420000076293945,16.93000030517578,17.40999984741211,0
116,1996-03-29,18.8799991607666,18.8799991607666,18.8799991607666,18.030000686645508,18.25,0
117,1996-04-05,16.18000030517578,16.18000030517578,16.200000762939453,15.890000343322754,16.149999618530273,0
118,1996-04-12,17.3799991607666,17.3799991607666,18.729999542236328,17.309999465942383,18.690000534057617,0
119,1996-04-19,15.119999885559082,15.119999885559082,15.399999618530272,14.300000190734863,14.5600004196167,0
120,1996-04-26,14.75,14.75,14.93000030517578,14.460000038146973,14.5600004196167,0
121,1996-05-03,16.700000762939453,16.700000762939453,17.389999389648438,15.5600004196167,16.610000610351562,0
122,1996-05-10,15.609999656677246,15.609999656677246,16.31999969482422,15.300000190734863,16.200000762939453,0
123,1996-05-17,15.130000114440918,15.130000114440918,15.199999809265137,14.5600004196167,14.739999771118164,0
124,1996-05-24,15.539999961853027,15.539999961853027,15.760000228881836,15.4399995803833,15.579999923706056,0
125,1996-05-31,16.06999969482422,16.06999969482422,16.290000915527344,15.5,15.739999771118164,0
126,1996-06-07,16.100000381469727,16.100000381469727,17.690000534057617,16.100000381469727,17.670000076293945,0
127,1996-06-14,18.63999938964844,18.63999938964844,18.8799991607666,16.700000762939453,17.100000381469727,0
128,1996-06-21,15.800000190734863,15.800000190734863,16.1200008392334,14.529999732971191,14.899999618530272,0
129,1996-06-28,13.68000030517578,13.68000030517578,13.920000076293944,13.550000190734863,13.920000076293944,0
130,1996-07-05,16.09000015258789,16.09000015258789,16.84000015258789,14.920000076293944,16.25,0
131,1996-07-12,17.09000015258789,17.09000015258789,17.5,16.790000915527344,16.989999771118164,0
132,1996-07-19,17.260000228881836,17.260000228881836,17.860000610351562,16.729999542236328,16.739999771118164,0
133,1996-07-26,17.450000762939453,17.450000762939453,18.799999237060547,17.350000381469727,18.690000534057617,0
134,1996-08-02,16.190000534057617,16.190000534057617,17.489999771118164,16.15999984741211,16.3799991607666,0
135,1996-08-09,15.770000457763672,15.770000457763672,16.530000686645508,15.25,16.010000228881836,0
136,1996-08-16,14.8100004196167,14.8100004196167,15.729999542236328,14.56999969482422,15.0,0
137,1996-08-23,14.18000030517578,14.18000030517578,15.079999923706056,13.670000076293944,13.710000038146973,0
138,1996-08-30,17.010000228881836,17.010000228881836,17.25,16.09000015258789,16.09000015258789,0
139,1996-09-06,17.100000381469727,17.100000381469727,18.190000534057617,16.84000015258789,18.149999618530277,0
140,1996-09-13,15.199999809265137,15.199999809265137,15.890000343322754,15.149999618530272,15.510000228881836,0
141,1996-09-20,15.649999618530272,15.649999618530272,16.18000030517578,14.550000190734863,14.56999969482422,0
142,1996-09-27,16.100000381469727,16.100000381469727,16.65999984741211,16.040000915527344,16.56999969482422,0
143,1996-10-04,14.800000190734863,14.800000190734863,15.460000038146973,14.779999732971191,15.460000038146973,0
144,1996-10-11,15.06999969482422,15.06999969482422,15.56999969482422,14.960000038146973,15.5,0
145,1996-10-18,15.079999923706056,15.079999923706056,15.550000190734863,15.020000457763672,15.520000457763672,0
146,1996-10-25,17.290000915527344,17.290000915527344,17.6200008392334,16.84000015258789,17.09000015258789,0
147,1996-11-01,17.889999389648438,17.889999389648438,18.299999237060547,17.260000228881836,17.290000915527344,0
148,1996-11-08,15.779999732971191,15.779999732971191,16.549999237060547,15.619999885559082,16.520000457763672,0
149,1996-11-15,14.359999656677246,14.359999656677246,14.880000114440918,13.449999809265137,13.609999656677246,0
150,1996-11-22,14.920000076293944,14.920000076293944,15.239999771118164,14.68000030517578,15.0600004196167,0
151,1996-11-29,17.139999389648438,17.139999389648438,18.26000022888184,16.68000030517578,16.760000228881836,0
152,1996-12-06,18.81999969482422,18.81999969482422,21.8799991607666,18.440000534057617,20.36000061035156,0
153,1996-12-13,21.09000015258789,21.09000015258789,21.31999969482422,19.809999465942383,20.850000381469727,0
154,1996-12-20,18.850000381469727,18.850000381469727,19.71999931335449,16.829999923706055,16.84000015258789,0
155,1996-12-27,19.1299991607666,19.1299991607666,19.1299991607666,18.670000076293945,18.670000076293945,0
156,1997-01-03,19.1299991607666,19.1299991607666,19.920000076293945,19.040000915527344,19.81999969482422,0
157,1997-01-10,19.6299991607666,19.6299991607666,20.81999969482422,19.51000022888184,20.75,0
158,1997-01-17,18.6299991607666,18.6299991607666,19.81999969482422,18.600000381469727,19.780000686645508,0
159,1997-01-24,19.32999992370605,19.32999992370605,20.06999969482422,18.350000381469727,18.450000762939453,0
160,1997-01-31,19.46999931335449,19.46999931335449,19.46999931335449,19.46999931335449,19.46999931335449,0
161,1997-02-07,18.899999618530277,18.899999618530277,19.8799991607666,18.709999084472656,18.81999969482422,0
162,1997-02-14,19.18000030517578,19.18000030517578,19.36000061035156,19.0,19.209999084472656,0
163,1997-02-21,20.549999237060547,20.549999237060547,21.40999984741211,20.489999771118164,21.290000915527344,0
164,1997-02-28,21.100000381469727,21.100000381469727,21.549999237060547,20.76000022888184,21.549999237060547,0
165,1997-03-07,19.31999969482422,19.31999969482422,19.549999237060547,19.209999084472656,19.520000457763672,0
166,1997-03-14,19.809999465942383,19.809999465942383,19.950000762939453,19.57999992370605,19.86000061035156,0
167,1997-03-21,19.690000534057617,19.690000534057617,20.670000076293945,17.440000534057617,17.540000915527344,0
168,1997-03-28,20.5,20.5,20.790000915527344,17.299999237060547,17.3799991607666,0
169,1997-04-04,19.229999542236328,19.229999542236328,20.71999931335449,19.149999618530277,20.700000762939453,0
170,1997-04-11,19.76000022888184,19.76000022888184,20.020000457763672,19.270000457763672,19.51000022888184,0
171,1997-04-18,18.75,18.75,19.13999938964844,18.1299991607666,18.13999938964844,0
172,1997-04-25,21.149999618530277,21.149999618530277,21.46999931335449,20.8799991607666,21.25,0
173,1997-05-02,17.510000228881836,17.510000228881836,18.8799991607666,17.280000686645508,18.8799991607666,0
174,1997-05-09,20.11000061035156,20.11000061035156,21.5,20.01000022888184,21.489999771118164,0
175,1997-05-16,21.56999969482422,21.56999969482422,21.81999969482422,18.57999992370605,18.729999542236328,0
176,1997-05-23,18.07999992370605,18.07999992370605,18.520000457763672,18.010000228881836,18.459999084472656,0
177,1997-05-30,19.190000534057617,19.190000534057617,19.479999542236328,18.850000381469727,19.479999542236328,0
178,1997-06-06,18.940000534057617,18.940000534057617,19.479999542236328,18.920000076293945,19.440000534057617,0
179,1997-06-13,19.270000457763672,19.270000457763672,19.76000022888184,18.989999771118164,19.299999237060547,0
180,1997-06-20,20.200000762939453,20.200000762939453,20.36000061035156,19.799999237060547,20.239999771118164,0
181,1997-06-27,21.21999931335449,21.21999931335449,21.350000381469727,20.86000061035156,21.26000022888184,0
182,1997-07-04,17.81999969482422,17.81999969482422,18.63999938964844,17.81999969482422,18.459999084472656,0
183,1997-07-11,19.059999465942383,19.059999465942383,19.34000015258789,18.71999931335449,19.290000915527344,0
184,1997-07-18,22.280000686645508,22.280000686645508,23.049999237060547,21.01000022888184,21.01000022888184,0
185,1997-07-25,20.81999969482422,20.81999969482422,20.96999931335449,20.479999542236328,20.63999938964844,0
186,1997-08-01,22.290000915527344,22.290000915527344,22.96999931335449,21.290000915527344,21.290000915527344,0
187,1997-08-08,22.459999084472656,22.459999084472656,23.229999542236328,21.030000686645508,21.3700008392334,0
188,1997-08-15,24.450000762939453,24.450000762939453,25.049999237060547,22.90999984741211,23.200000762939453,0
189,1997-08-22,24.739999771118164,24.739999771118164,26.239999771118164,24.670000076293945,25.299999237060547,0
190,1997-08-29,24.76000022888184,24.76000022888184,25.059999465942383,24.40999984741211,24.520000457763672,0
191,1997-09-05,24.309999465942383,24.309999465942383,24.86000061035156,23.950000762939453,24.170000076293945,0
192,1997-09-12,25.170000076293945,25.170000076293945,26.36000061035156,24.940000534057617,25.600000381469727,0
193,1997-09-19,22.739999771118164,22.739999771118164,23.059999465942383,21.670000076293945,22.51000022888184,0
194,1997-09-26,22.26000022888184,22.26000022888184,22.670000076293945,21.81999969482422,21.959999084472656,0
195,1997-10-03,21.540000915527344,21.540000915527344,22.170000076293945,20.75,20.809999465942383,0
196,1997-10-10,19.75,19.75,20.540000915527344,19.75,20.290000915527344,0
197,1997-10-17,21.690000534057617,21.690000534057617,22.850000381469727,20.09000015258789,20.31999969482422,0
198,1997-10-24,23.170000076293945,23.170000076293945,23.489999771118164,20.8799991607666,20.93000030517578,0
199,1997-10-31,35.09000015258789,35.09000015258789,37.25,35.02000045776367,35.08000183105469,0
200,1997-11-07,36.27000045776367,36.27000045776367,38.220001220703125,34.77000045776367,36.20000076293945,0
201,1997-11-14,33.65999984741211,33.65999984741211,36.29999923706055,33.540000915527344,36.18999862670898,0
202,1997-11-21,26.649999618530277,26.649999618530277,27.670000076293945,26.420000076293945,26.68000030517578,0
203,1997-11-28,27.43000030517578,27.43000030517578,28.270000457763672,27.030000686645508,28.040000915527344,0
204,1997-12-05,22.649999618530277,22.649999618530277,23.049999237060547,20.40999984741211,22.34000015258789,0
205,1997-12-12,27.920000076293945,27.920000076293945,27.920000076293945,26.489999771118164,26.549999237060547,0
206,1997-12-19,29.18000030517578,29.18000030517578,33.08000183105469,29.11000061035156,29.229999542236328,0
207,1997-12-26,29.270000457763672,29.270000457763672,30.040000915527344,29.26000022888184,29.38999938964844,0
208,1998-01-02,23.420000076293945,23.420000076293945,24.93000030517578,23.420000076293945,24.34000015258789,0
209,1998-01-09,28.690000534057617,28.690000534057617,29.350000381469727,25.690000534057617,25.790000915527344,0
210,1998-01-16,21.649999618530277,21.649999618530277,22.36000061035156,20.549999237060547,21.450000762939453,0
211,1998-01-23,23.31999969482422,23.31999969482422,24.40999984741211,22.700000762939453,22.71999931335449,0
212,1998-01-30,21.46999931335449,21.46999931335449,21.780000686645508,21.049999237060547,21.670000076293945,0
213,1998-02-06,20.51000022888184,20.51000022888184,21.25,20.479999542236328,20.96999931335449,0
214,1998-02-13,19.84000015258789,19.84000015258789,20.520000457763672,19.729999542236328,20.479999542236328,0
215,1998-02-20,19.0,19.0,19.8700008392334,18.96999931335449,19.559999465942383,0
216,1998-02-27,18.549999237060547,18.549999237060547,18.940000534057617,18.38999938964844,18.65999984741211,0
217,1998-03-06,19.13999938964844,19.13999938964844,19.96999931335449,19.1299991607666,19.96999931335449,0
218,1998-03-13,18.709999084472656,18.709999084472656,19.43000030517578,17.579999923706055,17.690000534057617,0
219,1998-03-20,18.690000534057617,18.690000534057617,18.84000015258789,17.600000381469727,17.610000610351562,0
220,1998-03-27,23.46999931335449,23.46999931335449,24.229999542236328,22.40999984741211,22.440000534057617,0
221,1998-04-03,21.81999969482422,21.81999969482422,22.25,21.459999084472656,21.940000534057617,0
222,1998-04-10,21.51000022888184,21.51000022888184,22.38999938964844,21.25,21.38999938964844,0
223,1998-04-17,20.76000022888184,20.76000022888184,22.31999969482422,20.690000534057617,22.31999969482422,0
224,1998-04-24,21.96999931335449,21.96999931335449,22.420000076293945,20.149999618530277,20.280000686645508,0
225,1998-05-01,19.34000015258789,19.34000015258789,20.920000076293945,19.299999237060547,20.71999931335449,0
226,1998-05-08,20.56999969482422,20.56999969482422,21.100000381469727,20.18000030517578,20.940000534057617,0
227,1998-05-15,20.440000534057617,20.440000534057617,21.049999237060547,19.32999992370605,19.61000061035156,0
228,1998-05-22,18.989999771118164,18.989999771118164,19.549999237060547,18.600000381469727,18.65999984741211,0
229,1998-05-29,21.31999969482422,21.31999969482422,21.530000686645508,19.93000030517578,19.93000030517578,0
230,1998-06-05,19.780000686645508,19.780000686645508,20.520000457763672,19.770000457763672,20.479999542236328,0
231,1998-06-12,22.780000686645508,22.780000686645508,25.049999237060547,22.729999542236328,23.56999969482422,0
232,1998-06-19,21.920000076293945,21.920000076293945,22.1200008392334,21.309999465942383,21.479999542236328,0
233,1998-06-26,19.36000061035156,19.36000061035156,19.950000762939453,19.18000030517578,19.84000015258789,0
234,1998-07-03,17.670000076293945,17.670000076293945,18.68000030517578,17.6299991607666,18.489999771118164,0
235,1998-07-10,17.920000076293945,17.920000076293945,18.540000915527344,17.579999923706055,17.860000610351562,0
236,1998-07-17,16.229999542236328,16.229999542236328,16.5,16.100000381469727,16.420000076293945,0
237,1998-07-24,23.01000022888184,23.01000022888184,24.540000915527344,22.540000915527344,22.540000915527344,0
238,1998-07-31,24.799999237060547,24.799999237060547,25.1200008392334,22.11000061035156,22.290000915527344,0
239,1998-08-07,27.020000457763672,27.020000457763672,27.65999984741211,25.350000381469727,27.65999984741211,0
240,1998-08-14,34.34000015258789,34.34000015258789,34.61000061035156,29.84000015258789,29.86000061035156,0
241,1998-08-21,33.13999938964844,33.13999938964844,36.93000030517578,32.59000015258789,32.59000015258789,0
242,1998-08-28,39.59999847412109,39.59999847412109,42.77999877929688,38.400001525878906,38.400001525878906,0
243,1998-09-04,43.310001373291016,43.310001373291016,44.18999862670898,40.58000183105469,40.65999984741211,0
244,1998-09-11,43.7400016784668,43.7400016784668,48.060001373291016,43.7400016784668,47.95000076293945,0
245,1998-09-18,38.630001068115234,38.630001068115234,39.84000015258789,38.5099983215332,39.43999862670898,0
246,1998-09-25,34.54999923706055,34.54999923706055,37.290000915527344,33.90999984741211,37.13999938964844,0
247,1998-10-02,40.470001220703125,40.470001220703125,43.380001068115234,40.25,42.16999816894531,0
248,1998-10-09,42.20000076293945,42.20000076293945,45.36000061035156,41.84999847412109,43.27999877929688,0
249,1998-10-16,34.81999969482422,34.81999969482422,35.779998779296875,33.619998931884766,34.0099983215332,0
250,1998-10-23,32.27000045776367,32.27000045776367,32.70000076293945,31.690000534057617,31.899999618530277,0
251,1998-10-30,28.049999237060547,28.049999237060547,28.709999084472656,27.540000915527344,28.280000686645508,0
252,1998-11-06,25.700000762939453,25.700000762939453,26.46999931335449,25.600000381469727,25.90999984741211,0
253,1998-11-13,29.030000686645508,29.030000686645508,29.600000381469727,28.93000030517578,29.489999771118164,0
254,1998-11-20,22.46999931335449,22.46999931335449,24.01000022888184,22.43000030517578,24.01000022888184,0
255,1998-11-27,22.09000015258789,22.09000015258789,22.46999931335449,21.979999542236328,22.43000030517578,0
256,1998-12-04,25.309999465942383,25.309999465942383,26.76000022888184,25.07999992370605,26.280000686645508,0
257,1998-12-11,27.71999931335449,27.71999931335449,28.82999992370605,27.290000915527344,27.93000030517578,0
258,1998-12-18,25.040000915527344,25.040000915527344,26.959999084472656,25.040000915527344,26.799999237060547,0
259,1998-12-25,21.479999542236328,21.479999542236328,21.780000686645508,20.65999984741211,21.0,0
260,1999-01-01,24.420000076293945,24.420000076293945,24.76000022888184,23.670000076293945,23.739999771118164,0
261,1999-01-08,23.280000686645508,23.280000686645508,24.07999992370605,22.809999465942383,22.950000762939453,0
262,1999-01-15,29.239999771118164,29.239999771118164,32.560001373291016,29.13999938964844,32.560001373291016,0
263,1999-01-22,31.950000762939453,31.950000762939453,32.810001373291016,31.100000381469727,32.2599983215332,0
264,1999-01-29,26.25,26.25,28.549999237060547,25.899999618530277,27.770000457763672,0
265,1999-02-05,29.670000076293945,29.670000076293945,30.540000915527344,29.459999084472656,29.690000534057617,0
266,1999-02-12,29.76000022888184,29.76000022888184,30.459999084472656,27.850000381469727,27.850000381469727,0
267,1999-02-19,29.299999237060547,29.299999237060547,30.1200008392334,28.61000061035156,30.01000022888184,0
268,1999-02-26,27.8799991607666,27.8799991607666,29.0,27.6299991607666,28.40999984741211,0
269,1999-03-05,24.07999992370605,24.07999992370605,25.440000534057617,24.07999992370605,24.780000686645508,0
270,1999-03-12,24.84000015258789,24.84000015258789,25.36000061035156,24.739999771118164,24.790000915527344,0
271,1999-03-19,24.31999969482422,24.31999969482422,24.350000381469727,23.38999938964844,24.06999969482422,0
272,1999-03-26,24.040000915527344,24.040000915527344,24.809999465942383,23.82999992370605,24.790000915527344,0
273,1999-04-02,22.059999465942383,22.059999465942383,22.8700008392334,22.059999465942383,22.8700008392334,0
274,1999-04-09,21.770000457763672,21.770000457763672,22.59000015258789,21.549999237060547,22.15999984741211,0
275,1999-04-16,23.899999618530277,23.899999618530277,24.239999771118164,23.600000381469727,24.06999969482422,0
276,1999-04-23,22.76000022888184,22.76000022888184,23.1299991607666,22.3700008392334,22.600000381469727,0
277,1999-04-30,25.06999969482422,25.06999969482422,26.46999931335449,23.6200008392334,24.40999984741211,0
278,1999-05-07,25.36000061035156,25.36000061035156,26.420000076293945,25.36000061035156,26.149999618530277,0
279,1999-05-14,26.86000061035156,26.86000061035156,27.780000686645508,26.479999542236328,26.59000015258789,0
280,1999-05-21,24.399999618530277,24.399999618530277,24.84000015258789,24.049999237060547,24.1200008392334,0
281,1999-05-28,25.38999938964844,25.38999938964844,27.26000022888184,25.34000015258789,27.26000022888184,0
282,1999-06-04,23.43000030517578,23.43000030517578,25.459999084472656,23.43000030517578,25.309999465942383,0
283,1999-06-11,25.899999618530277,25.899999618530277,27.01000022888184,24.690000534057617,24.8700008392334,0
284,1999-06-18,21.75,21.75,23.030000686645508,21.75,22.190000534057617,0
285,1999-06-25,21.76000022888184,21.76000022888184,22.25,20.850000381469727,21.36000061035156,0
286,1999-07-02,18.65999984741211,18.65999984741211,19.450000762939453,18.65999984741211,19.239999771118164,0
287,1999-07-09,17.959999084472656,17.959999084472656,18.75,17.899999618530273,18.549999237060547,0
288,1999-07-16,17.420000076293945,17.420000076293945,18.479999542236328,17.06999969482422,18.049999237060547,0
289,1999-07-23,23.31999969482422,23.31999969482422,23.690000534057617,22.36000061035156,22.36000061035156,0
290,1999-07-30,24.63999938964844,24.63999938964844,24.709999084472656,23.290000915527344,23.809999465942383,0
291,1999-08-06,26.600000381469727,26.600000381469727,27.18000030517578,25.979999542236328,26.309999465942383,0
292,1999-08-13,22.309999465942383,22.309999465942383,23.799999237060547,22.270000457763672,23.65999984741211,0
293,1999-08-20,22.950000762939453,22.950000762939453,24.06999969482422,22.950000762939453,24.049999237060547,0
294,1999-08-27,21.82999992370605,21.82999992370605,22.01000022888184,20.899999618530277,20.899999618530277,0
295,1999-09-03,20.979999542236328,20.979999542236328,21.549999237060547,20.8700008392334,21.5,0
296,1999-09-10,22.030000686645508,22.030000686645508,22.540000915527344,21.670000076293945,22.190000534057617,0
297,1999-09-17,23.299999237060547,23.299999237060547,24.5,23.13999938964844,24.32999992370605,0
298,1999-09-24,27.790000915527344,27.790000915527344,29.209999084472656,27.76000022888184,28.200000762939453,0
299,1999-10-01,24.93000030517578,24.93000030517578,26.290000915527344,24.93000030517578,25.57999992370605,0
300,1999-10-08,20.489999771118164,20.489999771118164,22.68000030517578,20.3700008392334,22.440000534057617,0
301,1999-10-15,28.75,28.75,29.399999618530277,27.309999465942383,27.309999465942383,0
302,1999-10-22,21.63999938964844,21.63999938964844,22.07999992370605,20.82999992370605,22.020000457763672,0
303,1999-10-29,22.200000762939453,22.200000762939453,22.3700008392334,20.299999237060547,20.6299991607666,0
304,1999-11-05,21.65999984741211,21.65999984741211,22.1200008392334,21.290000915527344,21.46999931335449,0
305,1999-11-12,21.649999618530277,21.649999618530277,22.940000534057617,21.63999938964844,21.989999771118164,0
306,1999-11-19,19.11000061035156,19.11000061035156,19.799999237060547,18.63999938964844,18.799999237060547,0
307,1999-11-26,22.32999992370605,22.32999992370605,23.46999931335449,20.21999931335449,20.350000381469727,0
308,1999-12-03,19.31999969482422,19.31999969482422,19.81999969482422,18.690000534057617,19.739999771118164,0
309,1999-12-10,21.479999542236328,21.479999542236328,22.149999618530277,21.030000686645508,21.61000061035156,0
310,1999-12-17,21.350000381469727,21.350000381469727,21.459999084472656,20.84000015258789,21.38999938964844,0
311,1999-12-24,21.1200008392334,21.1200008392334,21.6299991607666,20.8700008392334,21.59000015258789,0
312,1999-12-31,24.63999938964844,24.63999938964844,25.200000762939453,24.450000762939453,25.030000686645508,0
313,2000-01-07,21.71999931335449,21.71999931335449,25.170000076293945,21.71999931335449,25.13999938964844,0
314,2000-01-14,19.65999984741211,19.65999984741211,20.149999618530277,19.51000022888184,19.82999992370605,0
315,2000-01-21,20.81999969482422,20.81999969482422,21.90999984741211,20.5,21.549999237060547,0
316,2000-01-28,26.13999938964844,26.13999938964844,26.540000915527344,23.170000076293945,23.75,0
317,2000-02-04,21.540000915527344,21.540000915527344,21.770000457763672,20.690000534057617,20.770000457763672,0
318,2000-02-11,24.420000076293945,24.420000076293945,24.799999237060547,22.81999969482422,22.940000534057617,0
319,2000-02-18,26.0,26.0,26.3700008392334,23.3700008392334,23.3700008392334,0
320,2000-02-25,25.200000762939453,25.200000762939453,25.3700008392334,23.57999992370605,24.1299991607666,0
321,2000-03-03,19.209999084472656,19.209999084472656,20.040000915527344,19.190000534057617,19.979999542236328,0
322,2000-03-10,21.239999771118164,21.239999771118164,21.690000534057617,20.84000015258789,20.88999938964844,0
323,2000-03-17,22.3700008392334,22.3700008392334,22.559999465942383,21.06999969482422,21.26000022888184,0
324,2000-03-24,23.309999465942383,23.309999465942383,23.959999084472656,22.1200008392334,22.450000762939453,0
325,2000-03-31,24.11000061035156,24.11000061035156,24.96999931335449,23.440000534057617,24.780000686645508,0
326,2000-04-07,24.38999938964844,24.38999938964844,25.63999938964844,23.57999992370605,25.63999938964844,0
327,2000-04-14,33.4900016784668,33.4900016784668,33.790000915527344,30.09000015258789,30.09000015258789,0
328,2000-04-21,25.850000381469727,25.850000381469727,27.209999084472656,25.770000457763672,26.540000915527344,0
329,2000-04-28,26.200000762939453,26.200000762939453,26.799999237060547,25.61000061035156,25.6200008392334,0
330,2000-05-05,27.530000686645508,27.530000686645508,29.540000915527344,27.440000534057617,29.489999771118164,0
331,2000-05-12,26.049999237060547,26.049999237060547,26.32999992370605,25.61000061035156,26.32999992370605,0
332,2000-05-19,25.440000534057617,25.440000534057617,26.149999618530277,24.850000381469727,24.850000381469727,0
333,2000-05-26,24.46999931335449,24.46999931335449,24.90999984741211,24.200000762939453,24.61000061035156,0
334,2000-06-02,21.479999542236328,21.479999542236328,21.68000030517578,21.299999237060547,21.31999969482422,0
335,2000-06-09,22.13999938964844,22.13999938964844,22.489999771118164,21.989999771118164,22.07999992370605,0
336,2000-06-16,20.5,20.5,20.899999618530277,20.299999237060547,20.540000915527344,0
337,2000-06-23,22.34000015258789,22.34000015258789,22.81999969482422,22.020000457763672,22.1299991607666,0
338,2000-06-30,19.540000915527344,19.540000915527344,19.780000686645508,19.38999938964844,19.68000030517578,0
339,2000-07-07,19.21999931335449,19.21999931335449,20.25,19.170000076293945,19.68000030517578,0
340,2000-07-14,19.31999969482422,19.31999969482422,19.59000015258789,19.209999084472656,19.209999084472656,0
341,2000-07-21,18.940000534057617,18.940000534057617,19.38999938964844,18.770000457763672,19.040000915527344,0
342,2000-07-28,20.84000015258789,20.84000015258789,20.979999542236328,19.32999992370605,19.32999992370605,0
343,2000-08-04,18.6200008392334,18.6200008392334,18.96999931335449,18.530000686645508,18.75,0
344,2000-08-11,18.549999237060547,18.549999237060547,19.36000061035156,18.34000015258789,19.26000022888184,0
345,2000-08-18,17.049999237060547,17.049999237060547,17.510000228881836,16.989999771118164,17.170000076293945,0
346,2000-08-25,16.530000686645508,16.530000686645508,17.059999465942383,16.489999771118164,16.959999084472656,0
347,2000-09-01,17.530000686645508,17.530000686645508,17.770000457763672,16.469999313354492,16.809999465942383,0
348,2000-09-08,18.459999084472656,18.459999084472656,19.06999969482422,18.459999084472656,18.809999465942383,0
349,2000-09-15,18.520000457763672,18.520000457763672,18.71999931335449,18.010000228881836,18.09000015258789,0
350,2000-09-22,20.739999771118164,20.739999771118164,22.65999984741211,20.739999771118164,22.09000015258789,0
351,2000-09-29,20.56999969482422,20.56999969482422,20.56999969482422,19.799999237060547,19.8799991607666,0
352,2000-10-06,22.709999084472656,22.709999084472656,23.350000381469727,20.43000030517578,20.530000686645508,0
353,2000-10-13,27.600000381469727,27.600000381469727,29.420000076293945,27.5,29.34000015258789,0
354,2000-10-20,24.239999771118164,24.239999771118164,24.6299991607666,23.020000457763672,24.6299991607666,0
355,2000-10-27,26.46999931335449,26.46999931335449,28.049999237060547,26.46999931335449,27.420000076293945,0
356,2000-11-03,23.670000076293945,23.670000076293945,24.059999465942383,23.51000022888184,24.049999237060547,0
357,2000-11-10,28.530000686645508,28.530000686645508,28.809999465942383,28.0,28.06999969482422,0
358,2000-11-17,24.809999465942383,24.809999465942383,25.8799991607666,24.46999931335449,25.5,0
359,2000-11-24,26.0,26.0,27.31999969482422,25.989999771118164,27.31999969482422,0
360,2000-12-01,27.479999542236328,27.479999542236328,28.38999938964844,27.07999992370605,28.309999465942383,0
361,2000-12-08,22.40999984741211,22.40999984741211,23.84000015258789,22.3799991607666,23.739999771118164,0
362,2000-12-15,26.549999237060547,26.549999237060547,26.8700008392334,25.43000030517578,25.43000030517578,0
363,2000-12-22,27.549999237060547,27.549999237060547,28.82999992370605,27.549999237060547,28.75,0
364,2000-12-29,26.850000381469727,26.850000381469727,26.959999084472656,26.31999969482422,26.350000381469727,0
365,2001-01-05,28.670000076293945,28.670000076293945,29.040000915527344,27.209999084472656,27.809999465942383,0
366,2001-01-12,24.559999465942383,24.559999465942383,25.479999542236328,24.5,25.309999465942383,0
367,2001-01-19,23.239999771118164,23.239999771118164,24.07999992370605,23.0,23.6200008392334,0
368,2001-01-26,22.56999969482422,22.56999969482422,23.049999237060547,22.440000534057617,22.520000457763672,0
369,2001-02-02,21.950000762939453,21.950000762939453,21.950000762939453,20.809999465942383,20.8700008392334,0
370,2001-02-09,22.030000686645508,22.030000686645508,22.239999771118164,21.15999984741211,21.670000076293945,0
371,2001-02-16,22.1200008392334,22.1200008392334,22.729999542236328,21.43000030517578,21.649999618530277,0
372,2001-02-23,27.209999084472656,27.209999084472656,30.6200008392334,26.940000534057617,27.18000030517578,0
373,2001-03-02,27.43000030517578,27.43000030517578,29.34000015258789,26.81999969482422,29.07999992370605,0
374,2001-03-09,25.6200008392334,25.6200008392334,25.76000022888184,24.459999084472656,24.46999931335449,0
375,2001-03-16,29.90999984741211,29.90999984741211,29.90999984741211,28.559999465942383,28.780000686645508,0
376,2001-03-23,30.450000762939453,30.450000762939453,33.0,30.40999984741211,33.0,0
377,2001-03-30,28.63999938964844,28.63999938964844,29.31999969482422,28.299999237060547,28.76000022888184,0
378,2001-04-06,31.690000534057617,31.690000534057617,32.040000915527344,30.21999931335449,30.38999938964844,0
379,2001-04-13,26.1200008392334,26.1200008392334,28.3700008392334,26.1200008392334,28.09000015258789,0
380,2001-04-20,25.3799991607666,25.3799991607666,25.450000762939453,24.5,24.670000076293945,0
381,2001-04-27,24.020000457763672,24.020000457763672,25.0,24.020000457763672,25.0,0
382,2001-05-04,23.90999984741211,23.90999984741211,26.489999771118164,23.8799991607666,26.489999771118164,0
383,2001-05-11,23.540000915527344,23.540000915527344,23.86000061035156,23.13999938964844,23.13999938964844,0
384,2001-05-18,21.229999542236328,21.229999542236328,21.709999084472656,21.170000076293945,21.459999084472656,0
385,2001-05-25,20.600000381469727,20.600000381469727,21.1299991607666,20.459999084472656,20.600000381469727,0
386,2001-06-01,21.59000015258789,21.59000015258789,23.1200008392334,21.520000457763672,23.020000457763672,0
387,2001-06-08,19.920000076293945,19.920000076293945,20.440000534057617,19.57999992370605,19.6200008392334,0
388,2001-06-15,22.809999465942383,22.809999465942383,24.420000076293945,22.440000534057617,23.979999542236328,0
389,2001-06-22,20.020000457763672,20.020000457763672,20.200000762939453,19.59000015258789,19.81999969482422,0
390,2001-06-29,19.059999465942383,19.059999465942383,19.899999618530277,18.82999992370605,19.899999618530277,0
391,2001-07-06,21.6299991607666,21.6299991607666,21.899999618530277,20.959999084472656,20.959999084472656,0
392,2001-07-13,21.13999938964844,21.13999938964844,22.1200008392334,21.020000457763672,22.030000686645508,0
393,2001-07-20,22.34000015258789,22.34000015258789,23.01000022888184,22.190000534057617,22.670000076293945,0
394,2001-07-27,22.0,22.0,23.1299991607666,21.93000030517578,23.020000457763672,0
395,2001-08-03,19.88999938964844,19.88999938964844,21.030000686645508,19.82999992370605,20.229999542236328,0
396,2001-08-10,20.549999237060547,20.549999237060547,21.530000686645508,20.3700008392334,20.559999465942383,0
397,2001-08-17,23.84000015258789,23.84000015258789,24.239999771118164,21.90999984741211,21.940000534057617,0
398,2001-08-24,19.709999084472656,19.709999084472656,21.309999465942383,19.700000762939453,21.299999237060547,0
399,2001-08-31,24.920000076293945,24.920000076293945,25.46999931335449,24.40999984741211,25.309999465942383,0
400,2001-09-07,30.989999771118164,30.989999771118164,31.299999237060547,28.920000076293945,29.88999938964844,0
401,2001-09-14,31.84000015258789,31.84000015258789,33.34000015258789,31.84000015258789,33.11000061035156,0
402,2001-09-21,42.65999984741211,42.65999984741211,49.34999847412109,42.65999984741211,48.93000030517578,0
403,2001-09-28,31.93000030517578,31.93000030517578,33.08000183105469,31.739999771118164,33.08000183105469,0
404,2001-10-05,33.38999938964844,33.38999938964844,34.38999938964844,32.63999938964844,32.68000030517578,0
405,2001-10-12,35.27000045776367,35.27000045776367,36.560001373291016,32.27000045776367,32.47999954223633,0
406,2001-10-19,34.11000061035156,34.11000061035156,35.459999084472656,33.88999938964844,34.7599983215332,0
407,2001-10-26,28.420000076293945,28.420000076293945,30.020000457763672,28.11000061035156,30.020000457763672,0
408,2001-11-02,30.709999084472656,30.709999084472656,32.66999816894531,30.459999084472656,32.45000076293945,0
409,2001-11-09,27.440000534057617,27.440000534057617,29.049999237060547,27.34000015258789,28.989999771118164,0
410,2001-11-16,25.06999969482422,25.06999969482422,25.950000762939453,25.030000686645508,25.76000022888184,0
411,2001-11-23,23.25,23.25,23.940000534057617,23.0,23.93000030517578,0
412,2001-11-30,23.84000015258789,23.84000015258789,25.299999237060547,23.600000381469727,25.049999237060547,0
413,2001-12-07,23.489999771118164,23.489999771118164,23.850000381469727,23.18000030517578,23.76000022888184,0
414,2001-12-14,24.6299991607666,24.6299991607666,25.530000686645508,24.229999542236328,25.280000686645508,0
415,2001-12-21,22.5,22.5,23.280000686645508,22.3799991607666,23.1299991607666,0
416,2001-12-28,21.399999618530277,21.399999618530277,21.59000015258789,21.1200008392334,21.399999618530277,0
417,2002-01-04,20.450000762939453,20.450000762939453,21.530000686645508,20.399999618530277,20.96999931335449,0
418,2002-01-11,22.600000381469727,22.600000381469727,22.84000015258789,21.920000076293945,22.290000915527344,0
419,2002-01-18,22.520000457763672,22.520000457763672,23.06999969482422,22.21999931335449,22.96999931335449,0
420,2002-01-25,21.01000022888184,21.01000022888184,21.56999969482422,20.739999771118164,21.36000061035156,0
421,2002-02-01,21.1200008392334,21.1200008392334,21.43000030517578,20.950000762939453,21.1200008392334,0
422,2002-02-08,23.26000022888184,23.26000022888184,24.670000076293945,23.06999969482422,24.559999465942383,0
423,2002-02-15,22.3700008392334,22.3700008392334,22.790000915527344,21.540000915527344,21.979999542236328,0
424,2002-02-22,22.86000061035156,22.86000061035156,24.440000534057617,22.75,24.040000915527344,0
425,2002-03-01,19.959999084472656,19.959999084472656,21.059999465942383,19.8799991607666,21.059999465942383,0
426,2002-03-08,19.270000457763672,19.270000457763672,20.21999931335449,19.270000457763672,19.76000022888184,0
427,2002-03-15,18.420000076293945,18.420000076293945,18.84000015258789,18.3799991607666,18.770000457763672,0
428,2002-03-22,17.770000457763672,17.770000457763672,18.3799991607666,17.6200008392334,18.34000015258789,0
429,2002-03-29,17.399999618530273,17.399999618530273,17.510000228881836,17.020000457763672,17.229999542236328,0
430,2002-04-05,19.1299991607666,19.1299991607666,19.399999618530277,18.780000686645508,19.32999992370605,0
431,2002-04-12,19.420000076293945,19.420000076293945,20.190000534057617,19.309999465942383,19.959999084472656,0
432,2002-04-19,18.299999237060547,18.299999237060547,18.959999084472656,17.729999542236328,18.40999984741211,0
433,2002-04-26,22.13999938964844,22.13999938964844,22.13999938964844,20.670000076293945,20.71999931335449,0
434,2002-05-03,20.190000534057617,20.190000534057617,20.959999084472656,20.049999237060547,20.25,0
435,2002-05-10,22.40999984741211,22.40999984741211,22.709999084472656,21.770000457763672,21.82999992370605,0
436,2002-05-17,17.700000762939453,17.700000762939453,18.56999969482422,17.700000762939453,18.010000228881836,0
437,2002-05-24,18.899999618530277,18.899999618530277,19.030000686645508,18.21999931335449,18.21999931335449,0
438,2002-05-31,19.979999542236328,19.979999542236328,20.26000022888184,19.43000030517578,20.26000022888184,0
439,2002-06-07,23.51000022888184,23.51000022888184,26.149999618530277,22.979999542236328,25.959999084472656,0
440,2002-06-14,25.959999084472656,25.959999084472656,28.780000686645508,25.799999237060547,28.43000030517578,0
441,2002-06-21,27.229999542236328,27.229999542236328,28.5,26.84000015258789,28.3799991607666,0
442,2002-06-28,25.399999618530277,25.399999618530277,25.8799991607666,24.8799991607666,25.739999771118164,0
443,2002-07-05,27.11000061035156,27.11000061035156,27.299999237060547,25.68000030517578,27.299999237060547,0
444,2002-07-12,32.939998626708984,32.939998626708984,34.29999923706055,32.40999984741211,34.29999923706055,0
445,2002-07-19,38.16999816894531,38.16999816894531,38.16999816894531,35.97999954223633,36.41999816894531,0
446,2002-07-26,35.5099983215332,35.5099983215332,38.79999923706055,35.5099983215332,38.61000061035156,0
447,2002-08-02,41.290000915527344,41.290000915527344,43.93000030517578,36.86000061035156,37.52999877929688,0
448,2002-08-09,35.33000183105469,35.33000183105469,37.47999954223633,34.689998626708984,37.40999984741211,0
449,2002-08-16,28.809999465942383,28.809999465942383,29.950000762939453,28.01000022888184,29.8799991607666,0
450,2002-08-23,29.31999969482422,29.31999969482422,29.540000915527344,28.07999992370605,28.07999992370605,0
451,2002-08-30,32.63999938964844,32.63999938964844,33.63999938964844,31.93000030517578,33.63999938964844,0
452,2002-09-06,36.33000183105469,36.33000183105469,37.34999847412109,35.9900016784668,36.880001068115234,0
453,2002-09-13,35.81999969482422,35.81999969482422,38.52000045776367,35.81999969482422,38.220001220703125,0
454,2002-09-20,38.97999954223633,38.97999954223633,40.22999954223633,38.720001220703125,39.93000030517578,0
455,2002-09-27,36.970001220703125,36.970001220703125,36.970001220703125,33.959999084472656,35.06999969482422,0
456,2002-10-04,39.459999084472656,39.459999084472656,40.290000915527344,38.66999816894531,39.18000030517578,0
457,2002-10-11,35.70000076293945,35.70000076293945,36.52999877929688,35.20000076293945,36.36000061035156,0
458,2002-10-18,33.529998779296875,33.529998779296875,34.72999954223633,33.34000015258789,34.599998474121094,0
459,2002-10-25,30.0,30.0,33.369998931884766,29.8799991607666,33.369998931884766,0
460,2002-11-01,29.299999237060547,29.299999237060547,31.700000762939453,28.6200008392334,31.56999969482422,0
461,2002-11-08,29.40999984741211,29.40999984741211,31.030000686645508,29.100000381469727,30.38999938964844,0
462,2002-11-15,26.649999618530277,26.649999618530277,28.229999542236328,26.440000534057617,27.920000076293945,0
463,2002-11-22,23.15999984741211,23.15999984741211,24.21999931335449,23.049999237060547,23.989999771118164,0
464,2002-11-29,27.5,27.5,27.700000762939453,26.84000015258789,27.100000381469727,0
465,2002-12-06,28.8799991607666,28.8799991607666,30.63999938964844,28.770000457763672,30.63999938964844,0
466,2002-12-13,28.18000030517578,28.18000030517578,28.670000076293945,27.559999465942383,28.01000022888184,0
467,2002-12-20,26.709999084472656,26.709999084472656,28.75,26.59000015258789,28.59000015258789,0
468,2002-12-27,29.549999237060547,29.549999237060547,29.96999931335449,27.520000457763672,27.71999931335449,0
469,2003-01-03,24.68000030517578,24.68000030517578,25.549999237060547,24.68000030517578,25.549999237060547,0
470,2003-01-10,24.31999969482422,24.31999969482422,24.690000534057617,24.149999618530277,24.6200008392334,0
471,2003-01-17,25.700000762939453,25.700000762939453,26.0,25.200000762939453,25.38999938964844,0
472,2003-01-24,31.51000022888184,31.51000022888184,32.40999984741211,28.450000762939453,28.46999931335449,0
473,2003-01-31,31.170000076293945,31.170000076293945,31.65999984741211,30.61000061035156,31.149999618530277,0
474,2003-02-07,34.0099983215332,34.0099983215332,34.310001373291016,33.189998626708984,33.29999923706055,0
475,2003-02-14,32.619998931884766,32.619998931884766,33.939998626708984,32.41999816894531,33.7400016784668,0
476,2003-02-21,30.25,30.25,31.649999618530277,30.15999984741211,30.979999542236328,0
477,2003-02-28,29.6299991607666,29.6299991607666,29.84000015258789,29.059999465942383,29.84000015258789,0
478,2003-03-07,31.07999992370605,31.07999992370605,32.810001373291016,30.84000015258789,32.63999938964844,0
479,2003-03-14,30.979999542236328,30.979999542236328,31.25,30.450000762939453,30.850000381469727,0
480,2003-03-21,28.670000076293945,28.670000076293945,29.700000762939453,28.440000534057617,29.40999984741211,0
481,2003-03-28,27.75,27.75,28.25,27.57999992370605,28.209999084472656,0
482,2003-04-04,29.1299991607666,29.1299991607666,30.040000915527344,28.350000381469727,28.350000381469727,0
483,2003-04-11,24.440000534057617,24.440000534057617,25.200000762939453,24.309999465942383,24.420000076293945,0
484,2003-04-18,21.5,21.5,22.3799991607666,21.32999992370605,22.11000061035156,0
485,2003-04-25,20.799999237060547,20.799999237060547,20.88999938964844,20.36000061035156,20.51000022888184,0
486,2003-05-02,20.6299991607666,20.6299991607666,21.420000076293945,20.6299991607666,21.09000015258789,0
487,2003-05-09,19.690000534057617,19.690000534057617,20.93000030517578,19.65999984741211,20.850000381469727,0
488,2003-05-16,18.399999618530277,18.399999618530277,19.420000076293945,18.239999771118164,19.26000022888184,0
489,2003-05-23,19.170000076293945,19.170000076293945,20.07999992370605,19.13999938964844,20.06999969482422,0
490,2003-05-30,19.46999931335449,19.46999931335449,19.82999992370605,19.440000534057617,19.82999992370605,0
491,2003-06-06,21.25,21.25,21.440000534057617,20.15999984741211,20.40999984741211,0
492,2003-06-13,20.65999984741211,20.65999984741211,20.899999618530277,20.5,20.56999969482422,0
493,2003-06-20,19.13999938964844,19.13999938964844,19.59000015258789,18.88999938964844,19.540000915527344,0
494,2003-06-27,19.15999984741211,19.15999984741211,19.63999938964844,18.8700008392334,19.399999618530277,0
495,2003-07-04,19.38999938964844,19.38999938964844,19.729999542236328,18.86000061035156,19.32999992370605,0
496,2003-07-11,18.46999931335449,18.46999931335449,18.88999938964844,18.26000022888184,18.75,0
497,2003-07-18,19.11000061035156,19.11000061035156,20.200000762939453,19.100000381469727,20.13999938964844,0
498,2003-07-25,17.75,17.75,18.8799991607666,17.649999618530273,18.600000381469727,0
499,2003-08-01,20.75,20.75,20.770000457763672,20.059999465942383,20.059999465942383,0
500,2003-08-08,19.59000015258789,19.59000015258789,20.209999084472656,19.479999542236328,19.780000686645508,0
501,2003-08-15,18.270000457763672,18.270000457763672,18.940000534057617,18.149999618530277,18.649999618530277,0
502,2003-08-22,18.549999237060547,18.549999237060547,18.6299991607666,17.729999542236328,17.739999771118164,0
503,2003-08-29,18.6299991607666,18.6299991607666,18.75,18.520000457763672,18.530000686645508,0
504,2003-09-05,18.170000076293945,18.170000076293945,18.690000534057617,18.149999618530277,18.63999938964844,0
505,2003-09-12,18.68000030517578,18.68000030517578,20.65999984741211,18.51000022888184,20.57999992370605,0
506,2003-09-19,17.540000915527344,17.540000915527344,17.860000610351562,17.520000457763672,17.829999923706055,0
507,2003-09-26,22.229999542236328,22.229999542236328,22.729999542236328,21.850000381469727,22.280000686645508,0
508,2003-10-03,19.5,19.5,20.09000015258789,18.950000762939453,19.940000534057617,0
509,2003-10-10,18.450000762939453,18.450000762939453,18.920000076293945,18.420000076293945,18.920000076293945,0
510,2003-10-17,17.6200008392334,17.6200008392334,17.850000381469727,16.969999313354492,16.969999313354492,0
511,2003-10-24,17.709999084472656,17.709999084472656,18.68000030517578,17.670000076293945,18.25,0
512,2003-10-31,16.100000381469727,16.100000381469727,16.190000534057617,15.789999961853027,16.110000610351562,0
513,2003-11-07,16.93000030517578,16.93000030517578,16.93000030517578,16.5,16.6299991607666,0
514,2003-11-14,16.940000534057617,16.940000534057617,17.0,16.170000076293945,16.6299991607666,0
515,2003-11-21,18.979999542236328,18.979999542236328,19.399999618530277,18.81999969482422,19.07999992370605,0
516,2003-11-28,16.31999969482422,16.31999969482422,16.6200008392334,16.15999984741211,16.510000228881836,0
517,2003-12-05,17.09000015258789,17.09000015258789,17.31999969482422,16.5,16.760000228881836,0
518,2003-12-12,16.40999984741211,16.40999984741211,16.979999542236328,16.09000015258789,16.190000534057617,0
519,2003-12-19,16.420000076293945,16.420000076293945,16.809999465942383,15.710000038146973,16.65999984741211,0
520,2003-12-26,17.450000762939453,17.450000762939453,17.489999771118164,16.6299991607666,16.760000228881836,0
521,2004-01-02,18.21999931335449,18.21999931335449,18.68000030517578,17.540000915527344,17.959999084472656,0
522,2004-01-09,16.75,16.75,16.8799991607666,15.56999969482422,16.149999618530273,0
523,2004-01-16,15.0,15.0,15.4399995803833,14.899999618530272,15.399999618530272,0
524,2004-01-23,14.84000015258789,14.84000015258789,15.050000190734863,14.5600004196167,14.729999542236328,0
525,2004-01-30,16.6299991607666,16.6299991607666,17.350000381469727,16.549999237060547,16.549999237060547,0
526,2004-02-06,16.0,16.0,17.709999084472656,15.9399995803833,17.709999084472656,0
527,2004-02-13,15.579999923706056,15.579999923706056,16.030000686645508,14.859999656677246,15.119999885559082,0
528,2004-02-20,16.040000915527344,16.040000915527344,16.549999237060547,15.81999969482422,15.850000381469728,0
529,2004-02-27,14.550000190734863,14.550000190734863,14.770000457763672,13.800000190734863,13.800000190734863,0
530,2004-03-05,14.479999542236328,14.479999542236328,14.81999969482422,13.829999923706056,14.8100004196167,0
531,2004-03-12,18.299999237060547,18.299999237060547,20.07999992370605,18.059999465942383,19.940000534057617,0
532,2004-03-19,19.149999618530277,19.149999618530277,19.25,17.889999389648438,17.979999542236328,0
533,2004-03-26,17.329999923706055,17.329999923706055,18.229999542236328,16.670000076293945,18.190000534057617,0
534,2004-04-02,15.640000343322754,15.640000343322754,16.549999237060547,15.210000038146973,15.210000038146973,0
535,2004-04-09,16.260000228881836,16.260000228881836,16.81999969482422,14.960000038146973,14.960000038146973,0
536,2004-04-16,14.9399995803833,14.9399995803833,15.6899995803833,14.770000457763672,15.59000015258789,0
537,2004-04-23,14.010000228881836,14.010000228881836,14.5600004196167,13.890000343322754,14.420000076293944,0
538,2004-04-30,17.190000534057617,17.190000534057617,17.229999542236328,16.139999389648438,16.270000457763672,0
539,2004-05-07,18.1299991607666,18.1299991607666,18.170000076293945,16.440000534057617,17.219999313354492,0
540,2004-05-14,18.46999931335449,18.46999931335449,19.270000457763672,18.059999465942383,18.65999984741211,0
541,2004-05-21,18.489999771118164,18.489999771118164,18.739999771118164,18.0,18.729999542236328,0
542,2004-05-28,15.5,15.5,15.649999618530272,15.390000343322754,15.4399995803833,0
543,2004-06-04,16.780000686645508,16.780000686645508,16.899999618530273,15.81999969482422,16.239999771118164,0
544,2004-06-11,15.039999961853027,15.039999961853027,15.350000381469728,14.920000076293944,15.329999923706056,0
545,2004-06-18,14.989999771118164,14.989999771118164,15.25,14.510000228881836,14.739999771118164,0
546,2004-06-25,15.1899995803833,15.1899995803833,15.289999961853027,14.470000267028809,14.779999732971191,0
547,2004-07-02,15.079999923706056,15.079999923706056,15.449999809265137,14.800000190734863,15.229999542236328,0
548,2004-07-09,15.779999732971191,15.779999732971191,16.030000686645508,15.710000038146973,16.010000228881836,0
549,2004-07-16,14.34000015258789,14.34000015258789,14.579999923706056,13.949999809265137,14.270000457763672,0
550,2004-07-23,16.5,16.5,16.940000534057617,15.81999969482422,15.81999969482422,0
551,2004-07-30,15.31999969482422,15.31999969482422,15.890000343322754,15.270000457763672,15.850000381469728,0
552,2004-08-06,19.34000015258789,19.34000015258789,19.68000030517578,18.18000030517578,18.209999084472656,0
553,2004-08-13,17.979999542236328,17.979999542236328,19.25,17.969999313354492,18.90999984741211,0
554,2004-08-20,16.0,16.0,17.040000915527344,15.779999732971191,16.989999771118164,0
555,2004-08-27,14.710000038146973,14.710000038146973,15.020000457763672,14.670000076293944,14.90999984741211,0
556,2004-09-03,13.90999984741211,13.90999984741211,14.380000114440918,13.789999961853027,14.359999656677246,0
557,2004-09-10,13.760000228881836,13.760000228881836,14.229999542236328,13.6899995803833,13.899999618530272,0
558,2004-09-17,14.029999732971191,14.029999732971191,14.43000030517578,13.93000030517578,14.109999656677246,0
559,2004-09-24,14.279999732971191,14.279999732971191,14.9399995803833,14.079999923706056,14.93000030517578,0
560,2004-10-01,12.75,12.75,13.109999656677246,12.600000381469728,13.109999656677246,0
561,2004-10-08,15.050000190734863,15.050000190734863,15.520000457763672,13.779999732971191,14.699999809265137,0
562,2004-10-15,15.039999961853027,15.039999961853027,16.489999771118164,14.720000267028809,16.280000686645508,0
563,2004-10-22,15.279999732971191,15.279999732971191,15.40999984741211,14.3100004196167,14.59000015258789,0
564,2004-10-29,16.270000457763672,16.270000457763672,16.290000915527344,14.960000038146973,15.829999923706056,0
565,2004-11-05,13.84000015258789,13.84000015258789,14.100000381469728,13.229999542236328,13.670000076293944,0
566,2004-11-12,13.329999923706056,13.329999923706056,13.479999542236328,13.039999961853027,13.239999771118164,0
567,2004-11-19,13.5,13.5,13.829999923706056,12.770000457763672,12.789999961853027,0
568,2004-11-26,12.779999732971191,12.779999732971191,12.899999618530272,12.59000015258789,12.760000228881836,0
569,2004-12-03,12.960000038146973,12.960000038146973,13.0600004196167,12.399999618530272,13.020000457763672,0
570,2004-12-10,12.760000228881836,12.760000228881836,13.149999618530272,12.68000030517578,13.050000190734863,0
571,2004-12-17,11.949999809265137,11.949999809265137,12.75,11.869999885559082,12.34000015258789,0
572,2004-12-24,11.229999542236328,11.229999542236328,11.640000343322754,11.140000343322754,11.40999984741211,0
573,2004-12-31,13.289999961853027,13.289999961853027,13.289999961853027,12.420000076293944,12.420000076293944,0
574,2005-01-07,13.489999771118164,13.489999771118164,13.510000228881836,12.9399995803833,13.470000267028809,0
575,2005-01-14,12.43000030517578,12.43000030517578,12.81999969482422,12.289999961853027,12.68000030517578,0
576,2005-01-21,14.359999656677246,14.359999656677246,14.460000038146973,13.399999618530272,13.75,0
577,2005-01-28,13.239999771118164,13.239999771118164,13.5600004196167,12.829999923706056,13.149999618530272,0
578,2005-02-04,11.210000038146973,11.210000038146973,11.970000267028809,10.899999618530272,11.970000267028809,0
579,2005-02-11,11.43000030517578,11.43000030517578,11.81999969482422,11.25,11.640000343322754,0
580,2005-02-18,11.18000030517578,11.18000030517578,12.119999885559082,11.18000030517578,11.989999771118164,0
581,2005-02-25,11.489999771118164,11.489999771118164,11.779999732971191,10.920000076293944,11.75,0
582,2005-03-04,11.9399995803833,11.9399995803833,12.5,11.9399995803833,12.489999771118164,0
583,2005-03-11,12.800000190734863,12.800000190734863,12.979999542236328,12.109999656677246,12.289999961853027,0
584,2005-03-18,13.140000343322754,13.140000343322754,13.670000076293944,13.079999923706056,13.649999618530272,0
585,2005-03-25,13.420000076293944,13.420000076293944,13.880000114440918,12.970000267028809,13.859999656677246,0
586,2005-04-01,14.09000015258789,14.09000015258789,14.380000114440918,12.920000076293944,13.640000343322754,0
587,2005-04-08,12.619999885559082,12.619999885559082,12.649999618530272,11.520000457763672,12.0600004196167,0
588,2005-04-15,17.739999771118164,17.739999771118164,18.049999237060547,14.710000038146973,14.920000076293944,0
589,2005-04-22,15.380000114440918,15.380000114440918,16.31999969482422,14.199999809265137,14.539999961853027,0
590,2005-04-29,15.3100004196167,15.3100004196167,16.920000076293945,15.260000228881836,15.75,0
591,2005-05-06,14.050000190734863,14.050000190734863,14.0600004196167,13.109999656677246,13.289999961853027,0
592,2005-05-13,16.31999969482422,16.31999969482422,17.700000762939453,15.399999618530272,15.880000114440918,0
593,2005-05-20,13.140000343322754,13.140000343322754,13.729999542236328,13.06999969482422,13.56999969482422,0
594,2005-05-27,12.149999618530272,12.149999618530272,12.43000030517578,12.0600004196167,12.0600004196167,0
595,2005-06-03,12.149999618530272,12.149999618530272,12.489999771118164,11.520000457763672,11.779999732971191,0
596,2005-06-10,11.960000038146973,11.960000038146973,12.399999618530272,11.899999618530272,12.15999984741211,0
597,2005-06-17,11.479999542236328,11.479999542236328,11.640000343322754,10.779999732971191,10.829999923706056,0
598,2005-06-24,12.18000030517578,12.18000030517578,12.31999969482422,11.949999809265137,12.270000457763672,0
599,2005-07-01,11.399999618530272,11.399999618530272,11.920000076293944,11.380000114440918,11.75,0
600,2005-07-08,11.449999809265137,11.449999809265137,12.289999961853027,11.09000015258789,12.239999771118164,0
601,2005-07-15,10.329999923706056,10.329999923706056,10.899999618530272,10.130000114440918,10.609999656677246,0
602,2005-07-22,10.520000457763672,10.520000457763672,11.050000190734863,10.510000228881836,11.010000228881836,0
603,2005-07-29,11.56999969482422,11.56999969482422,11.729999542236328,10.239999771118164,10.239999771118164,0
604,2005-08-05,12.479999542236328,12.479999542236328,12.920000076293944,11.81999969482422,11.81999969482422,0
605,2005-08-12,12.739999771118164,12.739999771118164,12.979999542236328,12.18000030517578,12.359999656677246,0
606,2005-08-19,13.420000076293944,13.420000076293944,13.850000381469728,12.609999656677246,12.84000015258789,0
607,2005-08-26,13.720000267028809,13.720000267028809,14.199999809265137,13.649999618530272,13.789999961853027,0
608,2005-09-02,13.56999969482422,13.56999969482422,13.720000267028809,13.029999732971191,13.210000038146973,0
609,2005-09-09,11.979999542236328,11.979999542236328,12.649999618530272,11.960000038146973,12.460000038146973,0
610,2005-09-16,11.220000267028809,11.220000267028809,11.93000030517578,11.06999969482422,11.890000343322754,0
611,2005-09-23,12.960000038146973,12.960000038146973,13.880000114440918,12.75,13.640000343322754,0
612,2005-09-30,11.920000076293944,11.920000076293944,12.4399995803833,11.920000076293944,12.420000076293944,0
613,2005-10-07,14.59000015258789,14.59000015258789,14.81999969482422,14.300000190734863,14.5600004196167,0
614,2005-10-14,14.869999885559082,14.869999885559082,16.030000686645508,14.829999923706056,15.989999771118164,0
615,2005-10-21,16.1299991607666,16.1299991607666,16.270000457763672,15.260000228881836,15.529999732971191,0
616,2005-10-28,14.25,14.25,15.609999656677246,14.109999656677246,15.449999809265137,0
617,2005-11-04,13.170000076293944,13.170000076293944,13.619999885559082,12.6899995803833,12.880000114440918,0
618,2005-11-11,11.630000114440918,11.630000114440918,11.960000038146973,11.630000114440918,11.81999969482422,0
619,2005-11-18,11.119999885559082,11.119999885559082,11.670000076293944,10.960000038146973,11.1899995803833,0
620,2005-11-25,10.880000114440918,10.880000114440918,11.239999771118164,10.880000114440918,11.039999961853027,0
621,2005-12-02,11.010000228881836,11.010000228881836,11.229999542236328,10.9399995803833,11.100000381469728,0
622,2005-12-09,11.6899995803833,11.6899995803833,12.199999809265137,11.5600004196167,11.90999984741211,0
623,2005-12-16,10.68000030517578,10.68000030517578,10.75,10.149999618530272,10.699999809265137,0
624,2005-12-23,10.270000457763672,10.270000457763672,10.479999542236328,10.239999771118164,10.369999885559082,0
625,2005-12-30,12.06999969482422,12.06999969482422,12.06999969482422,11.550000190734863,11.960000038146973,0
626,2006-01-06,11.0,11.0,11.5,10.8100004196167,11.229999542236328,0
627,2006-01-13,11.229999542236328,11.229999542236328,11.609999656677246,11.109999656677246,11.399999618530272,0
628,2006-01-20,14.5600004196167,14.5600004196167,14.5600004196167,11.890000343322754,12.100000381469728,0
629,2006-01-27,11.970000267028809,11.970000267028809,12.329999923706056,11.720000267028809,12.270000457763672,0
630,2006-02-03,12.960000038146973,12.960000038146973,13.699999809265137,12.640000343322754,13.369999885559082,0
631,2006-02-10,12.869999885559082,12.869999885559082,13.729999542236328,12.6899995803833,13.350000381469728,0
632,2006-02-17,12.010000228881836,12.010000228881836,12.210000038146973,11.520000457763672,11.640000343322754,0
633,2006-02-24,11.460000038146973,11.460000038146973,12.0600004196167,11.420000076293944,11.9399995803833,0
634,2006-03-03,11.960000038146973,11.960000038146973,12.100000381469728,11.359999656677246,12.029999732971191,0
635,2006-03-10,11.850000381469728,11.850000381469728,12.600000381469728,11.789999961853027,12.520000457763672,0
636,2006-03-17,12.119999885559082,12.119999885559082,12.199999809265137,11.529999732971191,11.5600004196167,0
637,2006-03-24,11.1899995803833,11.1899995803833,11.479999542236328,11.09000015258789,11.229999542236328,0
638,2006-03-31,11.390000343322754,11.390000343322754,11.649999618530272,11.270000457763672,11.420000076293944,0
639,2006-04-07,12.260000228881836,12.260000228881836,12.3100004196167,11.199999809265137,11.4399995803833,0
640,2006-04-14,12.380000114440918,12.380000114440918,13.0,12.279999732971191,12.93000030517578,0
641,2006-04-21,11.59000015258789,11.59000015258789,11.979999542236328,11.1899995803833,11.239999771118164,0
642,2006-04-28,11.59000015258789,11.59000015258789,12.130000114440918,11.420000076293944,12.130000114440918,0
643,2006-05-05,11.619999885559082,11.619999885559082,11.619999885559082,11.18000030517578,11.390000343322754,0
644,2006-05-12,14.1899995803833,14.1899995803833,14.260000228881836,12.710000038146973,12.710000038146973,0
645,2006-05-19,17.18000030517578,17.18000030517578,18.010000228881836,15.899999618530272,16.15999984741211,0
646,2006-05-26,14.260000228881836,14.260000228881836,15.039999961853027,14.260000228881836,14.920000076293944,0
647,2006-06-02,14.31999969482422,14.31999969482422,14.970000267028809,13.920000076293944,14.170000076293944,0
648,2006-06-09,18.1200008392334,18.1200008392334,18.450000762939453,17.06999969482422,17.899999618530273,0
649,2006-06-16,17.25,17.25,18.1299991607666,16.520000457763672,16.559999465942383,0
650,2006-06-23,15.890000343322754,15.890000343322754,16.579999923706055,14.9399995803833,16.40999984741211,0
651,2006-06-30,13.079999923706056,13.079999923706056,13.470000267028809,12.739999771118164,12.899999618530272,0
652,2006-07-07,13.970000267028809,13.970000267028809,14.449999809265137,13.43000030517578,13.899999618530272,0
653,2006-07-14,18.049999237060547,18.049999237060547,18.790000915527344,17.280000686645508,17.56999969482422,0
654,2006-07-21,17.399999618530273,17.399999618530273,17.559999465942383,16.229999542236328,16.229999542236328,0
655,2006-07-28,14.329999923706056,14.329999923706056,14.75,14.0600004196167,14.729999542236328,0
656,2006-08-04,14.34000015258789,14.34000015258789,14.90999984741211,13.649999618530272,14.029999732971191,0
657,2006-08-11,14.300000190734863,14.300000190734863,14.850000381469728,14.300000190734863,14.720000267028809,0
658,2006-08-18,11.640000343322754,11.640000343322754,12.520000457763672,11.56999969482422,12.109999656677246,0
659,2006-08-25,12.3100004196167,12.3100004196167,12.470000267028809,12.079999923706056,12.40999984741211,0
660,2006-09-01,11.960000038146973,11.960000038146973,12.329999923706056,11.90999984741211,12.140000343322754,0
661,2006-09-08,13.15999984741211,13.15999984741211,13.800000190734863,13.050000190734863,13.789999961853027,0
662,2006-09-15,11.760000228881836,11.760000228881836,12.539999961853027,11.399999618530272,11.489999771118164,0
663,2006-09-22,12.59000015258789,12.59000015258789,13.279999732971191,12.470000267028809,12.470000267028809,0
664,2006-09-29,11.979999542236328,11.979999542236328,12.100000381469728,11.720000267028809,11.75,0
665,2006-10-06,11.5600004196167,11.5600004196167,12.170000076293944,11.550000190734863,11.989999771118164,0
666,2006-10-13,10.75,10.75,11.350000381469728,10.75,11.170000076293944,0
667,2006-10-20,10.630000114440918,10.630000114440918,11.229999542236328,10.4399995803833,11.0600004196167,0
668,2006-10-27,10.800000190734863,10.800000190734863,10.989999771118164,10.529999732971191,10.65999984741211,0
669,2006-11-03,11.15999984741211,11.15999984741211,11.43000030517578,10.34000015258789,11.15999984741211,0
670,2006-11-10,10.789999961853027,10.789999961853027,11.119999885559082,10.770000457763672,11.010000228881836,0
671,2006-11-17,10.050000190734863,10.050000190734863,10.479999542236328,10.050000190734863,10.369999885559082,0
672,2006-11-24,10.729999542236328,10.729999542236328,10.859999656677246,10.5600004196167,10.8100004196167,0
673,2006-12-01,11.65999984741211,11.65999984741211,12.279999732971191,10.960000038146973,11.06999969482422,0
674,2006-12-08,12.06999969482422,12.06999969482422,12.670000076293944,11.90999984741211,12.579999923706056,0
675,2006-12-15,10.050000190734863,10.050000190734863,10.06999969482422,9.390000343322754,9.68000030517578,0
676,2006-12-22,11.359999656677246,11.359999656677246,11.460000038146973,10.59000015258789,10.59000015258789,0
677,2006-12-29,11.5600004196167,11.5600004196167,11.649999618530272,10.710000038146973,10.949999809265137,0
678,2007-01-05,12.140000343322754,12.140000343322754,12.25,11.68000030517578,11.84000015258789,0
679,2007-01-12,10.149999618530272,10.149999618530272,10.93000030517578,10.140000343322754,10.93000030517578,0
680,2007-01-19,10.399999618530272,10.399999618530272,11.029999732971191,10.239999771118164,10.800000190734863,0
681,2007-01-26,11.130000114440918,11.130000114440918,11.600000381469728,10.920000076293944,10.949999809265137,0
682,2007-02-02,10.079999923706056,10.079999923706056,10.359999656677246,9.960000038146973,10.300000190734863,0
683,2007-02-09,11.100000381469728,11.100000381469728,11.5600004196167,10.25,10.420000076293944,0
684,2007-02-16,10.020000457763672,10.020000457763672,10.4399995803833,9.979999542236328,10.420000076293944,0
685,2007-02-23,10.579999923706056,10.579999923706056,10.699999809265137,10.359999656677246,10.40999984741211,0
686,2007-03-02,18.61000061035156,18.61000061035156,18.6299991607666,16.040000915527344,16.700000762939453,0
687,2007-03-09,14.09000015258789,14.09000015258789,14.619999885559082,13.670000076293944,13.699999809265137,0
688,2007-03-16,16.790000915527344,16.790000915527344,17.709999084472656,15.289999961853027,15.380000114440918,0
689,2007-03-23,12.949999809265137,12.949999809265137,13.18000030517578,12.460000038146973,13.130000114440918,0
690,2007-03-30,14.640000343322754,14.640000343322754,15.81999969482422,14.140000343322754,14.9399995803833,0
691,2007-04-06,13.229999542236328,13.229999542236328,13.65999984741211,12.6899995803833,13.56999969482422,0
692,2007-04-13,12.199999809265137,12.199999809265137,13.0,12.130000114440918,12.670000076293944,0
693,2007-04-20,12.06999969482422,12.06999969482422,12.670000076293944,11.970000267028809,12.029999732971191,0
694,2007-04-27,12.449999809265137,12.449999809265137,13.260000228881836,12.40999984741211,13.119999885559082,0
695,2007-05-04,12.90999984741211,12.90999984741211,13.359999656677246,12.59000015258789,12.90999984741211,0
696,2007-05-11,12.949999809265137,12.949999809265137,13.470000267028809,12.630000114440918,13.470000267028809,0
697,2007-05-18,12.760000228881836,12.760000228881836,13.220000267028809,12.6899995803833,13.010000228881836,0
698,2007-05-25,13.34000015258789,13.34000015258789,13.869999885559082,13.229999542236328,13.8100004196167,0
699,2007-06-01,12.779999732971191,12.779999732971191,13.010000228881836,12.43000030517578,12.770000457763672,0
700,2007-06-08,14.84000015258789,14.84000015258789,16.780000686645508,14.729999542236328,16.75,0
701,2007-06-15,13.9399995803833,13.9399995803833,13.970000267028809,12.579999923706056,13.010000228881836,0
702,2007-06-22,15.75,15.75,16.579999923706055,14.3100004196167,14.449999809265137,0
703,2007-06-29,16.229999542236328,16.229999542236328,17.1299991607666,14.619999885559082,15.25,0
704,2007-07-06,14.720000267028809,14.720000267028809,15.59000015258789,14.670000076293944,15.359999656677246,0
705,2007-07-13,15.149999618530272,15.149999618530272,15.510000228881836,14.789999961853027,15.390000343322754,0
706,2007-07-20,16.950000762939453,16.950000762939453,18.530000686645508,15.359999656677246,15.390000343322754,0
707,2007-07-27,24.170000076293945,24.170000076293945,24.170000076293945,19.600000381469727,20.34000015258789,0
708,2007-08-03,25.15999984741211,25.15999984741211,25.549999237060547,21.09000015258789,21.520000457763672,0
709,2007-08-10,28.299999237060547,28.299999237060547,29.84000015258789,26.90999984741211,28.040000915527344,0
710,2007-08-17,29.989999771118164,29.989999771118164,31.459999084472656,25.229999542236328,25.25,0
711,2007-08-24,20.71999931335449,20.71999931335449,23.030000686645508,20.440000534057617,22.75,0
712,2007-08-31,23.3799991607666,23.3799991607666,24.06999969482422,22.46999931335449,23.530000686645508,0
713,2007-09-07,26.229999542236328,26.229999542236328,26.96999931335449,25.600000381469727,25.979999542236328,0
714,2007-09-14,24.920000076293945,24.920000076293945,26.479999542236328,24.68000030517578,26.3799991607666,0
715,2007-09-21,19.0,19.0,19.809999465942383,18.3700008392334,19.440000534057617,0
716,2007-09-28,18.0,18.0,18.21999931335449,16.90999984741211,17.229999542236328,0
717,2007-10-05,16.90999984741211,16.90999984741211,17.559999465942383,16.440000534057617,17.549999237060547,0
718,2007-10-12,17.729999542236328,17.729999542236328,18.739999771118164,17.489999771118164,18.68000030517578,0
719,2007-10-19,22.959999084472656,22.959999084472656,22.959999084472656,19.020000457763672,19.149999618530277,0
720,2007-10-26,19.559999465942383,19.559999465942383,20.96999931335449,19.479999542236328,19.84000015258789,0
721,2007-11-02,23.01000022888184,23.01000022888184,25.170000076293945,22.559999465942383,22.559999465942383,0
722,2007-11-09,28.5,28.5,28.84000015258789,26.209999084472656,27.959999084472656,0
723,2007-11-16,25.489999771118164,25.489999771118164,28.1200008392334,25.1200008392334,27.040000915527344,0
724,2007-11-23,25.61000061035156,25.61000061035156,26.420000076293945,25.350000381469727,26.420000076293945,0
725,2007-11-30,22.8700008392334,22.8700008392334,23.38999938964844,22.0,22.670000076293945,0
726,2007-12-07,20.850000381469727,20.850000381469727,21.01000022888184,20.290000915527344,20.690000534057617,0
727,2007-12-14,23.270000457763672,23.270000457763672,23.530000686645508,22.26000022888184,23.530000686645508,0
728,2007-12-21,18.46999931335449,18.46999931335449,19.81999969482422,18.280000686645508,19.81999969482422,0
729,2007-12-28,20.739999771118164,20.739999771118164,21.049999237060547,19.440000534057617,19.59000015258789,0
730,2008-01-04,23.940000534057617,23.940000534057617,24.299999237060547,23.25,23.5,0
731,2008-01-11,23.68000030517578,23.68000030517578,24.40999984741211,23.21999931335449,24.040000915527344,0
732,2008-01-18,27.18000030517578,27.18000030517578,29.299999237060547,26.270000457763672,27.549999237060547,0
733,2008-01-25,29.07999992370605,29.07999992370605,29.76000022888184,25.93000030517578,26.190000534057617,0
734,2008-02-01,24.020000457763672,24.020000457763672,25.75,24.020000457763672,25.65999984741211,0
735,2008-02-08,28.01000022888184,28.01000022888184,28.88999938964844,27.21999931335449,27.979999542236328,0
736,2008-02-15,25.020000457763672,25.020000457763672,25.670000076293945,24.450000762939453,25.57999992370605,0
737,2008-02-22,24.059999465942383,24.059999465942383,25.93000030517578,23.6200008392334,24.989999771118164,0
738,2008-02-29,26.540000915527344,26.540000915527344,26.90999984741211,23.540000915527344,23.540000915527344,0
739,2008-03-07,27.489999771118164,27.489999771118164,29.290000915527344,22.290000915527344,28.520000457763672,0
740,2008-03-14,31.15999984741211,31.15999984741211,32.88999938964844,26.020000457763672,27.309999465942383,0
741,2008-03-21,26.6200008392334,26.6200008392334,29.84000015258789,25.799999237060547,29.84000015258789,0
742,2008-03-28,25.709999084472656,25.709999084472656,25.959999084472656,25.040000915527344,25.809999465942383,0
743,2008-04-04,22.450000762939453,22.450000762939453,23.309999465942383,21.75,23.0,0
744,2008-04-11,23.459999084472656,23.459999084472656,23.59000015258789,22.649999618530277,23.030000686645508,0
745,2008-04-18,20.1299991607666,20.1299991607666,20.3700008392334,19.209999084472656,20.3700008392334,0
746,2008-04-25,19.59000015258789,19.59000015258789,20.36000061035156,19.280000686645508,19.600000381469727,0
747,2008-05-02,18.18000030517578,18.18000030517578,19.11000061035156,17.969999313354492,18.8700008392334,0
748,2008-05-09,19.40999984741211,19.40999984741211,20.01000022888184,19.299999237060547,19.979999542236328,0
749,2008-05-16,16.469999313354492,16.469999313354492,17.920000076293945,16.299999237060547,16.299999237060547,0
750,2008-05-23,19.549999237060547,19.549999237060547,19.799999237060547,18.3799991607666,18.57999992370605,0
751,2008-05-30,17.829999923706055,17.829999923706055,18.209999084472656,17.559999465942383,18.13999938964844,0
752,2008-06-06,23.559999465942383,23.559999465942383,23.790000915527344,18.6299991607666,18.6299991607666,0
753,2008-06-13,21.21999931335449,21.21999931335449,23.13999938964844,21.040000915527344,23.020000457763672,0
754,2008-06-20,22.8700008392334,22.8700008392334,23.700000762939453,21.57999992370605,21.57999992370605,0
755,2008-06-27,23.440000534057617,23.440000534057617,24.559999465942383,23.299999237060547,23.75,0
756,2008-07-04,24.780000686645508,24.780000686645508,26.07999992370605,24.440000534057617,25.920000076293945,0
757,2008-07-11,27.489999771118164,27.489999771118164,29.440000534057617,25.559999465942383,25.559999465942383,0
758,2008-07-18,24.049999237060547,24.049999237060547,25.190000534057617,23.780000686645508,25.01000022888184,0
759,2008-07-25,22.90999984741211,22.90999984741211,23.450000762939453,22.309999465942383,23.450000762939453,0
760,2008-08-01,22.56999969482422,22.56999969482422,23.3700008392334,22.350000381469727,22.65999984741211,0
761,2008-08-08,20.65999984741211,20.65999984741211,21.690000534057617,20.11000061035156,21.149999618530277,0
762,2008-08-15,19.57999992370605,19.57999992370605,20.649999618530277,19.56999969482422,20.239999771118164,0
763,2008-08-22,18.809999465942383,18.809999465942383,19.82999992370605,18.63999938964844,19.82999992370605,0
764,2008-08-29,20.649999618530277,20.649999618530277,20.709999084472656,19.43000030517578,19.43000030517578,0
765,2008-09-05,23.059999465942383,23.059999465942383,24.709999084472656,22.96999931335449,24.540000915527344,0
766,2008-09-12,25.65999984741211,25.65999984741211,26.670000076293945,24.799999237060547,24.799999237060547,0
767,2008-09-19,32.06999969482422,32.06999969482422,33.08000183105469,27.950000762939453,33.06999969482422,0
768,2008-09-26,34.7400016784668,34.7400016784668,36.400001525878906,32.81999969482422,32.81999969482422,0
769,2008-10-03,45.13999938964844,45.13999938964844,45.52000045776367,41.5099983215332,45.220001220703125,0
770,2008-10-10,69.94999694824219,69.94999694824219,76.94000244140625,65.62999725341797,65.8499984741211,0
771,2008-10-17,70.33000183105469,70.33000183105469,74.4800033569336,59.81999969482422,67.6500015258789,0
772,2008-10-24,79.12999725341797,79.12999725341797,89.52999877929688,67.80000305175781,67.80000305175781,0
773,2008-10-31,59.88999938964844,59.88999938964844,65.8499984741211,56.72999954223633,62.93000030517578,0
774,2008-11-07,56.09999847412109,56.09999847412109,63.68000030517578,56.02999877929688,63.68000030517578,0
775,2008-11-14,66.30999755859375,66.30999755859375,66.30999755859375,59.75,62.59999847412109,0
776,2008-11-21,72.66999816894531,72.66999816894531,80.73999786376953,71.62999725341797,80.73999786376953,0
777,2008-11-28,55.27999877929688,55.27999877929688,56.81999969482422,50.5,56.02000045776367,0
778,2008-12-05,59.93000030517578,59.93000030517578,66.54000091552734,59.2599983215332,63.63999938964844,0
779,2008-12-12,54.27999877929688,54.27999877929688,58.84000015258789,54.2599983215332,55.77999877929688,0
780,2008-12-19,44.93000030517578,44.93000030517578,46.0099983215332,41.290000915527344,46.0099983215332,0
781,2008-12-26,43.380001068115234,43.380001068115234,44.36000061035156,42.91999816894531,44.27000045776367,0
782,2009-01-02,39.18999862670898,39.18999862670898,39.81999969482422,36.880001068115234,39.58000183105469,0
783,2009-01-09,42.81999969482422,42.81999969482422,43.130001068115234,41.04999923706055,41.18000030517578,0
784,2009-01-16,46.11000061035156,46.11000061035156,51.0,45.959999084472656,51.0,0
785,2009-01-23,47.27000045776367,47.27000045776367,51.11000061035156,46.43000030517578,50.38999938964844,0
786,2009-01-30,44.84000015258789,44.84000015258789,45.52999877929688,42.09000015258789,42.630001068115234,0
787,2009-02-06,43.369998931884766,43.369998931884766,43.709999084472656,41.20000076293945,43.709999084472656,0
788,2009-02-13,42.93000030517578,42.93000030517578,43.02000045776367,40.72999954223633,41.59999847412109,0
789,2009-02-20,49.29999923706055,49.29999923706055,52.040000915527344,47.08000183105469,47.08000183105469,0
790,2009-02-27,46.34999847412109,46.34999847412109,47.34000015258789,44.459999084472656,44.65999984741211,0
791,2009-03-06,49.33000183105469,49.33000183105469,51.95000076293945,47.650001525878906,50.16999816894531,0
792,2009-03-13,42.36000061035156,42.36000061035156,43.52000045776367,40.02999877929688,40.9900016784668,0
793,2009-03-20,45.88999938964844,45.88999938964844,47.630001068115234,43.06999969482422,43.59999847412109,0
794,2009-03-27,41.040000915527344,41.040000915527344,42.130001068115234,40.36000061035156,40.36000061035156,0
795,2009-04-03,39.70000076293945,39.70000076293945,42.02999877929688,39.63999938964844,42.02999877929688,0
796,2009-04-10,36.52999877929688,36.52999877929688,37.7400016784668,36.52999877929688,37.220001220703125,0
797,2009-04-17,33.939998626708984,33.939998626708984,35.52000045776367,33.68000030517578,35.36000061035156,0
798,2009-04-24,36.81999969482422,36.81999969482422,37.52999877929688,36.369998931884766,36.86000061035156,0
799,2009-05-01,35.29999923706055,35.29999923706055,36.880001068115234,34.880001068115234,36.5,0
800,2009-05-08,32.04999923706055,32.04999923706055,32.720001220703125,31.190000534057617,32.36000061035156,0
801,2009-05-15,33.119998931884766,33.119998931884766,33.61000061035156,30.59000015258789,31.36000061035156,0
802,2009-05-22,32.630001068115234,32.630001068115234,32.709999084472656,30.56999969482422,31.36000061035156,0
803,2009-05-29,28.920000076293945,28.920000076293945,31.670000076293945,28.850000381469727,31.670000076293945,0
804,2009-06-05,29.6200008392334,29.6200008392334,30.809999465942383,28.850000381469727,29.38999938964844,0
805,2009-06-12,28.149999618530277,28.149999618530277,28.5,27.729999542236328,28.07999992370605,0
806,2009-06-19,27.989999771118164,27.989999771118164,29.31999969482422,27.559999465942383,29.15999984741211,0
807,2009-06-26,25.93000030517578,25.93000030517578,27.21999931335449,25.76000022888184,27.09000015258789,0
808,2009-07-03,27.950000762939453,27.950000762939453,28.6200008392334,26.21999931335449,26.21999931335449,0
809,2009-07-10,29.020000457763672,29.020000457763672,30.34000015258789,28.81999969482422,29.780000686645508,0
810,2009-07-17,24.34000015258789,24.34000015258789,25.549999237060547,23.8799991607666,25.420000076293945,0
811,2009-07-24,23.09000015258789,23.09000015258789,23.8700008392334,23.0,23.8700008392334,0
812,2009-07-31,25.920000076293945,25.920000076293945,26.21999931335449,24.93000030517578,25.399999618530277,0
813,2009-08-07,24.76000022888184,24.76000022888184,24.950000762939453,23.979999542236328,24.709999084472656,0
814,2009-08-14,24.270000457763672,24.270000457763672,25.940000534057617,24.26000022888184,24.770000457763672,0
815,2009-08-21,25.01000022888184,25.01000022888184,25.059999465942383,23.90999984741211,24.489999771118164,0
816,2009-08-28,24.76000022888184,24.76000022888184,25.5,24.280000686645508,24.440000534057617,0
817,2009-09-04,25.26000022888184,25.26000022888184,26.979999542236328,24.86000061035156,26.979999542236328,0
818,2009-09-11,24.149999618530277,24.149999618530277,24.32999992370605,22.479999542236328,23.489999771118164,0
819,2009-09-18,23.920000076293945,23.920000076293945,24.43000030517578,23.13999938964844,23.649999618530277,0
820,2009-09-25,25.61000061035156,25.61000061035156,26.34000015258789,24.809999465942383,25.18000030517578,0
821,2009-10-02,28.68000030517578,28.68000030517578,29.559999465942383,27.979999542236328,29.34000015258789,0
822,2009-10-09,23.1200008392334,23.1200008392334,24.540000915527344,22.989999771118164,24.38999938964844,0
823,2009-10-16,21.43000030517578,21.43000030517578,22.600000381469727,20.979999542236328,21.71999931335449,0
824,2009-10-23,22.270000457763672,22.270000457763672,22.59000015258789,20.34000015258789,20.700000762939453,0
825,2009-10-30,30.690000534057617,30.690000534057617,31.59000015258789,24.76000022888184,24.76000022888184,0
826,2009-11-06,24.190000534057617,24.190000534057617,26.170000076293945,24.059999465942383,26.170000076293945,0
827,2009-11-13,23.36000061035156,23.36000061035156,24.43000030517578,23.21999931335449,24.25,0
828,2009-11-20,22.190000534057617,22.190000534057617,23.450000762939453,22.13999938964844,23.450000762939453,0
829,2009-11-27,24.739999771118164,24.739999771118164,25.93000030517578,23.1200008392334,25.75,0
830,2009-12-04,21.25,21.25,22.76000022888184,20.6200008392334,21.18000030517578,0
831,2009-12-11,21.59000015258789,21.59000015258789,22.309999465942383,21.38999938964844,21.450000762939453,0
832,2009-12-18,21.68000030517578,21.68000030517578,23.020000457763672,21.68000030517578,21.84000015258789,0
833,2009-12-25,19.46999931335449,19.46999931335449,19.670000076293945,19.25,19.670000076293945,0
834,2010-01-01,21.68000030517578,21.68000030517578,21.82999992370605,19.88999938964844,19.959999084472656,0
835,2010-01-08,18.1299991607666,18.1299991607666,19.270000457763672,18.11000061035156,19.270000457763672,0
836,2010-01-15,17.90999984741211,17.90999984741211,19.020000457763672,17.6299991607666,17.6299991607666,0
837,2010-01-22,27.309999465942383,27.309999465942383,28.01000022888184,22.270000457763672,22.270000457763672,0
838,2010-01-29,24.6200008392334,24.6200008392334,25.030000686645508,22.11000061035156,23.729999542236328,0
839,2010-02-05,26.11000061035156,26.11000061035156,29.21999931335449,25.3700008392334,25.690000534057617,0
840,2010-02-12,22.729999542236328,22.729999542236328,25.540000915527344,22.729999542236328,23.959999084472656,0
841,2010-02-19,20.020000457763672,20.020000457763672,21.13999938964844,19.709999084472656,21.06999969482422,0
842,2010-02-26,19.5,19.5,20.530000686645508,19.31999969482422,19.8799991607666,0
843,2010-03-05,17.420000076293945,17.420000076293945,18.149999618530277,17.229999542236328,18.059999465942383,0
844,2010-03-12,17.579999923706055,17.579999923706055,18.530000686645508,17.579999923706055,17.969999313354492,0
845,2010-03-19,16.969999313354492,16.969999313354492,17.56999969482422,16.170000076293945,16.170000076293945,0
846,2010-03-26,17.770000457763672,17.770000457763672,18.690000534057617,17.350000381469727,18.270000457763672,0
847,2010-04-02,17.469999313354492,17.469999313354492,18.09000015258789,16.790000915527344,17.010000228881836,0
848,2010-04-09,16.139999389648438,16.139999389648438,16.649999618530273,16.059999465942383,16.31999969482422,0
849,2010-04-16,18.36000061035156,18.36000061035156,19.700000762939453,16.110000610351562,16.190000534057617,0
850,2010-04-23,16.6200008392334,16.6200008392334,16.709999084472656,16.1200008392334,16.6200008392334,0
851,2010-04-30,22.049999237060547,22.049999237060547,22.38999938964844,18.40999984741211,18.75,0
852,2010-05-07,40.95000076293945,40.95000076293945,42.150001525878906,31.709999084472656,32.7599983215332,0
853,2010-05-14,31.239999771118164,31.239999771118164,33.2400016784668,28.399999618530277,28.399999618530277,0
854,2010-05-21,40.09999847412109,40.09999847412109,48.20000076293945,38.95000076293945,47.65999984741211,0
855,2010-05-28,32.06999969482422,32.06999969482422,33.29999923706055,29.530000686645508,30.229999542236328,0
856,2010-06-04,35.47999954223633,35.47999954223633,36.119998931884766,31.809999465942383,32.93000030517578,0
857,2010-06-11,28.790000915527344,28.790000915527344,31.790000915527344,28.600000381469727,31.790000915527344,0
858,2010-06-18,23.950000762939453,23.950000762939453,24.8799991607666,23.299999237060547,24.8700008392334,0
859,2010-06-25,28.530000686645508,28.530000686645508,30.40999984741211,28.06999969482422,29.63999938964844,0
860,2010-07-02,30.1200008392334,30.1200008392334,31.8799991607666,29.350000381469727,31.709999084472656,0
861,2010-07-09,24.979999542236328,24.979999542236328,25.670000076293945,24.3700008392334,25.350000381469727,0
862,2010-07-16,26.25,26.25,28.15999984741211,25.709999084472656,25.770000457763672,0
863,2010-07-23,23.46999931335449,23.46999931335449,25.170000076293945,23.31999969482422,24.790000915527344,0
864,2010-07-30,23.5,23.5,27.31999969482422,23.350000381469727,25.46999931335449,0
865,2010-08-06,21.739999771118164,21.739999771118164,23.88999938964844,21.71999931335449,23.34000015258789,0
866,2010-08-13,26.239999771118164,26.239999771118164,26.26000022888184,25.450000762939453,26.07999992370605,0
867,2010-08-20,25.489999771118164,25.489999771118164,27.0,25.489999771118164,26.729999542236328,0
868,2010-08-27,24.450000762939453,24.450000762939453,28.11000061035156,24.40999984741211,26.5,0
869,2010-09-03,21.309999465942383,21.309999465942383,22.780000686645508,21.239999771118164,21.989999771118164,0
870,2010-09-10,21.989999771118164,21.989999771118164,22.8700008392334,21.76000022888184,22.63999938964844,0
871,2010-09-17,22.01000022888184,22.01000022888184,22.559999465942383,21.6299991607666,21.649999618530277,0
872,2010-09-24,21.709999084472656,21.709999084472656,22.61000061035156,21.709999084472656,22.61000061035156,0
873,2010-10-01,22.5,22.5,23.670000076293945,22.459999084472656,22.899999618530277,0
874,2010-10-08,20.709999084472656,20.709999084472656,21.63999938964844,20.290000915527344,21.57999992370605,0
875,2010-10-15,19.030000686645508,19.030000686645508,21.59000015258789,19.020000457763672,20.200000762939453,0
876,2010-10-22,18.780000686645508,18.780000686645508,19.36000061035156,18.76000022888184,19.36000061035156,0
877,2010-10-29,21.200000762939453,21.200000762939453,21.399999618530277,20.86000061035156,21.200000762939453,0
878,2010-11-05,18.26000022888184,18.26000022888184,18.440000534057617,17.920000076293945,18.06999969482422,0
879,2010-11-12,20.61000061035156,20.61000061035156,21.229999542236328,19.290000915527344,19.59000015258789,0
880,2010-11-19,18.040000915527344,18.040000915527344,19.71999931335449,17.760000228881836,19.149999618530277,0
881,2010-11-26,22.21999931335449,22.21999931335449,22.21999931335449,20.280000686645508,21.170000076293945,0
882,2010-12-03,18.010000228881836,18.010000228881836,19.280000686645508,17.709999084472656,19.26000022888184,0
883,2010-12-10,17.610000610351562,17.610000610351562,17.6299991607666,17.059999465942383,17.059999465942383,0
884,2010-12-17,16.110000610351562,16.110000610351562,17.639999389648438,15.460000038146973,17.6200008392334,0
885,2010-12-24,16.469999313354492,16.469999313354492,16.860000610351562,15.399999618530272,15.4399995803833,0
886,2010-12-31,17.75,17.75,18.1299991607666,17.75,17.90999984741211,0
887,2011-01-07,17.139999389648438,17.139999389648438,18.06999969482422,16.56999969482422,17.309999465942383,0
888,2011-01-14,15.460000038146973,15.460000038146973,16.709999084472656,15.369999885559082,16.670000076293945,0
889,2011-01-21,18.46999931335449,18.46999931335449,18.61000061035156,16.600000381469727,17.030000686645508,0
890,2011-01-28,20.040000915527344,20.040000915527344,20.07999992370605,15.920000076293944,15.9399995803833,0
891,2011-02-04,15.93000030517578,15.93000030517578,16.739999771118164,15.890000343322754,16.639999389648438,0
892,2011-02-11,15.6899995803833,15.6899995803833,16.530000686645508,15.550000190734863,16.530000686645508,0
893,2011-02-18,16.43000030517578,16.43000030517578,16.90999984741211,15.539999961853027,16.59000015258789,0
894,2011-02-25,19.21999931335449,19.21999931335449,20.440000534057617,18.8799991607666,20.40999984741211,0
895,2011-03-04,19.059999465942383,19.059999465942383,20.32999992370605,18.309999465942383,18.559999465942383,0
896,2011-03-11,20.07999992370605,20.07999992370605,21.75,19.96999931335449,21.71999931335449,0
897,2011-03-18,24.440000534057617,24.440000534057617,24.850000381469727,23.09000015258789,23.899999618530277,0
898,2011-03-25,17.90999984741211,17.90999984741211,18.07999992370605,17.06999969482422,17.8700008392334,0
899,2011-04-01,17.399999618530273,17.399999618530273,17.6200008392334,16.440000534057617,16.68000030517578,0
900,2011-04-08,17.8700008392334,17.8700008392334,18.32999992370605,16.510000228881836,16.510000228881836,0
901,2011-04-15,15.31999969482422,15.31999969482422,15.979999542236328,14.920000076293944,15.970000267028809,0
902,2011-04-22,14.6899995803833,14.6899995803833,15.229999542236328,14.399999618530272,14.710000038146973,0
903,2011-04-29,14.75,14.75,14.989999771118164,14.489999771118164,14.5600004196167,0
904,2011-05-06,18.399999618530277,18.399999618530277,19.290000915527344,16.1200008392334,17.170000076293945,0
905,2011-05-13,17.06999969482422,17.06999969482422,17.559999465942383,15.979999542236328,16.020000457763672,0
906,2011-05-20,17.43000030517578,17.43000030517578,17.43000030517578,15.699999809265137,15.880000114440918,0
907,2011-05-27,15.979999542236328,15.979999542236328,16.270000457763672,15.359999656677246,16.110000610351562,0
908,2011-06-03,17.950000762939453,17.950000762939453,19.8700008392334,17.1200008392334,18.229999542236328,0
909,2011-06-10,18.86000061035156,18.86000061035156,19.15999984741211,17.93000030517578,17.93000030517578,0
910,2011-06-17,21.850000381469727,21.850000381469727,22.38999938964844,20.350000381469727,21.559999465942383,0
911,2011-06-24,21.100000381469727,21.100000381469727,21.280000686645508,19.100000381469727,19.200000762939453,0
912,2011-07-01,15.869999885559082,15.869999885559082,16.290000915527344,15.119999885559082,16.059999465942383,0
913,2011-07-08,15.949999809265137,15.949999809265137,17.139999389648438,15.949999809265137,17.139999389648438,0
914,2011-07-15,19.530000686645508,19.530000686645508,21.68000030517578,19.520000457763672,20.25,0
915,2011-07-22,17.520000457763672,17.520000457763672,17.950000762939453,17.139999389648438,17.219999313354492,0
916,2011-07-29,25.25,25.25,25.940000534057617,23.649999618530277,25.280000686645508,0
917,2011-08-05,32.0,32.0,39.25,27.540000915527344,28.479999542236328,0
918,2011-08-12,36.36000061035156,36.36000061035156,37.84999847412109,34.0099983215332,37.08000183105469,0
919,2011-08-19,43.04999923706055,43.04999923706055,45.400001525878906,39.9900016784668,45.34000015258789,0
920,2011-08-26,35.59000015258789,35.59000015258789,43.84000015258789,34.33000183105469,41.18000030517578,0
921,2011-09-02,33.91999816894531,33.91999816894531,34.7400016784668,32.70000076293945,34.290000915527344,0
922,2011-09-09,38.52000045776367,38.52000045776367,40.7400016784668,35.529998779296875,35.529998779296875,0
923,2011-09-16,30.979999542236328,30.979999542236328,32.47999954223633,30.43000030517578,31.809999465942383,0
924,2011-09-23,41.25,41.25,42.81999969482422,40.41999816894531,42.16999816894531,0
925,2011-09-30,42.959999084472656,42.959999084472656,42.9900016784668,39.880001068115234,40.93000030517578,0
926,2011-10-07,36.20000076293945,36.20000076293945,37.81999969482422,35.189998626708984,35.66999816894531,0
927,2011-10-14,28.239999771118164,28.239999771118164,29.959999084472656,28.07999992370605,29.06999969482422,0
928,2011-10-21,31.31999969482422,31.31999969482422,32.97999954223633,31.31999969482422,32.7599983215332,0
929,2011-10-28,24.530000686645508,24.530000686645508,26.020000457763672,24.440000534057617,26.020000457763672,0
930,2011-11-04,30.15999984741211,30.15999984741211,32.560001373291016,30.13999938964844,31.459999084472656,0
931,2011-11-11,30.040000915527344,30.040000915527344,30.420000076293945,29.450000762939453,29.90999984741211,0
932,2011-11-18,32.0,32.0,33.9900016784668,31.920000076293945,33.15999984741211,0
933,2011-11-25,34.470001220703125,34.470001220703125,34.77000045776367,33.119998931884766,34.61000061035156,0
934,2011-12-02,27.520000457763672,27.520000457763672,27.6200008392334,25.290000915527344,26.26000022888184,0
935,2011-12-09,26.3799991607666,26.3799991607666,29.61000061035156,26.290000915527344,29.61000061035156,0
936,2011-12-16,24.290000915527344,24.290000915527344,25.020000457763672,23.51000022888184,24.15999984741211,0
937,2011-12-23,20.729999542236328,20.729999542236328,21.209999084472656,20.71999931335449,21.100000381469727,0
938,2011-12-30,23.399999618530277,23.399999618530277,23.459999084472656,22.649999618530277,22.86000061035156,0
939,2012-01-06,20.6299991607666,20.6299991607666,21.71999931335449,20.57999992370605,21.239999771118164,0
940,2012-01-13,20.90999984741211,20.90999984741211,22.43000030517578,20.90999984741211,21.40999984741211,0
941,2012-01-20,18.280000686645508,18.280000686645508,19.940000534057617,18.15999984741211,19.90999984741211,0
942,2012-01-27,18.530000686645508,18.530000686645508,19.15999984741211,18.26000022888184,19.15999984741211,0
943,2012-02-03,17.100000381469727,17.100000381469727,17.31999969482422,16.100000381469727,16.84000015258789,0
944,2012-02-10,20.790000915527344,20.790000915527344,21.979999542236328,19.020000457763672,20.100000381469727,0
945,2012-02-17,17.780000686645508,17.780000686645508,18.790000915527344,17.540000915527344,18.729999542236328,0
946,2012-02-24,17.309999465942383,17.309999465942383,17.6200008392334,16.420000076293945,16.68000030517578,0
947,2012-03-02,17.290000915527344,17.290000915527344,17.649999618530273,17.139999389648438,17.649999618530273,0
948,2012-03-09,17.110000610351562,17.110000610351562,17.540000915527344,16.6299991607666,17.15999984741211,0
949,2012-03-16,14.470000267028809,14.470000267028809,15.239999771118164,13.65999984741211,14.43000030517578,0
950,2012-03-23,14.81999969482422,14.81999969482422,16.389999389648438,14.6899995803833,15.649999618530272,0
951,2012-03-30,15.5,15.5,15.979999542236328,14.670000076293944,14.880000114440918,0
952,2012-04-06,16.700000762939453,16.700000762939453,17.1299991607666,16.290000915527344,17.020000457763672,0
953,2012-04-13,19.549999237060547,19.549999237060547,19.6200008392334,17.850000381469727,17.950000762939453,0
954,2012-04-20,17.440000534057617,17.440000534057617,18.049999237060547,16.969999313354492,17.920000076293945,0
955,2012-04-27,16.31999969482422,16.31999969482422,16.469999313354492,15.829999923706056,15.829999923706056,0
956,2012-05-04,19.15999984741211,19.15999984741211,19.280000686645508,17.809999465942383,18.030000686645508,0
957,2012-05-11,19.88999938964844,19.88999938964844,19.940000534057617,18.6200008392334,19.93000030517578,0
958,2012-05-18,25.100000381469727,25.100000381469727,25.13999938964844,23.06999969482422,23.270000457763672,0
959,2012-05-25,21.76000022888184,21.76000022888184,22.290000915527344,21.299999237060547,22.049999237060547,0
960,2012-06-01,26.65999984741211,26.65999984741211,26.709999084472656,23.940000534057617,25.8700008392334,0
961,2012-06-08,21.229999542236328,21.229999542236328,23.100000381469727,20.290000915527344,22.540000915527344,0
962,2012-06-15,21.11000061035156,21.11000061035156,23.09000015258789,20.61000061035156,22.46999931335449,0
963,2012-06-22,18.11000061035156,18.11000061035156,19.3700008392334,17.899999618530273,18.649999618530277,0
964,2012-06-29,17.079999923706055,17.079999923706055,19.709999084472656,16.8700008392334,17.520000457763672,0
965,2012-07-06,17.100000381469727,17.100000381469727,18.25,16.950000762939453,18.200000762939453,0
966,2012-07-13,16.739999771118164,16.739999771118164,17.81999969482422,16.360000610351562,17.780000686645508,0
967,2012-07-20,16.270000457763672,16.270000457763672,17.049999237060547,15.970000267028809,16.649999618530273,0
968,2012-07-27,16.700000762939453,16.700000762939453,17.299999237060547,16.520000457763672,17.110000610351562,0
969,2012-08-03,15.640000343322754,15.640000343322754,16.450000762939453,15.640000343322754,16.049999237060547,0
970,2012-08-10,14.739999771118164,14.739999771118164,15.5,14.729999542236328,15.34000015258789,0
971,2012-08-17,13.449999809265137,13.449999809265137,14.300000190734863,13.300000190734863,14.229999542236328,0
972,2012-08-24,15.18000030517578,15.18000030517578,16.0,15.18000030517578,15.989999771118164,0
973,2012-08-31,17.469999313354492,17.469999313354492,18.040000915527344,16.559999465942383,17.25,0
974,2012-09-07,14.380000114440918,14.380000114440918,15.600000381469728,14.329999923706056,15.600000381469728,0
975,2012-09-14,14.510000228881836,14.510000228881836,14.710000038146973,13.510000228881836,13.81999969482422,0
976,2012-09-21,13.979999542236328,13.979999542236328,14.18000030517578,13.6899995803833,13.9399995803833,0
977,2012-09-28,15.729999542236328,15.729999542236328,15.770000457763672,14.949999809265137,15.229999542236328,0
978,2012-10-05,14.329999923706056,14.329999923706056,14.779999732971191,13.670000076293944,13.68000030517578,0
979,2012-10-12,16.139999389648438,16.139999389648438,16.18000030517578,14.960000038146973,15.40999984741211,0
980,2012-10-19,17.059999465942383,17.059999465942383,17.600000381469727,14.899999618530272,14.90999984741211,0
981,2012-10-26,17.809999465942383,17.809999465942383,18.63999938964844,17.520000457763672,18.030000686645508,0
982,2012-11-02,17.59000015258789,17.59000015258789,17.600000381469727,16.049999237060547,16.059999465942383,0
983,2012-11-09,18.61000061035156,18.61000061035156,18.809999465942383,17.670000076293945,18.799999237060547,0
984,2012-11-16,16.40999984741211,16.40999984741211,18.5,16.40999984741211,17.649999618530273,0
985,2012-11-23,15.140000343322754,15.140000343322754,15.260000228881836,15.0,15.0,0
986,2012-11-30,15.869999885559082,15.869999885559082,16.170000076293945,14.890000343322754,15.260000228881836,0
987,2012-12-07,15.899999618530272,15.899999618530272,16.649999618530273,15.729999542236328,16.1200008392334,0
988,2012-12-14,17.0,17.0,17.149999618530273,16.610000610351562,16.68000030517578,0
989,2012-12-21,17.84000015258789,17.84000015258789,19.93000030517578,17.760000228881836,19.850000381469727,0
990,2012-12-28,22.71999931335449,22.71999931335449,23.229999542236328,19.940000534057617,20.31999969482422,0
991,2013-01-04,13.829999923706056,13.829999923706056,14.3100004196167,13.640000343322754,14.229999542236328,0
992,2013-01-11,13.359999656677246,13.359999656677246,13.789999961853027,13.220000267028809,13.550000190734863,0
993,2013-01-18,12.460000038146973,12.460000038146973,13.529999732971191,12.289999961853027,13.520000457763672,0
994,2013-01-25,12.890000343322754,12.890000343322754,12.989999771118164,12.5,12.630000114440918,0
995,2013-02-01,12.899999618530272,12.899999618530272,13.380000114440918,12.720000267028809,13.369999885559082,0
996,2013-02-08,13.020000457763672,13.020000457763672,13.199999809265137,12.890000343322754,13.199999809265137,0
997,2013-02-15,12.460000038146973,12.460000038146973,12.890000343322754,12.239999771118164,12.470000267028809,0
998,2013-02-22,14.170000076293944,14.170000076293944,15.020000457763672,14.15999984741211,14.600000381469728,0
999,2013-03-01,15.359999656677246,15.359999656677246,16.81999969482422,15.140000343322754,16.100000381469727,0
1000,2013-03-08,12.59000015258789,12.59000015258789,13.300000190734863,12.489999771118164,12.670000076293944,0
1001,2013-03-15,11.300000190734863,11.300000190734863,11.989999771118164,11.210000038146973,11.520000457763672,0
1002,2013-03-22,13.56999969482422,13.56999969482422,13.850000381469728,13.1899995803833,13.34000015258789,0
1003,2013-03-29,12.699999809265137,12.699999809265137,13.06999969482422,12.539999961853027,12.90999984741211,0
1004,2013-04-05,13.920000076293944,13.920000076293944,15.649999618530272,13.859999656677246,15.640000343322754,0
1005,2013-04-12,12.0600004196167,12.0600004196167,13.119999885559082,11.989999771118164,12.609999656677246,0
1006,2013-04-19,14.970000267028809,14.970000267028809,16.979999542236328,14.869999885559082,16.670000076293945,0
1007,2013-04-26,13.609999656677246,13.609999656677246,14.18000030517578,13.489999771118164,13.9399995803833,0
1008,2013-05-03,12.850000381469728,12.850000381469728,13.149999618530272,12.770000457763672,12.920000076293944,0
1009,2013-05-10,12.59000015258789,12.59000015258789,13.449999809265137,12.539999961853027,13.079999923706056,0
1010,2013-05-17,12.449999809265137,12.449999809265137,12.9399995803833,12.260000228881836,12.729999542236328,0
1011,2013-05-24,13.989999771118164,13.989999771118164,14.789999961853027,13.989999771118164,14.59000015258789,0
1012,2013-05-31,16.299999237060547,16.299999237060547,16.350000381469727,14.359999656677246,15.020000457763672,0
1013,2013-06-07,15.140000343322754,15.140000343322754,16.209999084472656,14.960000038146973,15.899999618530272,0
1014,2013-06-14,17.149999618530273,17.149999618530273,17.260000228881836,16.030000686645508,16.6299991607666,0
1015,2013-06-21,18.899999618530277,18.899999618530277,20.93000030517578,18.25,18.96999931335449,0
1016,2013-06-28,16.860000610351562,16.860000610351562,17.690000534057617,16.190000534057617,17.25,0
1017,2013-07-05,14.890000343322754,14.890000343322754,16.280000686645508,14.890000343322754,15.59000015258789,0
1018,2013-07-12,13.84000015258789,13.84000015258789,14.039999961853027,13.739999771118164,13.899999618530272,0
1019,2013-07-19,12.539999961853027,12.539999961853027,13.970000267028809,12.539999961853027,13.890000343322754,0
1020,2013-07-26,12.720000267028809,12.720000267028809,13.729999542236328,12.710000038146973,13.40999984741211,0
1021,2013-08-02,11.979999542236328,11.979999542236328,12.739999771118164,11.979999542236328,12.65999984741211,0
1022,2013-08-09,13.40999984741211,13.40999984741211,13.65999984741211,12.710000038146973,12.880000114440918,0
1023,2013-08-16,14.369999885559082,14.369999885559082,14.880000114440918,13.619999885559082,14.5600004196167,0
1024,2013-08-23,13.979999542236328,13.979999542236328,14.81999969482422,13.979999542236328,14.289999961853027,0
1025,2013-08-30,17.010000228881836,17.010000228881836,17.809999465942383,16.700000762939453,16.75,0
1026,2013-09-06,15.850000381469728,15.850000381469728,16.809999465942383,15.170000076293944,15.350000381469728,0
1027,2013-09-13,14.15999984741211,14.15999984741211,14.550000190734863,14.109999656677246,14.270000457763672,0
1028,2013-09-20,13.119999885559082,13.119999885559082,13.470000267028809,12.520000457763672,13.300000190734863,0
1029,2013-09-27,15.460000038146973,15.460000038146973,15.789999961853027,14.619999885559082,14.619999885559082,0
1030,2013-10-04,16.739999771118164,16.739999771118164,17.8700008392334,16.65999984741211,17.719999313354492,0
1031,2013-10-11,15.720000267028809,15.720000267028809,16.3799991607666,15.460000038146973,16.309999465942383,0
1032,2013-10-18,13.039999961853027,13.039999961853027,13.529999732971191,12.34000015258789,12.859999656677246,0
1033,2013-10-25,13.09000015258789,13.09000015258789,13.4399995803833,13.079999923706056,13.15999984741211,0
1034,2013-11-01,13.279999732971191,13.279999732971191,13.920000076293944,13.220000267028809,13.460000038146973,0
1035,2013-11-08,12.899999618530272,12.899999618530272,13.800000190734863,12.84000015258789,13.760000228881836,0
1036,2013-11-15,12.1899995803833,12.1899995803833,12.449999809265137,11.989999771118164,12.119999885559082,0
1037,2013-11-22,12.260000228881836,12.260000228881836,12.90999984741211,12.239999771118164,12.6899995803833,0
1038,2013-11-29,13.699999809265137,13.699999809265137,13.779999732971191,12.93000030517578,13.0600004196167,0
1039,2013-12-06,13.789999961853027,13.789999961853027,14.09000015258789,13.619999885559082,13.970000267028809,0
1040,2013-12-13,15.760000228881836,15.760000228881836,15.800000190734863,15.0600004196167,15.170000076293944,0
1041,2013-12-20,13.789999961853027,13.789999961853027,13.869999885559082,13.119999885559082,13.609999656677246,0
1042,2013-12-27,12.460000038146973,12.460000038146973,12.59000015258789,12.199999809265137,12.210000038146973,0
1043,2014-01-03,13.760000228881836,13.760000228881836,14.220000267028809,13.56999969482422,14.0600004196167,0
1044,2014-01-10,12.140000343322754,12.140000343322754,12.899999618530272,12.140000343322754,12.600000381469728,0
1045,2014-01-17,12.4399995803833,12.4399995803833,12.93000030517578,12.039999961853027,12.34000015258789,0
1046,2014-01-24,18.13999938964844,18.13999938964844,18.13999938964844,14.920000076293944,14.949999809265137,0
1047,2014-01-31,18.40999984741211,18.40999984741211,18.989999771118164,17.270000457763672,18.709999084472656,0
1048,2014-02-07,15.289999961853027,15.289999961853027,16.309999465942383,15.09000015258789,16.149999618530273,0
1049,2014-02-14,13.56999969482422,13.56999969482422,14.220000267028809,13.4399995803833,14.210000038146973,0
1050,2014-02-21,14.68000030517578,14.68000030517578,14.789999961853027,14.1899995803833,14.739999771118164,0
1051,2014-02-28,14.0,14.0,14.789999961853027,13.489999771118164,14.220000267028809,0
1052,2014-03-07,14.109999656677246,14.109999656677246,14.43000030517578,13.510000228881836,13.510000228881836,0
1053,2014-03-14,17.81999969482422,17.81999969482422,18.21999931335449,16.09000015258789,16.739999771118164,0
1054,2014-03-21,15.0,15.0,15.170000076293944,13.770000457763672,13.960000038146973,0
1055,2014-03-28,14.40999984741211,14.40999984741211,14.859999656677246,13.729999542236328,14.149999618530272,0
1056,2014-04-04,13.960000038146973,13.960000038146973,14.550000190734863,12.600000381469728,12.880000114440918,0
1057,2014-04-11,17.030000686645508,17.030000686645508,17.850000381469727,15.890000343322754,16.65999984741211,0
1058,2014-04-18,13.359999656677246,13.359999656677246,14.170000076293944,13.06999969482422,14.09000015258789,0
1059,2014-04-25,14.0600004196167,14.0600004196167,14.670000076293944,13.90999984741211,13.93000030517578,0
1060,2014-05-02,12.90999984741211,12.90999984741211,13.5,12.829999923706056,13.149999618530272,0
1061,2014-05-09,12.920000076293944,12.920000076293944,14.029999732971191,12.869999885559082,13.550000190734863,0
1062,2014-05-16,12.4399995803833,12.4399995803833,13.65999984741211,12.260000228881836,13.3100004196167,0
1063,2014-05-23,11.359999656677246,11.359999656677246,11.970000267028809,11.359999656677246,11.960000038146973,0
1064,2014-05-30,11.399999618530272,11.399999618530272,11.699999809265137,11.31999969482422,11.65999984741211,0
1065,2014-06-06,10.729999542236328,10.729999542236328,11.390000343322754,10.729999542236328,11.31999969482422,0
1066,2014-06-13,12.18000030517578,12.18000030517578,12.6899995803833,11.890000343322754,12.449999809265137,0
1067,2014-06-20,10.850000381469728,10.850000381469728,11.020000457763672,10.34000015258789,10.399999618530272,0
1068,2014-06-27,11.260000228881836,11.260000228881836,12.039999961853027,11.1899995803833,11.720000267028809,0
1069,2014-07-04,10.31999969482422,10.31999969482422,10.760000228881836,10.279999732971191,10.470000267028809,0
1070,2014-07-11,12.079999923706056,12.079999923706056,12.68000030517578,12.06999969482422,12.5,0
1071,2014-07-18,12.0600004196167,12.0600004196167,13.550000190734863,12.039999961853027,13.34000015258789,0
1072,2014-07-25,12.6899995803833,12.6899995803833,12.75,12.029999732971191,12.029999732971191,0
1073,2014-08-01,17.030000686645508,17.030000686645508,17.56999969482422,15.520000457763672,16.670000076293945,0
1074,2014-08-08,15.770000457763672,15.770000457763672,17.09000015258789,15.529999732971191,16.43000030517578,0
1075,2014-08-15,13.149999618530272,13.149999618530272,14.9399995803833,11.890000343322754,11.90999984741211,0
1076,2014-08-22,11.470000267028809,11.470000267028809,12.479999542236328,11.470000267028809,11.880000114440918,0
1077,2014-08-29,12.09000015258789,12.09000015258789,12.4399995803833,11.779999732971191,11.859999656677246,0
1078,2014-09-05,12.09000015258789,12.09000015258789,13.18000030517578,11.960000038146973,12.369999885559082,0
1079,2014-09-12,13.3100004196167,13.3100004196167,14.270000457763672,12.850000381469728,12.850000381469728,0
1080,2014-09-19,12.109999656677246,12.109999656677246,12.609999656677246,11.520000457763672,11.729999542236328,0
1081,2014-09-26,14.850000381469728,14.850000381469728,15.979999542236328,14.3100004196167,15.770000457763672,0
1082,2014-10-03,14.550000190734863,14.550000190734863,15.43000030517578,14.4399995803833,15.15999984741211,0
1083,2014-10-10,21.239999771118164,21.239999771118164,22.059999465942383,18.13999938964844,19.11000061035156,0
1084,2014-10-17,21.989999771118164,21.989999771118164,23.07999992370605,20.229999542236328,21.68000030517578,0
1085,2014-10-24,16.110000610351562,16.110000610351562,18.059999465942383,16.09000015258789,16.43000030517578,0
1086,2014-10-31,14.029999732971191,14.029999732971191,14.829999923706056,13.720000267028809,13.84000015258789,0
1087,2014-11-07,13.119999885559082,13.119999885559082,14.15999984741211,13.010000228881836,13.710000038146973,0
1088,2014-11-14,13.3100004196167,13.3100004196167,14.149999618530272,13.3100004196167,13.789999961853027,0
1089,2014-11-21,12.899999618530272,12.899999618530272,13.800000190734863,12.899999618530272,13.15999984741211,0
1090,2014-11-28,13.329999923706056,13.329999923706056,13.489999771118164,12.359999656677246,12.640000343322754,0
1091,2014-12-05,11.890000343322754,11.890000343322754,12.279999732971191,11.529999732971191,12.079999923706056,0
1092,2014-12-12,21.07999992370605,21.07999992370605,23.059999465942383,18.34000015258789,20.51000022888184,0
1093,2014-12-19,16.489999771118164,16.489999771118164,17.200000762939453,16.110000610351562,16.56999969482422,0
1094,2014-12-26,14.5,14.5,14.84000015258789,14.130000114440918,14.600000381469728,0
1095,2015-01-02,17.790000915527344,17.790000915527344,20.13999938964844,17.049999237060547,17.760000228881836,0
1096,2015-01-09,17.549999237060547,17.549999237060547,18.420000076293945,16.440000534057617,16.440000534057617,0
1097,2015-01-16,20.950000762939453,20.950000762939453,23.43000030517578,20.950000762939453,22.799999237060547,0
1098,2015-01-23,16.65999984741211,16.65999984741211,17.09000015258789,15.8100004196167,16.790000915527344,0
1099,2015-01-30,20.96999931335449,20.96999931335449,22.18000030517578,19.239999771118164,20.229999542236328,0
1100,2015-02-06,17.290000915527344,17.290000915527344,18.739999771118164,16.059999465942383,16.290000915527344,0
1101,2015-02-13,14.6899995803833,14.6899995803833,15.640000343322754,14.6899995803833,15.109999656677246,0
1102,2015-02-20,14.300000190734863,14.300000190734863,16.290000915527344,14.270000457763672,15.729999542236328,0
1103,2015-02-27,13.34000015258789,13.34000015258789,14.170000076293944,13.289999961853027,14.06999969482422,0
1104,2015-03-06,15.199999809265137,15.199999809265137,15.829999923706056,14.18000030517578,14.609999656677246,0
1105,2015-03-13,16.0,16.0,16.739999771118164,15.31999969482422,15.470000267028809,0
1106,2015-03-20,13.020000457763672,13.020000457763672,13.529999732971191,12.539999961853027,13.520000457763672,0
1107,2015-03-27,15.06999969482422,15.06999969482422,15.829999923706056,14.1899995803833,15.729999542236328,0
1108,2015-04-03,14.670000076293944,14.670000076293944,15.510000228881836,14.270000457763672,15.300000190734863,0
1109,2015-04-10,12.579999923706056,12.579999923706056,13.260000228881836,12.510000228881836,13.199999809265137,0
1110,2015-04-17,13.890000343322754,13.890000343322754,15.020000457763672,13.729999542236328,13.970000267028809,0
1111,2015-04-24,12.289999961853027,12.289999961853027,13.020000457763672,12.15999984741211,12.210000038146973,0
1112,2015-05-01,12.699999809265137,12.699999809265137,13.979999542236328,12.68000030517578,13.979999542236328,0
1113,2015-05-08,12.859999656677246,12.859999656677246,13.420000076293944,12.699999809265137,13.359999656677246,0
1114,2015-05-15,12.380000114440918,12.380000114440918,13.09000015258789,12.350000381469728,12.460000038146973,0
1115,2015-05-22,12.130000114440918,12.130000114440918,12.369999885559082,11.81999969482422,12.369999885559082,0
1116,2015-05-29,13.84000015258789,13.84000015258789,14.43000030517578,13.399999618530272,13.59000015258789,0
1117,2015-06-05,14.210000038146973,14.210000038146973,15.649999618530272,14.210000038146973,15.010000228881836,0
1118,2015-06-12,13.779999732971191,13.779999732971191,14.020000457763672,13.300000190734863,13.3100004196167,0
1119,2015-06-19,13.960000038146973,13.960000038146973,14.0,12.960000038146973,13.350000381469728,0
1120,2015-06-26,14.020000457763672,14.020000457763672,14.90999984741211,13.640000343322754,14.130000114440918,0
1121,2015-07-03,16.790000915527344,16.790000915527344,17.479999542236328,15.390000343322754,15.43000030517578,0
1122,2015-07-10,16.829999923706055,16.829999923706055,18.170000076293945,16.600000381469727,17.450000762939453,0
1123,2015-07-17,11.949999809265137,11.949999809265137,12.220000267028809,11.770000457763672,11.770000457763672,0
1124,2015-07-24,13.739999771118164,13.739999771118164,14.729999542236328,12.859999656677246,12.869999885559082,0
1125,2015-07-31,12.119999885559082,12.119999885559082,12.630000114440918,11.81999969482422,12.029999732971191,0
1126,2015-08-07,13.390000343322754,13.390000343322754,14.579999923706056,13.289999961853027,13.56999969482422,0
1127,2015-08-14,12.829999923706056,12.829999923706056,13.869999885559082,12.800000190734863,13.6899995803833,0
1128,2015-08-21,28.030000686645508,28.030000686645508,28.3799991607666,20.799999237060547,22.549999237060547,0
1129,2015-08-28,26.049999237060547,26.049999237060547,29.200000762939453,25.770000457763672,26.690000534057617,0
1130,2015-09-04,27.799999237060547,27.799999237060547,29.46999931335449,25.68000030517578,27.43000030517578,0
1131,2015-09-11,23.200000762939453,23.200000762939453,25.809999465942383,23.149999618530277,25.3799991607666,0
1132,2015-09-18,22.280000686645508,22.280000686645508,23.989999771118164,20.979999542236328,23.06999969482422,0
1133,2015-09-25,23.6200008392334,23.6200008392334,24.290000915527344,20.809999465942383,21.1200008392334,0
1134,2015-10-02,20.940000534057617,20.940000534057617,24.46999931335449,20.350000381469727,23.989999771118164,0
1135,2015-10-09,17.079999923706055,17.079999923706055,18.200000762939453,16.889999389648438,17.149999618530273,0
1136,2015-10-16,15.050000190734863,15.050000190734863,16.860000610351562,15.050000190734863,15.640000343322754,0
1137,2015-10-23,14.460000038146973,14.460000038146973,15.119999885559082,13.239999771118164,13.460000038146973,0
1138,2015-10-30,15.06999969482422,15.06999969482422,15.390000343322754,14.0,14.600000381469728,0
1139,2015-11-06,14.329999923706056,14.329999923706056,16.0,14.31999969482422,14.90999984741211,0
1140,2015-11-13,20.07999992370605,20.07999992370605,20.670000076293945,18.200000762939453,18.68000030517578,0
1141,2015-11-20,15.470000267028809,15.470000267028809,16.3799991607666,15.470000267028809,16.1299991607666,0
1142,2015-11-27,15.119999885559082,15.119999885559082,16.09000015258789,15.119999885559082,15.3100004196167,0
1143,2015-12-04,14.8100004196167,14.8100004196167,17.649999618530273,14.6899995803833,17.43000030517578,0
1144,2015-12-11,24.38999938964844,24.38999938964844,25.270000457763672,20.8799991607666,21.36000061035156,0
1145,2015-12-18,20.700000762939453,20.700000762939453,23.299999237060547,18.75,19.34000015258789,0
1146,2015-12-25,15.739999771118164,15.739999771118164,15.880000114440918,14.449999809265137,15.4399995803833,0
1147,2016-01-01,18.209999084472656,18.209999084472656,20.38999938964844,17.510000228881836,17.969999313354492,0
1148,2016-01-08,27.01000022888184,27.01000022888184,27.07999992370605,22.479999542236328,22.959999084472656,0
1149,2016-01-15,27.020000457763672,27.020000457763672,30.950000762939453,26.670000076293945,28.959999084472656,0
1150,2016-01-22,22.34000015258789,22.34000015258789,24.549999237060547,22.21999931335449,24.209999084472656,0
1151,2016-01-29,20.200000762939453,20.200000762939453,21.739999771118164,19.5,21.59000015258789,0
1152,2016-02-05,23.3799991607666,23.3799991607666,24.11000061035156,21.90999984741211,22.09000015258789,0
1153,2016-02-12,25.399999618530277,25.399999618530277,27.56999969482422,24.920000076293945,27.15999984741211,0
1154,2016-02-19,20.530000686645508,20.530000686645508,23.440000534057617,20.520000457763672,22.38999938964844,0
1155,2016-02-26,19.809999465942383,19.809999465942383,20.1299991607666,18.459999084472656,18.88999938964844,0
1156,2016-03-04,16.860000610351562,16.860000610351562,17.350000381469727,16.049999237060547,16.479999542236328,0
1157,2016-03-11,16.5,16.5,17.270000457763672,16.280000686645508,17.09000015258789,0
1158,2016-03-18,14.020000457763672,14.020000457763672,14.359999656677246,13.75,14.050000190734863,0
1159,2016-03-25,14.739999771118164,14.739999771118164,16.440000534057617,14.710000038146973,16.299999237060547,0
1160,2016-04-01,13.100000381469728,13.100000381469728,15.279999732971191,13.0,15.229999542236328,0
1161,2016-04-08,15.359999656677246,15.359999656677246,15.93000030517578,14.84000015258789,15.34000015258789,0
1162,2016-04-15,13.619999885559082,13.619999885559082,14.1899995803833,13.579999923706056,13.770000457763672,0
1163,2016-04-22,13.220000267028809,13.220000267028809,14.1899995803833,13.149999618530272,13.699999809265137,0
1164,2016-04-29,15.699999809265137,15.699999809265137,17.09000015258789,14.90999984741211,15.210000038146973,0
1165,2016-05-06,14.720000267028809,14.720000267028809,16.579999923706055,14.710000038146973,16.200000762939453,0
1166,2016-05-13,15.039999961853027,15.039999961853027,15.470000267028809,13.970000267028809,15.149999618530272,0
1167,2016-05-20,15.199999809265137,15.199999809265137,16.299999237060547,15.109999656677246,16.1299991607666,0
1168,2016-05-27,13.119999885559082,13.119999885559082,13.760000228881836,13.039999961853027,13.489999771118164,0
1169,2016-06-03,13.470000267028809,13.470000267028809,14.65999984741211,12.899999618530272,13.779999732971191,0
1170,2016-06-10,17.030000686645508,17.030000686645508,17.329999923706055,14.850000381469728,14.890000343322754,0
1171,2016-06-17,19.40999984741211,19.40999984741211,20.030000686645508,18.709999084472656,19.420000076293945,0
1172,2016-06-24,25.76000022888184,25.76000022888184,26.239999771118164,19.479999542236328,26.059999465942383,0
1173,2016-07-01,14.770000457763672,14.770000457763672,15.859999656677246,14.609999656677246,15.59000015258789,0
1174,2016-07-08,13.199999809265137,13.199999809265137,14.75,13.1899995803833,14.640000343322754,0
1175,2016-07-15,12.670000076293944,12.670000076293944,13.220000267028809,12.270000457763672,13.119999885559082,0
1176,2016-07-22,12.020000457763672,12.020000457763672,12.880000114440918,11.970000267028809,12.800000190734863,0
1177,2016-07-29,11.869999885559082,11.869999885559082,12.899999618530272,11.770000457763672,12.850000381469728,0
1178,2016-08-05,11.390000343322754,11.390000343322754,12.260000228881836,11.18000030517578,12.079999923706056,0
1179,2016-08-12,11.550000190734863,11.550000190734863,12.0,11.279999732971191,11.609999656677246,0
1180,2016-08-19,11.34000015258789,11.34000015258789,12.279999732971191,11.329999923706056,11.670000076293944,0
1181,2016-08-26,13.649999618530272,13.649999618530272,14.93000030517578,12.130000114440918,13.539999961853027,0
1182,2016-09-02,11.979999542236328,11.979999542236328,13.899999618530272,11.899999618530272,13.470000267028809,0
1183,2016-09-09,17.5,17.5,17.540000915527344,12.520000457763672,12.520000457763672,0
1184,2016-09-16,15.369999885559082,15.369999885559082,17.100000381469727,15.279999732971191,16.40999984741211,0
1185,2016-09-23,12.289999961853027,12.289999961853027,12.579999923706056,11.93000030517578,12.0,0
1186,2016-09-30,13.289999961853027,13.289999961853027,15.199999809265137,12.529999732971191,14.90999984741211,0
1187,2016-10-07,13.479999542236328,13.479999542236328,14.149999618530272,12.210000038146973,13.520000457763672,0
1188,2016-10-14,16.1200008392334,16.1200008392334,16.5,15.25,16.489999771118164,0
1189,2016-10-21,13.34000015258789,13.34000015258789,14.529999732971191,13.270000457763672,14.039999961853027,0
1190,2016-10-28,16.190000534057617,16.190000534057617,17.350000381469727,14.649999618530272,15.670000076293944,0
1191,2016-11-04,22.51000022888184,22.51000022888184,23.01000022888184,19.200000762939453,21.86000061035156,0
1192,2016-11-11,14.170000076293944,14.170000076293944,16.0,14.149999618530272,14.829999923706056,0
1193,2016-11-18,12.850000381469728,12.850000381469728,13.739999771118164,12.850000381469728,13.5600004196167,0
1194,2016-11-25,12.34000015258789,12.34000015258789,12.739999771118164,12.3100004196167,12.520000457763672,0
1195,2016-12-02,14.119999885559082,14.119999885559082,14.479999542236328,12.390000343322754,14.15999984741211,0
1196,2016-12-09,11.75,11.75,12.720000267028809,11.670000076293944,12.59000015258789,0
1197,2016-12-16,12.199999809265137,12.199999809265137,12.949999809265137,12.149999618530272,12.880000114440918,0
1198,2016-12-23,11.4399995803833,11.4399995803833,11.8100004196167,11.350000381469728,11.380000114440918,0
1199,2016-12-30,14.039999961853027,14.039999961853027,14.68000030517578,13.050000190734863,13.199999809265137,0
1200,2017-01-06,11.31999969482422,11.31999969482422,11.739999771118164,10.979999542236328,11.699999809265137,0
1201,2017-01-13,11.229999542236328,11.229999542236328,11.619999885559082,10.9399995803833,11.449999809265137,0
1202,2017-01-20,11.539999961853027,11.539999961853027,12.59000015258789,11.529999732971191,12.579999923706056,0
1203,2017-01-27,10.579999923706056,10.579999923706056,10.81999969482422,10.300000190734863,10.56999969482422,0
1204,2017-02-03,10.970000267028809,10.970000267028809,11.84000015258789,10.720000267028809,11.84000015258789,0
1205,2017-02-10,10.850000381469728,10.850000381469728,10.949999809265137,10.550000190734863,10.850000381469728,0
1206,2017-02-17,11.489999771118164,11.489999771118164,12.260000228881836,11.369999885559082,11.84000015258789,0
1207,2017-02-24,11.470000267028809,11.470000267028809,12.59000015258789,11.34000015258789,11.8100004196167,0
1208,2017-03-03,10.960000038146973,10.960000038146973,11.970000267028809,10.9399995803833,11.960000038146973,0
1209,2017-03-10,11.65999984741211,11.65999984741211,12.09000015258789,11.460000038146973,11.970000267028809,0
1210,2017-03-17,11.279999732971191,11.279999732971191,11.380000114440918,10.779999732971191,11.380000114440918,0
1211,2017-03-24,12.960000038146973,12.960000038146973,14.15999984741211,12.270000457763672,12.859999656677246,0
1212,2017-03-31,12.369999885559082,12.369999885559082,12.539999961853027,11.5,11.609999656677246,0
1213,2017-04-07,12.869999885559082,12.869999885559082,13.43000030517578,12.229999542236328,13.170000076293944,0
1214,2017-04-14,15.960000038146973,15.960000038146973,16.219999313354492,14.970000267028809,15.890000343322754,0
1215,2017-04-21,14.630000114440918,14.630000114440918,15.329999923706056,13.850000381469728,13.850000381469728,0
1216,2017-04-28,10.81999969482422,10.81999969482422,11.15999984741211,10.289999961853027,10.390000343322754,0
1217,2017-05-05,10.56999969482422,10.56999969482422,10.979999542236328,9.989999771118164,10.510000228881836,0
1218,2017-05-12,10.399999618530272,10.399999618530272,10.869999885559082,10.279999732971191,10.720000267028809,0
1219,2017-05-19,12.039999961853027,12.039999961853027,14.229999542236328,11.720000267028809,14.229999542236328,0
1220,2017-05-26,9.8100004196167,9.8100004196167,10.479999542236328,9.649999618530272,9.93000030517578,0
1221,2017-06-02,9.75,9.75,10.300000190734863,9.579999923706056,10.079999923706056,0
1222,2017-06-09,10.699999809265137,10.699999809265137,12.109999656677246,9.369999885559082,9.93000030517578,0
1223,2017-06-16,10.380000114440918,10.380000114440918,11.350000381469728,10.260000228881836,10.630000114440918,0
1224,2017-06-23,10.020000457763672,10.020000457763672,10.6899995803833,9.850000381469728,10.25,0
1225,2017-06-30,11.18000030517578,11.18000030517578,11.850000381469728,10.399999618530272,11.739999771118164,0
1226,2017-07-07,11.1899995803833,11.1899995803833,12.56999969482422,10.979999542236328,12.479999542236328,0
1227,2017-07-14,9.510000228881836,9.510000228881836,10.140000343322754,9.5,10.09000015258789,0
1228,2017-07-21,9.359999656677246,9.359999656677246,9.979999542236328,9.300000190734863,9.520000457763672,0
1229,2017-07-28,10.289999961853027,10.289999961853027,11.300000190734863,10.260000228881836,10.619999885559082,0
1230,2017-08-04,10.029999732971191,10.029999732971191,10.5,9.68000030517578,10.479999542236328,0
1231,2017-08-11,15.510000228881836,15.510000228881836,17.280000686645508,14.5,16.170000076293945,0
1232,2017-08-18,14.260000228881836,14.260000228881836,16.040000915527344,13.31999969482422,15.380000114440918,0
1233,2017-08-25,11.279999732971191,11.279999732971191,12.449999809265137,11.100000381469728,12.199999809265137,0
1234,2017-09-01,10.130000114440918,10.130000114440918,10.460000038146973,10.020000457763672,10.329999923706056,0
1235,2017-09-08,12.119999885559082,12.119999885559082,12.600000381469728,11.84000015258789,11.869999885559082,0
1236,2017-09-15,10.170000076293944,10.170000076293944,10.739999771118164,10.0,10.510000228881836,0
1237,2017-09-22,9.59000015258789,9.59000015258789,10.199999809265137,9.5,9.899999618530272,0
1238,2017-09-29,9.510000228881836,9.510000228881836,9.829999923706056,9.359999656677246,9.59000015258789,0
1239,2017-10-06,9.649999618530272,9.649999618530272,10.270000457763672,9.109999656677246,9.229999542236328,0
1240,2017-10-13,9.609999656677246,9.609999656677246,9.979999542236328,9.4399995803833,9.949999809265137,0
1241,2017-10-20,9.970000267028809,9.970000267028809,10.039999961853027,9.289999961853027,9.920000076293944,0
1242,2017-10-27,9.800000190734863,9.800000190734863,11.119999885559082,9.739999771118164,11.119999885559082,0
1243,2017-11-03,9.140000343322754,9.140000343322754,9.90999984741211,8.989999771118164,9.829999923706056,0
1244,2017-11-10,11.289999961853027,11.289999961853027,11.579999923706056,10.5,10.779999732971191,0
1245,2017-11-17,11.43000030517578,11.43000030517578,12.010000228881836,11.15999984741211,11.75,0
1246,2017-11-24,9.670000076293944,9.670000076293944,9.960000038146973,8.5600004196167,9.81999969482422,0
1247,2017-12-01,11.43000030517578,11.43000030517578,14.579999923706056,10.539999961853027,11.1899995803833,0
1248,2017-12-08,9.579999923706056,9.579999923706056,10.0600004196167,9.43000030517578,10.0,0
1249,2017-12-15,9.420000076293944,9.420000076293944,10.199999809265137,9.220000267028809,10.119999885559082,0
1250,2017-12-22,9.899999618530272,9.899999618530272,10.18000030517578,9.350000381469728,9.369999885559082,0
1251,2017-12-29,11.039999961853027,11.039999961853027,11.0600004196167,9.949999809265137,10.029999732971191,0
1252,2018-01-05,9.220000267028809,9.220000267028809,9.539999961853027,9.0,9.100000381469728,0
1253,2018-01-12,10.15999984741211,10.15999984741211,10.3100004196167,9.539999961853027,9.739999771118164,0
1254,2018-01-19,11.270000457763672,11.270000457763672,12.329999923706056,11.18000030517578,12.300000190734863,0
1255,2018-01-26,11.079999923706056,11.079999923706056,11.600000381469728,11.079999923706056,11.399999618530272,0
1256,2018-02-02,17.309999465942383,17.309999465942383,17.860000610351562,13.640000343322754,13.640000343322754,0
1257,2018-02-09,29.059999465942383,29.059999465942383,41.060001373291016,27.729999542236328,32.18000030517578,0
1258,2018-02-16,19.459999084472656,19.459999084472656,20.989999771118164,17.440000534057617,18.739999771118164,0
1259,2018-02-23,16.489999771118164,16.489999771118164,18.799999237060547,16.469999313354492,17.959999084472656,0
1260,2018-03-02,19.59000015258789,19.59000015258789,26.21999931335449,19.36000061035156,22.46999931335449,0
1261,2018-03-09,14.640000343322754,14.640000343322754,16.75,13.3100004196167,16.40999984741211,0
1262,2018-03-16,15.800000190734863,15.800000190734863,16.719999313354492,15.229999542236328,16.600000381469727,0
1263,2018-03-23,24.8700008392334,24.8700008392334,26.01000022888184,21.6299991607666,24.020000457763672,0
1264,2018-03-30,19.96999931335449,19.96999931335449,23.049999237060547,19.600000381469727,22.8700008392334,0
1265,2018-04-06,21.489999771118164,21.489999771118164,23.1200008392334,18.600000381469727,20.32999992370605,0
1266,2018-04-13,17.40999984741211,17.40999984741211,18.450000762939453,17.260000228881836,18.270000457763672,0
1267,2018-04-20,16.8799991607666,16.8799991607666,17.5,15.1899995803833,16.15999984741211,0
1268,2018-04-27,15.40999984741211,15.40999984741211,16.770000457763672,15.25,16.219999313354492,0
1269,2018-05-04,14.770000457763672,14.770000457763672,16.920000076293945,10.90999984741211,15.9399995803833,0
1270,2018-05-11,12.649999618530272,12.649999618530272,13.4399995803833,12.649999618530272,13.220000267028809,0
1271,2018-05-18,13.420000076293944,13.420000076293944,13.869999885559082,13.0600004196167,13.18000030517578,0
1272,2018-05-25,13.220000267028809,13.220000267028809,13.520000457763672,12.289999961853027,12.4399995803833,0
1273,2018-06-01,13.460000038146973,13.460000038146973,14.93000030517578,13.369999885559082,14.920000076293944,0
1274,2018-06-08,12.18000030517578,12.18000030517578,13.3100004196167,12.09000015258789,12.539999961853027,0
1275,2018-06-15,11.979999542236328,11.979999542236328,13.15999984741211,11.93000030517578,12.1899995803833,0
1276,2018-06-22,13.770000457763672,13.770000457763672,14.600000381469728,13.109999656677246,14.600000381469728,0
1277,2018-06-29,16.09000015258789,16.09000015258789,16.510000228881836,14.65999984741211,15.729999542236328,0
1278,2018-07-06,13.369999885559082,13.369999885559082,15.449999809265137,13.34000015258789,14.989999771118164,0
1279,2018-07-13,12.18000030517578,12.18000030517578,12.970000267028809,11.619999885559082,12.390000343322754,0
1280,2018-07-20,12.859999656677246,12.859999656677246,13.579999923706056,12.489999771118164,13.0,0
1281,2018-07-27,13.029999732971191,13.029999732971191,14.260000228881836,11.600000381469728,12.170000076293944,0
1282,2018-08-03,11.640000343322754,11.640000343322754,12.460000038146973,11.06999969482422,12.43000030517578,0
1283,2018-08-10,13.15999984741211,13.15999984741211,13.81999969482422,12.300000190734863,12.34000015258789,0
1284,2018-08-17,12.640000343322754,12.640000343322754,13.960000038146973,12.399999618530272,13.18000030517578,0
1285,2018-08-24,11.989999771118164,11.989999771118164,12.170000076293944,11.829999923706056,12.130000114440918,0
1286,2018-08-31,12.859999656677246,12.859999656677246,14.029999732971191,12.81999969482422,13.539999961853027,0
1287,2018-09-07,14.880000114440918,14.880000114440918,15.630000114440918,14.3100004196167,14.720000267028809,0
1288,2018-09-14,12.06999969482422,12.06999969482422,13.149999618530272,11.93000030517578,12.130000114440918,0
1289,2018-09-21,11.68000030517578,11.68000030517578,12.029999732971191,11.100000381469728,11.760000228881836,0
1290,2018-09-28,12.119999885559082,12.119999885559082,13.220000267028809,12.09000015258789,12.59000015258789,0
1291,2018-10-05,14.81999969482422,14.81999969482422,17.360000610351562,11.720000267028809,14.289999961853027,0
1292,2018-10-12,21.309999465942383,21.309999465942383,26.799999237060547,20.8799991607666,21.6299991607666,0
1293,2018-10-19,19.88999938964844,19.88999938964844,21.07999992370605,18.38999938964844,19.239999771118164,0
1294,2018-10-26,24.15999984741211,24.15999984741211,27.520000457763672,23.32999992370605,24.51000022888184,0
1295,2018-11-02,19.51000022888184,19.51000022888184,21.61000061035156,18.049999237060547,18.520000457763672,0
1296,2018-11-09,17.360000610351562,17.360000610351562,18.40999984741211,16.84000015258789,16.8700008392334,0
1297,2018-11-16,18.13999938964844,18.13999938964844,21.36000061035156,18.100000381469727,20.040000915527344,0
1298,2018-11-23,21.520000457763672,21.520000457763672,22.649999618530277,20.649999618530277,21.229999542236328,0
1299,2018-11-30,18.06999969482422,18.06999969482422,19.90999984741211,18.030000686645508,19.18000030517578,0
1300,2018-12-07,23.229999542236328,23.229999542236328,24.709999084472656,19.899999618530277,22.420000076293945,0
1301,2018-12-14,21.6299991607666,21.6299991607666,22.46999931335449,20.950000762939453,21.56999969482422,0
1302,2018-12-21,30.11000061035156,30.11000061035156,31.350000381469727,25.709999084472656,28.239999771118164,0
1303,2018-12-28,28.34000015258789,28.34000015258789,31.049999237060547,27.43000030517578,29.96999931335449,0
1304,2019-01-04,21.3799991607666,21.3799991607666,24.479999542236328,21.190000534057617,24.36000061035156,0
1305,2019-01-11,18.190000534057617,18.190000534057617,20.15999984741211,18.1200008392334,19.68000030517578,0
1306,2019-01-18,17.799999237060547,17.799999237060547,18.18000030517578,17.170000076293945,17.799999237060547,0
1307,2019-01-25,17.420000076293945,17.420000076293945,18.459999084472656,17.309999465942383,18.43000030517578,0
1308,2019-02-01,16.139999389648438,16.139999389648438,16.829999923706055,16.079999923706055,16.6299991607666,0
1309,2019-02-08,15.720000267028809,15.720000267028809,17.6299991607666,15.619999885559082,16.809999465942383,0
1310,2019-02-15,14.90999984741211,14.90999984741211,16.81999969482422,14.789999961853027,16.81999969482422,0
1311,2019-02-22,13.510000228881836,13.510000228881836,14.470000267028809,13.510000228881836,14.460000038146973,0
1312,2019-03-01,13.56999969482422,13.56999969482422,14.84000015258789,13.40999984741211,14.56999969482422,0
1313,2019-03-08,16.049999237060547,16.049999237060547,18.32999992370605,16.020000457763672,17.3799991607666,0
1314,2019-03-15,12.880000114440918,12.880000114440918,13.279999732971191,12.5,13.210000038146973,0
1315,2019-03-22,16.479999542236328,16.479999542236328,17.520000457763672,13.619999885559082,13.770000457763672,0
1316,2019-03-29,13.710000038146973,13.710000038146973,14.43000030517578,13.640000343322754,14.1899995803833,0
1317,2019-04-05,12.81999969482422,12.81999969482422,13.470000267028809,12.170000076293944,13.460000038146973,0
1318,2019-04-12,12.010000228881836,12.010000228881836,12.960000038146973,11.949999809265137,12.960000038146973,0
1319,2019-04-19,12.09000015258789,12.09000015258789,13.119999885559082,12.020000457763672,12.800000190734863,0
1320,2019-04-26,12.729999542236328,12.729999542236328,13.619999885559082,12.489999771118164,13.4399995803833,0
1321,2019-05-03,12.869999885559082,12.869999885559082,14.149999618530272,12.800000190734863,14.109999656677246,0
1322,2019-05-10,16.040000915527344,16.040000915527344,20.190000534057617,15.56999969482422,18.790000915527344,0
1323,2019-05-17,15.960000038146973,15.960000038146973,16.809999465942383,14.859999656677246,15.890000343322754,0
1324,2019-05-24,15.850000381469728,15.850000381469728,16.520000457763672,15.520000457763672,16.34000015258789,0
1325,2019-05-31,18.709999084472656,18.709999084472656,19.71999931335449,18.010000228881836,19.049999237060547,0
1326,2019-06-07,16.299999237060547,16.299999237060547,16.440000534057617,15.329999923706056,15.649999618530272,0
1327,2019-06-14,15.279999732971191,15.279999732971191,16.399999618530273,15.210000038146973,16.0,0
1328,2019-06-21,15.399999618530272,15.399999618530272,15.479999542236328,14.420000076293944,14.739999771118164,0
1329,2019-06-28,15.079999923706056,15.079999923706056,16.1299991607666,15.079999923706056,15.699999809265137,0
1330,2019-07-05,13.279999732971191,13.279999732971191,14.470000267028809,12.039999961853027,13.0,0
1331,2019-07-12,12.390000343322754,12.390000343322754,12.81999969482422,12.279999732971191,12.760000228881836,0
1332,2019-07-19,14.449999809265137,14.449999809265137,14.449999809265137,13.09000015258789,13.3100004196167,0
1333,2019-07-26,12.15999984741211,12.15999984741211,12.720000267028809,12.010000228881836,12.579999923706056,0
1334,2019-08-02,17.610000610351562,17.610000610351562,20.11000061035156,17.040000915527344,17.690000534057617,0
1335,2019-08-09,17.969999313354492,17.969999313354492,19.440000534057617,17.309999465942383,18.13999938964844,0
1336,2019-08-16,18.46999931335449,18.46999931335449,20.5,18.40999984741211,20.479999542236328,0
1337,2019-08-23,19.8700008392334,19.8700008392334,21.06999969482422,16.040000915527344,16.149999618530273,0
1338,2019-08-30,18.979999542236328,18.979999542236328,19.18000030517578,17.09000015258789,17.940000534057617,0
1339,2019-09-06,15.0,15.0,16.059999465942383,14.90999984741211,15.920000076293944,0
1340,2019-09-13,13.739999771118164,13.739999771118164,14.3100004196167,13.510000228881836,14.15999984741211,0
1341,2019-09-20,15.31999969482422,15.31999969482422,15.84000015258789,13.350000381469728,13.9399995803833,0
1342,2019-09-27,17.219999313354492,17.219999313354492,18.690000534057617,15.149999618530272,15.770000457763672,0
1343,2019-10-04,17.040000915527344,17.040000915527344,19.96999931335449,16.969999313354492,19.420000076293945,0
1344,2019-10-11,15.579999923706056,15.579999923706056,17.440000534057617,15.109999656677246,17.350000381469727,0
1345,2019-10-18,14.25,14.25,15.15999984741211,13.779999732971191,14.199999809265137,0
1346,2019-10-25,12.649999618530272,12.649999618530272,13.789999961853027,12.619999885559082,13.529999732971191,0
1347,2019-11-01,12.300000190734863,12.300000190734863,12.600000381469728,12.260000228881836,12.5,0
1348,2019-11-08,12.06999969482422,12.06999969482422,13.050000190734863,12.0,12.979999542236328,0
1349,2019-11-15,12.050000190734863,12.050000190734863,12.970000267028809,11.920000076293944,12.949999809265137,0
1350,2019-11-22,12.34000015258789,12.34000015258789,13.25,12.329999923706056,12.81999969482422,0
1351,2019-11-29,12.619999885559082,12.619999885559082,12.829999923706056,12.119999885559082,12.5,0
1352,2019-12-06,13.619999885559082,13.619999885559082,14.470000267028809,13.1899995803833,14.369999885559082,0
1353,2019-12-13,12.630000114440918,12.630000114440918,14.350000381469728,12.539999961853027,13.18000030517578,0
1354,2019-12-20,12.510000228881836,12.510000228881836,12.609999656677246,12.039999961853027,12.550000190734863,0
1355,2019-12-27,13.43000030517578,13.43000030517578,13.720000267028809,11.890000343322754,12.609999656677246,0
1356,2020-01-03,14.020000457763672,14.020000457763672,16.200000762939453,13.130000114440918,15.010000228881836,0
1357,2020-01-10,12.5600004196167,12.5600004196167,12.869999885559082,12.09000015258789,12.420000076293944,0
1358,2020-01-17,12.100000381469728,12.100000381469728,12.479999542236328,11.75,12.210000038146973,0
1359,2020-01-24,14.5600004196167,14.5600004196167,15.979999542236328,12.619999885559082,12.75,0
1360,2020-01-31,18.84000015258789,18.84000015258789,19.989999771118164,16.18000030517578,16.25,0
1361,2020-02-07,15.470000267028809,15.470000267028809,16.15999984741211,14.8100004196167,15.06999969482422,0
1362,2020-02-14,13.68000030517578,13.68000030517578,14.539999961853027,13.380000114440918,14.119999885559082,0
1363,2020-02-21,17.079999923706055,17.079999923706055,18.209999084472656,16.190000534057617,17.329999923706055,0
1364,2020-02-28,40.11000061035156,40.11000061035156,49.47999954223633,39.369998931884766,42.02000045776367,0
1365,2020-03-06,41.93999862670898,41.93999862670898,54.38999938964844,40.84000015258789,48.93000030517578,0
1366,2020-03-13,57.83000183105469,57.83000183105469,77.56999969482422,55.16999816894531,71.30999755859375,0
1367,2020-03-20,66.04000091552734,66.04000091552734,69.51000213623047,57.41999816894531,67.86000061035156,0
1368,2020-03-27,65.54000091552734,65.54000091552734,69.0999984741211,61.79999923706055,64.94999694824219,0
1369,2020-04-03,46.79999923706055,46.79999923706055,52.290000915527344,46.7400016784668,51.11000061035156,0
1370,2020-04-10,41.66999816894531,41.66999816894531,45.72999954223633,41.38999938964844,43.0,0
1371,2020-04-17,38.150001525878906,38.150001525878906,40.2599983215332,37.630001068115234,39.5,0
1372,2020-04-24,35.93000030517578,35.93000030517578,40.16999816894531,35.599998474121094,38.79999923706055,0
1373,2020-05-01,37.18999862670898,37.18999862670898,39.56999969482422,36.59000015258789,38.16999816894531,0
1374,2020-05-08,27.979999542236328,27.979999542236328,30.38999938964844,27.88999938964844,30.13999938964844,0
1375,2020-05-15,31.88999938964844,31.88999938964844,35.130001068115234,31.040000915527344,32.5,0
1376,2020-05-22,28.15999984741211,28.15999984741211,31.549999237060547,28.030000686645508,31.36000061035156,0
1377,2020-05-29,27.51000022888184,27.51000022888184,30.15999984741211,27.290000915527344,29.299999237060547,0
1378,2020-06-05,24.520000457763672,24.520000457763672,25.09000015258789,23.540000915527344,24.790000915527344,0
1379,2020-06-12,36.09000015258789,36.09000015258789,44.15999984741211,34.970001220703125,37.68000030517578,0
1380,2020-06-19,35.119998931884766,35.119998931884766,35.119998931884766,30.399999618530277,32.06999969482422,0
1381,2020-06-26,34.72999954223633,34.72999954223633,36.25,31.040000915527344,33.0099983215332,0
1382,2020-07-03,27.68000030517578,27.68000030517578,28.440000534057617,25.899999618530277,28.32999992370605,0
1383,2020-07-10,27.290000915527344,27.290000915527344,30.90999984741211,27.1299991607666,30.86000061035156,0
1384,2020-07-17,25.68000030517578,25.68000030517578,27.540000915527344,25.40999984741211,27.149999618530277,0
1385,2020-07-24,25.84000015258789,25.84000015258789,28.57999992370605,25.530000686645508,27.959999084472656,0
1386,2020-07-31,24.459999084472656,24.459999084472656,26.40999984741211,23.549999237060547,24.790000915527344,0
1387,2020-08-07,22.209999084472656,22.209999084472656,24.020000457763672,22.020000457763672,23.450000762939453,0
1388,2020-08-14,22.049999237060547,22.049999237060547,23.549999237060547,21.790000915527344,22.270000457763672,0
1389,2020-08-21,22.540000915527344,22.540000915527344,24.46999931335449,22.059999465942383,22.57999992370605,0
1390,2020-08-28,22.959999084472656,22.959999084472656,26.299999237060547,22.63999938964844,24.59000015258789,0
1391,2020-09-04,30.75,30.75,38.27999877929688,29.5,34.619998931884766,0
1392,2020-09-11,26.8700008392334,26.8700008392334,29.729999542236328,26.51000022888184,28.6299991607666,0
1393,2020-09-18,25.82999992370605,25.82999992370605,28.100000381469727,25.280000686645508,26.649999618530277,0
1394,2020-09-25,26.3799991607666,26.3799991607666,30.43000030517578,26.020000457763672,28.170000076293945,0
1395,2020-10-02,27.6299991607666,27.6299991607666,29.899999618530277,26.93000030517578,28.8700008392334,0
1396,2020-10-09,25.0,25.0,26.21999931335449,24.030000686645508,26.200000762939453,0
1397,2020-10-16,27.40999984741211,27.40999984741211,27.459999084472656,26.190000534057617,27.15999984741211,0
1398,2020-10-23,27.549999237060547,27.549999237060547,28.670000076293945,27.26000022888184,28.46999931335449,0
1399,2020-10-30,38.02000045776367,38.02000045776367,41.09000015258789,36.5,40.810001373291016,0
1400,2020-11-06,24.86000061035156,24.86000061035156,29.440000534057617,24.559999465942383,27.8700008392334,0
1401,2020-11-13,23.100000381469727,23.100000381469727,25.030000686645508,22.739999771118164,24.940000534057617,0
1402,2020-11-20,23.700000762939453,23.700000762939453,23.729999542236328,22.1299991607666,23.43000030517578,0
1403,2020-11-27,20.84000015258789,20.84000015258789,21.600000381469727,19.51000022888184,21.520000457763672,0
1404,2020-12-04,20.790000915527344,20.790000915527344,21.149999618530277,19.96999931335449,21.049999237060547,0
1405,2020-12-11,23.309999465942383,23.309999465942383,25.13999938964844,22.479999542236328,22.489999771118164,0
1406,2020-12-18,21.56999969482422,21.56999969482422,23.770000457763672,21.56999969482422,22.149999618530277,0
1407,2020-12-25,21.530000686645508,21.530000686645508,22.82999992370605,21.38999938964844,22.46999931335449,0
1408,2021-01-01,22.75,22.75,23.25,21.239999771118164,22.989999771118164,0
1409,2021-01-08,21.559999465942383,21.559999465942383,23.34000015258789,21.420000076293945,22.43000030517578,0
1410,2021-01-15,24.34000015258789,24.34000015258789,25.799999237060547,23.07999992370605,23.520000457763672,0
1411,2021-01-22,21.90999984741211,21.90999984741211,23.729999542236328,21.270000457763672,22.239999771118164,0
1412,2021-01-29,33.09000015258789,33.09000015258789,37.5099983215332,29.239999771118164,35.15999984741211,0
1413,2021-02-05,20.8700008392334,20.8700008392334,22.15999984741211,20.86000061035156,21.989999771118164,0
1414,2021-02-12,19.96999931335449,19.96999931335449,22.450000762939453,19.950000762939453,21.600000381469727,0
1415,2021-02-19,22.049999237060547,22.049999237060547,23.190000534057617,20.84000015258789,23.100000381469727,0
1416,2021-02-26,27.950000762939453,27.950000762939453,30.81999969482422,25.229999542236328,28.729999542236328,0
1417,2021-03-05,24.65999984741211,24.65999984741211,30.030000686645508,24.32999992370605,29.479999542236328,0
1418,2021-03-12,20.690000534057617,20.690000534057617,22.989999771118164,20.6299991607666,22.56999969482422,0
1419,2021-03-19,20.950000762939453,20.950000762939453,23.170000076293945,19.899999618530277,21.43000030517578,0
1420,2021-03-26,18.86000061035156,18.86000061035156,21.489999771118164,18.68000030517578,19.31999969482422,0
1421,2021-04-02,17.329999923706055,17.329999923706055,18.63999938964844,17.290000915527344,18.600000381469727,0
1422,2021-04-09,16.690000534057617,16.690000534057617,17.34000015258789,16.200000762939453,17.049999237060547,0
1423,2021-04-16,16.25,16.25,16.8799991607666,16.049999237060547,16.649999618530273,0
1424,2021-04-23,17.329999923706055,17.329999923706055,18.780000686645508,16.799999237060547,18.559999465942383,0
1425,2021-04-30,18.61000061035156,18.61000061035156,19.25,17.639999389648438,17.670000076293945,0
1426,2021-05-07,16.690000534057617,16.690000534057617,18.56999969482422,16.68000030517578,18.450000762939453,0
1427,2021-05-14,18.809999465942383,18.809999465942383,22.100000381469727,18.65999984741211,21.770000457763672,0
1428,2021-05-21,20.149999618530277,20.149999618530277,20.88999938964844,19.530000686645508,20.420000076293945,0
1429,2021-05-28,16.760000228881836,16.760000228881836,16.860000610351562,15.899999618530272,16.799999237060547,0
1430,2021-06-04,16.420000076293945,16.420000076293945,18.420000076293945,16.18000030517578,18.09000015258789,0
1431,2021-06-11,15.649999618530272,15.649999618530272,16.200000762939453,15.149999618530272,16.18000030517578,0
1432,2021-06-18,20.700000762939453,20.700000762939453,21.040000915527344,16.920000076293945,16.959999084472656,0
1433,2021-06-25,15.619999885559082,15.619999885559082,16.170000076293945,15.210000038146973,16.040000915527344,0
1434,2021-07-02,15.06999969482422,15.06999969482422,15.539999961853027,14.25,15.529999732971191,0
1435,2021-07-09,16.18000030517578,16.18000030517578,18.1299991607666,16.079999923706055,17.8799991607666,0
1436,2021-07-16,18.450000762939453,18.450000762939453,18.700000762939453,16.030000686645508,16.799999237060547,0
1437,2021-07-23,17.200000762939453,17.200000762939453,17.479999542236328,16.329999923706055,16.979999542236328,0
1438,2021-07-30,18.239999771118164,18.239999771118164,19.71999931335449,17.530000686645508,19.690000534057617,0
1439,2021-08-06,16.149999618530273,16.149999618530273,17.5,16.139999389648438,17.459999084472656,0
1440,2021-08-13,15.449999809265137,15.449999809265137,15.720000267028809,15.1899995803833,15.68000030517578,0
1441,2021-08-20,18.559999465942383,18.559999465942383,23.899999618530277,18.18000030517578,22.739999771118164,0
1442,2021-08-27,16.389999389648438,16.389999389648438,18.21999931335449,16.110000610351562,17.950000762939453,0
1443,2021-09-03,16.40999984741211,16.40999984741211,17.059999465942383,16.079999923706055,16.270000457763672,0
1444,2021-09-10,20.950000762939453,20.950000762939453,21.1299991607666,16.989999771118164,17.940000534057617,0
1445,2021-09-17,20.809999465942383,20.809999465942383,21.51000022888184,18.350000381469727,18.3700008392334,0
1446,2021-09-24,17.75,17.75,20.40999984741211,17.6299991607666,19.32999992370605,0
1447,2021-10-01,21.100000381469727,21.100000381469727,24.88999938964844,20.850000381469727,24.780000686645508,0
1448,2021-10-08,18.770000457763672,18.770000457763672,19.940000534057617,18.200000762939453,19.459999084472656,0
1449,2021-10-15,16.299999237060547,16.299999237060547,16.850000381469727,15.720000267028809,16.639999389648438,0
1450,2021-10-22,15.43000030517578,15.43000030517578,16.389999389648438,14.84000015258789,15.350000381469728,0
1451,2021-10-29,16.260000228881836,16.260000228881836,18.059999465942383,16.1299991607666,17.399999618530273,0
1452,2021-11-05,16.479999542236328,16.479999542236328,17.020000457763672,14.949999809265137,15.59000015258789,0
1453,2021-11-12,16.290000915527344,16.290000915527344,17.690000534057617,16.149999618530273,17.489999771118164,0
1454,2021-11-19,17.90999984741211,17.90999984741211,19.01000022888184,17.229999542236328,17.360000610351562,0
1455,2021-11-26,28.6200008392334,28.6200008392334,28.989999771118164,23.8799991607666,26.6200008392334,0
1456,2021-12-03,30.670000076293945,30.670000076293945,35.31999969482422,25.88999938964844,26.950000762939453,0
1457,2021-12-10,18.690000534057617,18.690000534057617,21.299999237060547,18.690000534057617,21.270000457763672,0
1458,2021-12-17,21.56999969482422,21.56999969482422,23.26000022888184,20.489999771118164,20.700000762939453,0
1459,2021-12-24,17.959999084472656,17.959999084472656,18.93000030517578,17.6200008392334,18.809999465942383,0
1460,2021-12-31,17.219999313354492,17.219999313354492,18.270000457763672,16.989999771118164,17.6299991607666,0
1461,2022-01-07,18.76000022888184,18.76000022888184,20.799999237060547,18.56999969482422,19.850000381469727,0
1462,2022-01-14,19.190000534057617,19.190000534057617,22.06999969482422,19.049999237060547,20.11000061035156,0
1463,2022-01-21,28.850000381469727,28.850000381469727,29.790000915527344,25.309999465942383,25.3799991607666,0
1464,2022-01-28,27.65999984741211,27.65999984741211,32.81999969482422,27.280000686645508,30.270000457763672,0
1465,2022-02-04,23.21999931335449,23.21999931335449,26.26000022888184,22.06999969482422,23.770000457763672,0
1466,2022-02-11,27.36000061035156,27.36000061035156,30.989999771118164,23.32999992370605,24.38999938964844,0
1467,2022-02-18,27.75,27.75,29.709999084472656,26.3799991607666,26.65999984741211,0
1468,2022-02-25,27.59000015258789,27.59000015258789,32.0,26.93000030517578,31.68000030517578,0
1469,2022-03-04,31.979999542236328,31.979999542236328,34.650001525878906,31.46999931335449,31.899999618530277,0
1470,2022-03-11,30.75,30.75,31.040000915527344,28.84000015258789,30.43000030517578,0
1471,2022-03-18,23.8700008392334,23.8700008392334,26.81999969482422,23.850000381469727,26.36000061035156,0
1472,2022-03-25,20.809999465942383,20.809999465942383,22.86000061035156,20.799999237060547,21.8700008392334,0
1473,2022-04-01,19.6299991607666,19.6299991607666,20.86000061035156,19.40999984741211,20.6200008392334,0
1474,2022-04-08,21.15999984741211,21.15999984741211,22.34000015258789,20.280000686645508,21.25,0
1475,2022-04-15,22.700000762939453,22.700000762939453,22.700000762939453,20.850000381469727,21.71999931335449,0
1476,2022-04-22,28.209999084472656,28.209999084472656,28.270000457763672,22.6200008392334,22.709999084472656,0
1477,2022-04-29,33.400001525878906,33.400001525878906,34.34000015258789,28.540000915527344,28.96999931335449,0
1478,2022-05-06,30.190000534057617,30.190000534057617,35.34000015258789,29.82999992370605,32.22999954223633,0
1479,2022-05-13,28.8700008392334,28.8700008392334,31.200000762939453,28.780000686645508,31.09000015258789,0
1480,2022-05-20,29.43000030517578,29.43000030517578,32.90999984741211,28.059999465942383,28.780000686645508,0
1481,2022-05-27,25.71999931335449,25.71999931335449,27.540000915527344,25.56999969482422,27.5,0
1482,2022-06-03,24.790000915527344,24.790000915527344,25.959999084472656,24.76000022888184,24.90999984741211,0
1483,2022-06-10,27.75,27.75,29.6299991607666,26.049999237060547,26.26000022888184,0
1484,2022-06-17,31.1299991607666,31.1299991607666,33.310001373291016,30.46999931335449,32.84000015258789,0
1485,2022-06-24,27.229999542236328,27.229999542236328,29.71999931335449,26.82999992370605,29.06999969482422,0
1486,2022-07-01,26.700000762939453,26.700000762939453,29.59000015258789,26.690000534057617,29.530000686645508,0
1487,2022-07-08,24.63999938964844,24.63999938964844,26.61000061035156,24.43000030517578,26.40999984741211,0
1488,2022-07-15,24.229999542236328,24.229999542236328,26.71999931335449,24.1299991607666,26.71999931335449,0
1489,2022-07-22,23.030000686645508,23.030000686645508,23.809999465942383,22.40999984741211,23.299999237060547,0
1490,2022-07-29,21.32999992370605,21.32999992370605,22.15999984741211,21.209999084472656,22.1299991607666,0
1491,2022-08-05,21.149999618530277,21.149999618530277,22.57999992370605,20.76000022888184,21.5,0
1492,2022-08-12,19.530000686645508,19.530000686645508,20.350000381469727,19.1200008392334,20.34000015258789,0
1493,2022-08-19,20.600000381469727,20.600000381469727,21.270000457763672,20.07999992370605,20.15999984741211,0
1494,2022-08-26,25.559999465942383,25.559999465942383,25.899999618530277,21.670000076293945,22.06999969482422,0
1495,2022-09-02,25.46999931335449,25.46999931335449,26.280000686645508,23.190000534057617,25.51000022888184,0
1496,2022-09-09,22.790000915527344,22.790000915527344,23.56999969482422,22.63999938964844,23.489999771118164,0
1497,2022-09-16,26.299999237060547,26.299999237060547,28.450000762939453,26.13999938964844,27.46999931335449,0
1498,2022-09-23,29.920000076293945,29.920000076293945,32.310001373291016,27.57999992370605,27.68000030517578,0
1499,2022-09-30,31.6200008392334,31.6200008392334,33.25,29.38999938964844,31.61000061035156,0
1500,2022-10-07,31.36000061035156,31.36000061035156,32.02000045776367,29.8799991607666,30.3700008392334,0
1501,2022-10-14,32.02000045776367,32.02000045776367,32.97999954223633,31.13999938964844,31.88999938964844,0
1502,2022-10-21,29.690000534057617,29.690000534057617,30.440000534057617,29.239999771118164,30.209999084472656,0
1503,2022-10-28,25.75,25.75,27.59000015258789,25.75,27.43000030517578,0
1504,2022-11-04,24.549999237060547,24.549999237060547,25.709999084472656,24.0,25.6299991607666,0
1505,2022-11-11,22.520000457763672,22.520000457763672,23.90999984741211,22.3700008392334,23.88999938964844,0
1506,2022-11-18,23.1200008392334,23.1200008392334,24.1200008392334,22.979999542236328,24.030000686645508,0
1507,2022-11-25,20.5,20.5,21.11000061035156,20.459999084472656,20.61000061035156,0
1508,2022-12-02,19.059999465942383,19.059999465942383,20.959999084472656,18.950000762939453,20.420000076293945,0
1509,2022-12-09,22.82999992370605,22.82999992370605,23.209999084472656,22.18000030517578,22.549999237060547,0
1510,2022-12-16,22.6200008392334,22.6200008392334,23.82999992370605,22.09000015258789,23.26000022888184,0
1511,2022-12-23,20.8700008392334,20.8700008392334,22.63999938964844,20.780000686645508,22.170000076293945,0
1512,2022-12-30,21.670000076293945,21.670000076293945,22.399999618530277,21.59000015258789,21.82999992370605,0
1513,2023-01-06,21.1299991607666,21.1299991607666,22.899999618530277,21.0,22.690000534057617,0
1514,2023-01-13,18.350000381469727,18.350000381469727,19.40999984741211,18.010000228881836,19.0,0
1515,2023-01-20,19.850000381469727,19.850000381469727,20.700000762939453,19.40999984741211,20.280000686645508,0
1516,2023-01-27,18.51000022888184,18.51000022888184,19.0,17.969999313354492,18.899999618530277,0
1517,2023-02-03,18.32999992370605,18.32999992370605,19.299999237060547,17.93000030517578,18.56999969482422,0
1518,2023-02-10,20.530000686645508,20.530000686645508,21.940000534057617,20.440000534057617,20.739999771118164,0
1519,2023-02-17,20.020000457763672,20.020000457763672,21.299999237060547,19.81999969482422,20.940000534057617,0
1520,2023-02-24,21.670000076293945,21.670000076293945,22.899999618530277,21.31999969482422,21.350000381469727,0
1521,2023-03-03,18.489999771118164,18.489999771118164,19.76000022888184,18.15999984741211,19.76000022888184,0
1522,2023-03-10,24.799999237060547,24.799999237060547,28.96999931335449,21.790000915527344,23.34000015258789,0
1523,2023-03-17,25.51000022888184,25.51000022888184,26.13999938964844,22.57999992370605,22.920000076293945,0
1524,2023-03-24,21.739999771118164,21.739999771118164,25.209999084472656,21.600000381469727,22.11000061035156,0
1525,2023-03-31,18.700000762939453,18.700000762939453,19.43000030517578,18.520000457763672,19.209999084472656,0
1526,2023-04-07,18.399999618530277,18.399999618530277,19.8799991607666,18.350000381469727,19.299999237060547,0
1527,2023-04-14,17.06999969482422,17.06999969482422,18.1200008392334,17.06999969482422,17.940000534057617,0
1528,2023-04-21,16.770000457763672,16.770000457763672,17.709999084472656,16.579999923706055,17.510000228881836,0
1529,2023-04-28,15.779999732971191,15.779999732971191,17.649999618530273,15.720000267028809,17.209999084472656,0
1530,2023-05-05,17.190000534057617,17.190000534057617,19.6299991607666,16.690000534057617,19.5,0
1531,2023-05-12,17.030000686645508,17.030000686645508,17.920000076293945,16.3799991607666,16.829999923706055,0
1532,2023-05-19,16.809999465942383,16.809999465942383,17.360000610351562,15.850000381469728,16.1299991607666,0
1533,2023-05-26,17.950000762939453,17.950000762939453,19.559999465942383,17.270000457763672,19.06999969482422,0
1534,2023-06-02,14.600000381469728,14.600000381469728,15.649999618530272,14.420000076293944,15.649999618530272,0
1535,2023-06-09,13.829999923706056,13.829999923706056,14.140000343322754,13.5,13.779999732971191,0
1536,2023-06-16,13.539999961853027,13.539999961853027,14.539999961853027,13.479999542236328,14.489999771118164,0
1537,2023-06-23,13.4399995803833,13.4399995803833,13.800000190734863,12.880000114440918,13.239999771118164,0
1538,2023-06-30,13.59000015258789,13.59000015258789,13.59000015258789,12.960000038146973,13.510000228881836,0
1539,2023-07-07,14.829999923706056,14.829999923706056,16.059999465942383,14.329999923706056,15.970000267028809,0
1540,2023-07-14,13.34000015258789,13.34000015258789,13.760000228881836,13.220000267028809,13.720000267028809,0
1541,2023-07-21,13.600000381469728,13.600000381469728,13.890000343322754,13.369999885559082,13.869999885559082,0
1542,2023-07-28,13.329999923706056,13.329999923706056,14.18000030517578,13.270000457763672,14.029999732971191,0
1543,2023-08-04,17.100000381469727,17.100000381469727,17.389999389648438,14.56999969482422,16.010000228881836,0
1544,2023-08-11,14.84000015258789,14.84000015258789,16.510000228881836,14.84000015258789,15.529999732971191,0
1545,2023-08-18,17.299999237060547,17.299999237060547,18.8799991607666,17.139999389648438,17.799999237060547,0
1546,2023-08-25,15.68000030517578,15.68000030517578,17.360000610351562,15.449999809265137,17.209999084472656,0
1547,2023-09-01,13.09000015258789,13.09000015258789,13.5600004196167,13.020000457763672,13.5600004196167,0
1548,2023-09-08,13.84000015258789,13.84000015258789,14.869999885559082,13.579999923706056,14.220000267028809,0
1549,2023-09-15,13.789999961853027,13.789999961853027,14.170000076293944,12.68000030517578,12.699999809265137,0
1550,2023-09-22,17.200000762939453,17.200000762939453,17.40999984741211,15.93000030517578,17.309999465942383,0
1551,2023-09-29,17.520000457763672,17.520000457763672,17.739999771118164,15.829999923706056,16.8700008392334,0
1552,2023-10-06,17.450000762939453,17.450000762939453,19.93000030517578,17.190000534057617,18.729999542236328,0
1553,2023-10-13,19.31999969482422,19.31999969482422,20.780000686645508,16.5,16.530000686645508,0
1554,2023-10-20,21.709999084472656,21.709999084472656,21.82999992370605,20.420000076293945,21.59000015258789,0
1555,2023-10-27,21.270000457763672,21.270000457763672,22.06999969482422,19.71999931335449,20.38999938964844,0
1556,2023-11-03,14.90999984741211,14.90999984741211,15.829999923706056,14.90999984741211,15.699999809265137,0
1557,2023-11-10,14.170000076293944,14.170000076293944,15.449999809265137,14.15999984741211,15.09000015258789,0
1558,2023-11-17,13.800000190734863,13.800000190734863,14.1899995803833,13.670000076293944,14.18000030517578,0
1559,2023-11-24,12.460000038146973,12.460000038146973,13.170000076293944,12.449999809265137,13.029999732971191,0
1560,2023-12-01,12.630000114440918,12.630000114440918,12.960000038146973,12.479999542236328,12.9399995803833,0
1561,2023-12-08,12.350000381469728,12.350000381469728,13.239999771118164,12.350000381469728,13.140000343322754,0
1562,2023-12-15,12.279999732971191,12.279999732971191,12.539999961853027,12.010000228881836,12.119999885559082,0
1563,2023-12-22,13.029999732971191,13.029999732971191,13.960000038146973,13.0,13.720000267028809,0
1564,2023-12-29,12.449999809265137,12.449999809265137,13.1899995803833,12.359999656677246,12.550000190734863,0
